name,sku,category,base_price,current_price,cost_price,stock_quantity,revenue,description,image_url
NovaTech Wireless Earbuds Lite,ELC-101,Electronics,235.49,176.12,84.67,82,22367.24,Ergonomic NovaTech Wireless Earbuds Lite from the Electronics range. Built to last with premium materials. Retails at $235.49. In stock and ready to ship.,
Skyline Audio Mechanical Keyboard Ultra,ELC-102,Electronics,415.29,322.11,228.95,21,79883.28,Compact Skyline Audio Mechanical Keyboard Ultra from the Electronics range. Designed for daily use. Retails at $415.29. In stock and ready to ship.,
NovaTech Mechanical Keyboard Max,ELC-103,Electronics,335.89,264.95,140.25,0,7948.5,Premium-quality NovaTech Mechanical Keyboard Max from the Electronics range. Perfect for professionals. Retails at $335.89. Currently out of stock - backorder available.,
NovaTech Smart Plug Lite,ELC-104,Electronics,749.87,632.67,448.25,99,132228.03,Premium-quality NovaTech Smart Plug Lite from the Electronics range. Built to last with premium materials. Retails at $749.87. In stock and ready to ship.,
NovaTech Mechanical Keyboard Lite,ELC-105,Electronics,418.99,371.57,185.34,195,210308.62,Durable NovaTech Mechanical Keyboard Lite from the Electronics range. Built to last with premium materials. Retails at $418.99. In stock and ready to ship.,
VoltEdge Wireless Mouse Smart,ELC-106,Electronics,257.54,233.09,153.01,15,225164.94,Premium-quality VoltEdge Wireless Mouse Smart from the Electronics range. Built to last with premium materials. Retails at $257.54. In stock and ready to ship.,
Skyline Audio Digital Photo Frame Elite,ELC-107,Electronics,207.1,169.79,121.47,30,170299.37,Ergonomic Skyline Audio Digital Photo Frame Elite from the Electronics range. Perfect for professionals. Retails at $207.10. In stock and ready to ship.,
Skyline Audio Mechanical Keyboard Elite,ELC-108,Electronics,212.99,195.85,118.07,212,68351.65,Lightweight Skyline Audio Mechanical Keyboard Elite from the Electronics range. Perfect for professionals. Retails at $212.99. In stock and ready to ship.,
Skyline Audio LED Monitor Pro,ELC-109,Electronics,618.64,459.59,328.81,143,121331.76,Premium-quality Skyline Audio LED Monitor Pro from the Electronics range. A customer favorite. Retails at $618.64. In stock and ready to ship.,
Skyline Audio External SSD Air,ELC-110,Electronics,466.75,345.99,220.6,67,107602.89,Ergonomic Skyline Audio External SSD Air from the Electronics range. Designed for daily use. Retails at $466.75. In stock and ready to ship.,
Skyline Audio USB-C Hub One,ELC-111,Electronics,37.13,33.63,24.0,45,3396.63,Premium-quality Skyline Audio USB-C Hub One from the Electronics range. Built to last with premium materials. Retails at $37.13. In stock and ready to ship.,
VoltEdge Power Bank One,ELC-112,Electronics,853.22,642.5,390.83,315,475450.0,Compact VoltEdge Power Bank One from the Electronics range. Perfect for professionals. Retails at $853.22. In stock and ready to ship.,
Skyline Audio Wireless Mouse Max,ELC-113,Electronics,238.15,174.52,79.64,78,102792.28,Premium-quality Skyline Audio Wireless Mouse Max from the Electronics range. Designed for daily use. Retails at $238.15. In stock and ready to ship.,
PulseCore Bluetooth Speaker Ultra,ELC-114,Electronics,265.05,216.57,132.49,366,37683.18,Lightweight PulseCore Bluetooth Speaker Ultra from the Electronics range. Built to last with premium materials. Retails at $265.05. In stock and ready to ship.,
NovaTech Bluetooth Speaker Smart,ELC-115,Electronics,331.77,266.15,188.74,0,10646.0,Premium-quality NovaTech Bluetooth Speaker Smart from the Electronics range. Designed for daily use. Retails at $331.77. Currently out of stock - backorder available.,
Apex Digital Webcam Elite,ELC-116,Electronics,724.51,537.48,272.76,29,130070.16,Premium-quality Apex Digital Webcam Elite from the Electronics range. Perfect for professionals. Retails at $724.51. In stock and ready to ship.,
Skyline Audio Bluetooth Speaker Pro,ELC-117,Electronics,593.88,491.8,223.49,124,145572.8,Lightweight Skyline Audio Bluetooth Speaker Pro from the Electronics range. Designed for daily use. Retails at $593.88. In stock and ready to ship.,
VoltEdge Mechanical Keyboard Pro,ELC-118,Electronics,887.06,685.73,469.88,2,430638.44,Compact VoltEdge Mechanical Keyboard Pro from the Electronics range. Built to last with premium materials. Retails at $887.06. In stock and ready to ship.,
NovaTech Wi-Fi Router Pro,ELC-119,Electronics,678.21,496.07,310.17,146,52583.42,Durable NovaTech Wi-Fi Router Pro from the Electronics range. Perfect for professionals. Retails at $678.21. In stock and ready to ship.,
NovaTech Digital Photo Frame Ultra,ELC-120,Electronics,529.44,385.4,182.91,79,44706.4,Compact NovaTech Digital Photo Frame Ultra from the Electronics range. Built to last with premium materials. Retails at $529.44. In stock and ready to ship.,
PulseCore Mechanical Keyboard Air,ELC-121,Electronics,611.08,476.64,259.7,15,75785.76,Compact PulseCore Mechanical Keyboard Air from the Electronics range. Built to last with premium materials. Retails at $611.08. In stock and ready to ship.,
PulseCore Digital Photo Frame Max,ELC-122,Electronics,793.75,630.16,313.39,179,91373.2,Durable PulseCore Digital Photo Frame Max from the Electronics range. A customer favorite. Retails at $793.75. In stock and ready to ship.,
NovaTech Digital Photo Frame Max,ELC-123,Electronics,673.32,505.72,270.32,25,693847.84,Compact NovaTech Digital Photo Frame Max from the Electronics range. Designed for daily use. Retails at $673.32. In stock and ready to ship.,
NovaTech Power Bank Smart,ELC-124,Electronics,749.82,546.48,300.6,45,247555.44,Durable NovaTech Power Bank Smart from the Electronics range. Designed for daily use. Retails at $749.82. In stock and ready to ship.,
PulseCore Wi-Fi Router Air,ELC-125,Electronics,398.2,290.04,162.25,28,182145.12,Ergonomic PulseCore Wi-Fi Router Air from the Electronics range. Perfect for professionals. Retails at $398.20. In stock and ready to ship.,
Skyline Audio Webcam Air,ELC-126,Electronics,834.66,640.47,319.43,23,588591.93,Durable Skyline Audio Webcam Air from the Electronics range. A customer favorite. Retails at $834.66. In stock and ready to ship.,
VoltEdge External SSD Max,ELC-127,Electronics,356.63,259.54,153.44,224,25694.46,Lightweight VoltEdge External SSD Max from the Electronics range. A customer favorite. Retails at $356.63. In stock and ready to ship.,
PulseCore E-Reader Max,ELC-128,Electronics,870.85,675.63,434.05,218,82426.86,Compact PulseCore E-Reader Max from the Electronics range. Perfect for professionals. Retails at $870.85. In stock and ready to ship.,
Skyline Audio Smart Plug Max,ELC-129,Electronics,358.96,299.85,157.85,86,426386.7,Compact Skyline Audio Smart Plug Max from the Electronics range. Perfect for professionals. Retails at $358.96. In stock and ready to ship.,
NovaTech Power Bank Elite,ELC-130,Electronics,568.37,484.64,236.21,69,72696.0,Ergonomic NovaTech Power Bank Elite from the Electronics range. Built to last with premium materials. Retails at $568.37. In stock and ready to ship.,
VoltEdge Mechanical Keyboard Smart,ELC-131,Electronics,616.03,554.77,352.09,32,332862.0,Lightweight VoltEdge Mechanical Keyboard Smart from the Electronics range. Perfect for professionals. Retails at $616.03. In stock and ready to ship.,
Apex Digital Power Bank Ultra,ELC-132,Electronics,469.82,412.85,304.66,101,348445.4,Premium-quality Apex Digital Power Bank Ultra from the Electronics range. Built to last with premium materials. Retails at $469.82. In stock and ready to ship.,
PulseCore 4K Action Camera Ultra,ELC-133,Electronics,149.66,109.14,81.33,169,209657.94,Lightweight PulseCore 4K Action Camera Ultra from the Electronics range. Perfect for professionals. Retails at $149.66. In stock and ready to ship.,
Apex Digital 4K Action Camera Air,ELC-134,Electronics,597.32,430.73,290.87,18,179183.68,Durable Apex Digital 4K Action Camera Air from the Electronics range. Designed for daily use. Retails at $597.32. In stock and ready to ship.,
Apex Digital Smartwatch One,ELC-135,Electronics,607.46,557.39,350.4,448,480470.18,Ergonomic Apex Digital Smartwatch One from the Electronics range. Perfect for professionals. Retails at $607.46. In stock and ready to ship.,
VoltEdge Webcam One,ELC-136,Electronics,416.05,362.11,254.19,184,65541.91,Compact VoltEdge Webcam One from the Electronics range. Built to last with premium materials. Retails at $416.05. In stock and ready to ship.,
PulseCore USB-C Hub Elite,ELC-137,Electronics,805.85,593.2,293.78,28,192196.8,Lightweight PulseCore USB-C Hub Elite from the Electronics range. Perfect for professionals. Retails at $805.85. In stock and ready to ship.,
NovaTech 4K Action Camera Smart,ELC-138,Electronics,362.73,317.01,232.63,0,16801.53,Ergonomic NovaTech 4K Action Camera Smart from the Electronics range. Perfect for professionals. Retails at $362.73. Currently out of stock - backorder available.,
Aurora Wear Cotton T-Shirt Relaxed,APP-101,Clothing,51.8,34.55,24.79,87,13543.6,Lightweight Aurora Wear Cotton T-Shirt Relaxed from the Clothing range. Designed for daily use. Retails at $51.80. In stock and ready to ship.,
Aurora Wear Polo Shirt Flex,APP-102,Clothing,105.07,70.53,35.23,10,7405.65,Ergonomic Aurora Wear Polo Shirt Flex from the Clothing range. Designed for daily use. Retails at $105.07. In stock and ready to ship.,
UrbanFit Windbreaker Slim,APP-103,Clothing,131.35,79.4,41.93,58,78923.6,Lightweight UrbanFit Windbreaker Slim from the Clothing range. A customer favorite. Retails at $131.35. In stock and ready to ship.,
UrbanFit Sweater Classic,APP-104,Clothing,114.85,64.96,47.78,3,34428.8,Lightweight UrbanFit Sweater Classic from the Clothing range. Designed for daily use. Retails at $114.85. In stock and ready to ship.,
Stride Apparel Hoodie Premium,APP-105,Clothing,107.92,84.19,42.12,113,12460.12,Lightweight Stride Apparel Hoodie Premium from the Clothing range. Perfect for professionals. Retails at $107.92. In stock and ready to ship.,
CottonLab Denim Jacket Essential,APP-106,Clothing,106.68,78.75,37.84,348,66701.25,Lightweight CottonLab Denim Jacket Essential from the Clothing range. A customer favorite. Retails at $106.68. In stock and ready to ship.,
UrbanFit Puffer Vest Flex,APP-107,Clothing,57.76,46.49,32.39,555,12366.34,Compact UrbanFit Puffer Vest Flex from the Clothing range. Perfect for professionals. Retails at $57.76. In stock and ready to ship.,
Aurora Wear Windbreaker Flex,APP-108,Clothing,92.94,60.1,31.47,31,65809.5,Lightweight Aurora Wear Windbreaker Flex from the Clothing range. A customer favorite. Retails at $92.94. In stock and ready to ship.,
UrbanFit Sweater Relaxed,APP-109,Clothing,35.45,21.75,14.99,736,18357.0,Durable UrbanFit Sweater Relaxed from the Clothing range. Perfect for professionals. Retails at $35.45. In stock and ready to ship.,
Aurora Wear Sweater Classic,APP-110,Clothing,23.02,14.19,9.33,89,6271.98,Ergonomic Aurora Wear Sweater Classic from the Clothing range. A customer favorite. Retails at $23.02. In stock and ready to ship.,
Nordic Threads Sweater Relaxed,APP-111,Clothing,52.92,32.77,21.84,103,23266.7,Ergonomic Nordic Threads Sweater Relaxed from the Clothing range. A customer favorite. Retails at $52.92. In stock and ready to ship.,
UrbanFit Hoodie Relaxed,APP-112,Clothing,41.84,25.26,11.47,93,8992.56,Ergonomic UrbanFit Hoodie Relaxed from the Clothing range. A customer favorite. Retails at $41.84. In stock and ready to ship.,
Aurora Wear Sweater Premium,APP-113,Clothing,57.69,48.44,25.47,64,28482.72,Ergonomic Aurora Wear Sweater Premium from the Clothing range. A customer favorite. Retails at $57.69. In stock and ready to ship.,
UrbanFit Hoodie Classic,APP-114,Clothing,88.12,59.47,37.4,154,65000.71,Ergonomic UrbanFit Hoodie Classic from the Clothing range. Perfect for professionals. Retails at $88.12. In stock and ready to ship.,
Nordic Threads Socks 6-Pack Essential,APP-115,Clothing,18.42,15.44,7.41,92,2408.64,Ergonomic Nordic Threads Socks 6-Pack Essential from the Clothing range. Designed for daily use. Retails at $18.42. In stock and ready to ship.,
CottonLab Cotton T-Shirt Premium,APP-116,Clothing,73.06,53.2,28.59,248,16651.6,Compact CottonLab Cotton T-Shirt Premium from the Clothing range. Built to last with premium materials. Retails at $73.06. In stock and ready to ship.,
Aurora Wear Denim Jacket Essential,APP-117,Clothing,41.46,24.66,13.06,185,36077.58,Lightweight Aurora Wear Denim Jacket Essential from the Clothing range. A customer favorite. Retails at $41.46. In stock and ready to ship.,
Aurora Wear Chino Pants Essential,APP-118,Clothing,85.59,58.31,36.7,203,200644.71,Ergonomic Aurora Wear Chino Pants Essential from the Clothing range. Designed for daily use. Retails at $85.59. In stock and ready to ship.,
Nordic Threads Socks 6-Pack Classic,APP-119,Clothing,116.83,70.4,42.64,34,129606.4,Lightweight Nordic Threads Socks 6-Pack Classic from the Clothing range. A customer favorite. Retails at $116.83. In stock and ready to ship.,
Nordic Threads Denim Jacket Slim,APP-120,Clothing,56.16,42.58,22.84,248,15328.8,Compact Nordic Threads Denim Jacket Slim from the Clothing range. Designed for daily use. Retails at $56.16. In stock and ready to ship.,
Aurora Wear Puffer Vest Classic,APP-121,Clothing,102.06,72.75,41.76,22,71877.0,Durable Aurora Wear Puffer Vest Classic from the Clothing range. A customer favorite. Retails at $102.06. In stock and ready to ship.,
Stride Apparel Running Leggings Relaxed,APP-122,Clothing,71.33,54.17,26.35,87,5904.53,Ergonomic Stride Apparel Running Leggings Relaxed from the Clothing range. Perfect for professionals. Retails at $71.33. In stock and ready to ship.,
UrbanFit Hoodie Classic,APP-123,Clothing,74.59,43.65,30.54,153,1658.7,Lightweight UrbanFit Hoodie Classic from the Clothing range. Built to last with premium materials. Retails at $74.59. In stock and ready to ship.,
Aurora Wear Puffer Vest Slim,APP-124,Clothing,63.69,52.64,31.71,172,49692.16,Ergonomic Aurora Wear Puffer Vest Slim from the Clothing range. A customer favorite. Retails at $63.69. In stock and ready to ship.,
UrbanFit Chino Pants Flex,APP-125,Clothing,51.79,37.6,28.19,15,8347.2,Ergonomic UrbanFit Chino Pants Flex from the Clothing range. Perfect for professionals. Retails at $51.79. In stock and ready to ship.,
Aurora Wear Polo Shirt Slim,APP-126,Clothing,147.3,91.57,51.73,52,21610.52,Lightweight Aurora Wear Polo Shirt Slim from the Clothing range. Perfect for professionals. Retails at $147.30. In stock and ready to ship.,
CottonLab Sweater Classic,APP-127,Clothing,27.66,23.22,12.76,137,13305.06,Premium-quality CottonLab Sweater Classic from the Clothing range. A customer favorite. Retails at $27.66. In stock and ready to ship.,
Stride Apparel Windbreaker Relaxed,APP-128,Clothing,97.74,79.78,47.58,89,50101.84,Durable Stride Apparel Windbreaker Relaxed from the Clothing range. Designed for daily use. Retails at $97.74. In stock and ready to ship.,
Aurora Wear Denim Jacket Flex,APP-129,Clothing,108.53,62.96,31.47,17,7744.08,Lightweight Aurora Wear Denim Jacket Flex from the Clothing range. Built to last with premium materials. Retails at $108.53. In stock and ready to ship.,
CottonLab Puffer Vest Premium,APP-130,Clothing,89.22,70.28,35.21,0,3654.56,Ergonomic CottonLab Puffer Vest Premium from the Clothing range. Built to last with premium materials. Retails at $89.22. Currently out of stock - backorder available.,
Aurora Wear Socks 6-Pack Slim,APP-131,Clothing,42.5,31.51,18.52,272,5671.8,Premium-quality Aurora Wear Socks 6-Pack Slim from the Clothing range. Perfect for professionals. Retails at $42.50. In stock and ready to ship.,
Nordic Threads Socks 6-Pack Relaxed,APP-132,Clothing,99.44,67.35,35.36,26,26131.8,Ergonomic Nordic Threads Socks 6-Pack Relaxed from the Clothing range. A customer favorite. Retails at $99.44. In stock and ready to ship.,
Stride Apparel Chino Pants Flex,APP-133,Clothing,51.32,43.28,28.02,99,27136.56,Ergonomic Stride Apparel Chino Pants Flex from the Clothing range. Perfect for professionals. Retails at $51.32. In stock and ready to ship.,
Nordic Threads Hoodie Essential,APP-134,Clothing,122.26,75.28,38.17,530,43436.56,Premium-quality Nordic Threads Hoodie Essential from the Clothing range. Designed for daily use. Retails at $122.26. In stock and ready to ship.,
Nordic Threads Sweater Classic,APP-135,Clothing,91.13,70.14,33.46,117,7154.28,Compact Nordic Threads Sweater Classic from the Clothing range. A customer favorite. Retails at $91.13. In stock and ready to ship.,
CottonLab Chino Pants Premium,APP-136,Clothing,145.42,92.86,66.03,62,65744.88,Lightweight CottonLab Chino Pants Premium from the Clothing range. A customer favorite. Retails at $145.42. In stock and ready to ship.,
UrbanFit Windbreaker Classic,APP-137,Clothing,47.01,27.6,15.47,32,16228.8,Durable UrbanFit Windbreaker Classic from the Clothing range. Perfect for professionals. Retails at $47.01. In stock and ready to ship.,
HomeCraft Kettle Elite,KIT-101,Home & Kitchen,141.27,113.37,73.04,53,61106.43,Premium-quality HomeCraft Kettle Elite from the Home & Kitchen range. Designed for daily use. Retails at $141.27. In stock and ready to ship.,
KitchenPro Slow Cooker Pro,KIT-102,Home & Kitchen,52.41,45.69,22.42,233,68763.45,Durable KitchenPro Slow Cooker Pro from the Home & Kitchen range. Perfect for professionals. Retails at $52.41. In stock and ready to ship.,
HomeCraft Slow Cooker Elite,KIT-103,Home & Kitchen,172.11,152.81,70.26,7,123928.91,Compact HomeCraft Slow Cooker Elite from the Home & Kitchen range. Designed for daily use. Retails at $172.11. In stock and ready to ship.,
Nest & Co Coffee Maker Deluxe,KIT-104,Home & Kitchen,387.75,344.03,239.88,14,257678.47,Ergonomic Nest & Co Coffee Maker Deluxe from the Home & Kitchen range. Built to last with premium materials. Retails at $387.75. In stock and ready to ship.,
Ironwood Air Fryer Deluxe,KIT-105,Home & Kitchen,141.49,97.19,69.99,0,5053.88,Durable Ironwood Air Fryer Deluxe from the Home & Kitchen range. Built to last with premium materials. Retails at $141.49. Currently out of stock - backorder available.,
Ironwood Coffee Maker Deluxe,KIT-106,Home & Kitchen,57.31,49.67,24.32,250,6606.11,Premium-quality Ironwood Coffee Maker Deluxe from the Home & Kitchen range. Designed for daily use. Retails at $57.31. In stock and ready to ship.,
Nest & Co Slow Cooker Compact,KIT-107,Home & Kitchen,212.59,143.98,86.55,283,7774.92,Premium-quality Nest & Co Slow Cooker Compact from the Home & Kitchen range. Perfect for professionals. Retails at $212.59. In stock and ready to ship.,
Nest & Co Mixing Bowl Set Pro,KIT-108,Home & Kitchen,203.74,178.77,84.39,82,25027.8,Ergonomic Nest & Co Mixing Bowl Set Pro from the Home & Kitchen range. A customer favorite. Retails at $203.74. In stock and ready to ship.,
Nest & Co Kettle Elite,KIT-109,Home & Kitchen,128.53,99.79,57.78,8,170541.11,Durable Nest & Co Kettle Elite from the Home & Kitchen range. Perfect for professionals. Retails at $128.53. In stock and ready to ship.,
Nest & Co Air Fryer Heavy-Duty,KIT-110,Home & Kitchen,145.48,111.06,63.84,44,34650.72,Lightweight Nest & Co Air Fryer Heavy-Duty from the Home & Kitchen range. Designed for daily use. Retails at $145.48. In stock and ready to ship.,
HomeCraft Chef's Knife Pro,KIT-111,Home & Kitchen,181.26,151.56,85.15,94,18187.2,Lightweight HomeCraft Chef's Knife Pro from the Home & Kitchen range. Designed for daily use. Retails at $181.26. In stock and ready to ship.,
KitchenPro Kettle Compact,KIT-112,Home & Kitchen,150.37,119.47,61.39,37,122934.63,Compact KitchenPro Kettle Compact from the Home & Kitchen range. Built to last with premium materials. Retails at $150.37. In stock and ready to ship.,
Nest & Co Toaster Elite,KIT-113,Home & Kitchen,251.22,203.66,93.25,155,12830.58,Compact Nest & Co Toaster Elite from the Home & Kitchen range. A customer favorite. Retails at $251.22. In stock and ready to ship.,
KitchenPro Nonstick Pan Set Deluxe,KIT-114,Home & Kitchen,349.89,276.97,157.94,86,191109.3,Lightweight KitchenPro Nonstick Pan Set Deluxe from the Home & Kitchen range. Perfect for professionals. Retails at $349.89. In stock and ready to ship.,
KitchenPro Blender Compact,KIT-115,Home & Kitchen,134.97,98.68,72.28,157,10953.48,Lightweight KitchenPro Blender Compact from the Home & Kitchen range. Perfect for professionals. Retails at $134.97. In stock and ready to ship.,
Ironwood Slow Cooker Heavy-Duty,KIT-116,Home & Kitchen,120.16,100.78,48.79,18,37893.28,Premium-quality Ironwood Slow Cooker Heavy-Duty from the Home & Kitchen range. Built to last with premium materials. Retails at $120.16. In stock and ready to ship.,
Nest & Co Kettle Pro,KIT-117,Home & Kitchen,17.95,13.02,6.68,33,2135.28,Durable Nest & Co Kettle Pro from the Home & Kitchen range. A customer favorite. Retails at $17.95. In stock and ready to ship.,
HomeCraft Mixing Bowl Set Pro,KIT-118,Home & Kitchen,182.93,139.93,66.24,53,79060.45,Lightweight HomeCraft Mixing Bowl Set Pro from the Home & Kitchen range. Designed for daily use. Retails at $182.93. In stock and ready to ship.,
KitchenPro Blender Elite,KIT-119,Home & Kitchen,192.13,158.01,88.26,17,52933.35,Compact KitchenPro Blender Elite from the Home & Kitchen range. A customer favorite. Retails at $192.13. In stock and ready to ship.,
ChefSelect Cutting Board Set Deluxe,KIT-120,Home & Kitchen,44.4,35.89,21.86,148,8721.27,Durable ChefSelect Cutting Board Set Deluxe from the Home & Kitchen range. Designed for daily use. Retails at $44.40. In stock and ready to ship.,
ChefSelect Slow Cooker Heavy-Duty,KIT-121,Home & Kitchen,305.45,256.57,150.01,93,499285.22,Compact ChefSelect Slow Cooker Heavy-Duty from the Home & Kitchen range. Built to last with premium materials. Retails at $305.45. In stock and ready to ship.,
Nest & Co Chef's Knife Heavy-Duty,KIT-122,Home & Kitchen,185.24,134.43,71.57,0,4301.76,Compact Nest & Co Chef's Knife Heavy-Duty from the Home & Kitchen range. Perfect for professionals. Retails at $185.24. Currently out of stock - backorder available.,
Nest & Co Nonstick Pan Set Pro,KIT-123,Home & Kitchen,156.95,113.28,72.88,9,28433.28,Premium-quality Nest & Co Nonstick Pan Set Pro from the Home & Kitchen range. Perfect for professionals. Retails at $156.95. In stock and ready to ship.,
Ironwood Air Fryer Compact,KIT-124,Home & Kitchen,247.92,192.22,141.73,88,86114.56,Compact Ironwood Air Fryer Compact from the Home & Kitchen range. A customer favorite. Retails at $247.92. In stock and ready to ship.,
KitchenPro Mixing Bowl Set Heavy-Duty,KIT-125,Home & Kitchen,313.16,256.7,119.55,41,121675.8,Compact KitchenPro Mixing Bowl Set Heavy-Duty from the Home & Kitchen range. Built to last with premium materials. Retails at $313.16. In stock and ready to ship.,
KitchenPro Chef's Knife Elite,KIT-126,Home & Kitchen,270.48,237.8,129.14,94,141728.8,Ergonomic KitchenPro Chef's Knife Elite from the Home & Kitchen range. Perfect for professionals. Retails at $270.48. In stock and ready to ship.,
KitchenPro Blender Elite,KIT-127,Home & Kitchen,50.97,41.67,25.11,0,875.07,Durable KitchenPro Blender Elite from the Home & Kitchen range. A customer favorite. Retails at $50.97. Currently out of stock - backorder available.,
Nest & Co Air Fryer Deluxe,KIT-128,Home & Kitchen,399.98,275.48,148.41,68,263634.36,Compact Nest & Co Air Fryer Deluxe from the Home & Kitchen range. Built to last with premium materials. Retails at $399.98. In stock and ready to ship.,
Ironwood Mixing Bowl Set Deluxe,KIT-129,Home & Kitchen,77.46,66.45,45.27,21,16678.95,Durable Ironwood Mixing Bowl Set Deluxe from the Home & Kitchen range. Perfect for professionals. Retails at $77.46. In stock and ready to ship.,
Ironwood Coffee Maker Heavy-Duty,KIT-130,Home & Kitchen,105.08,74.58,55.17,171,61304.76,Lightweight Ironwood Coffee Maker Heavy-Duty from the Home & Kitchen range. Perfect for professionals. Retails at $105.08. In stock and ready to ship.,
KitchenPro Mixing Bowl Set Elite,KIT-131,Home & Kitchen,218.06,194.42,135.13,26,536988.04,Ergonomic KitchenPro Mixing Bowl Set Elite from the Home & Kitchen range. Designed for daily use. Retails at $218.06. In stock and ready to ship.,
Ironwood Chef's Knife Compact,KIT-132,Home & Kitchen,47.28,32.63,19.08,51,9234.29,Premium-quality Ironwood Chef's Knife Compact from the Home & Kitchen range. A customer favorite. Retails at $47.28. In stock and ready to ship.,
ChefSelect Nonstick Pan Set Compact,KIT-133,Home & Kitchen,373.36,321.01,207.05,25,833020.95,Durable ChefSelect Nonstick Pan Set Compact from the Home & Kitchen range. Perfect for professionals. Retails at $373.36. In stock and ready to ship.,
Nest & Co Kettle Pro,KIT-134,Home & Kitchen,363.75,238.17,122.59,557,53350.08,Durable Nest & Co Kettle Pro from the Home & Kitchen range. A customer favorite. Retails at $363.75. In stock and ready to ship.,
HomeCraft Nonstick Pan Set Deluxe,KIT-135,Home & Kitchen,176.62,149.86,87.99,444,35966.4,Lightweight HomeCraft Nonstick Pan Set Deluxe from the Home & Kitchen range. Designed for daily use. Retails at $176.62. In stock and ready to ship.,
Ironwood Cutting Board Set Deluxe,KIT-136,Home & Kitchen,234.7,163.55,106.38,98,66728.4,Lightweight Ironwood Cutting Board Set Deluxe from the Home & Kitchen range. Designed for daily use. Retails at $234.70. In stock and ready to ship.,
Nest & Co Cutting Board Set Compact,KIT-137,Home & Kitchen,302.71,223.79,105.24,92,160681.22,Durable Nest & Co Cutting Board Set Compact from the Home & Kitchen range. Designed for daily use. Retails at $302.71. In stock and ready to ship.,
ComfortLine Storage Ottoman Ergonomic,FUR-101,Furniture,1229.58,914.53,625.3,181,883435.98,Compact ComfortLine Storage Ottoman Ergonomic from the Furniture range. Built to last with premium materials. Retails at $1229.58. In stock and ready to ship.,
Solid Oak Nightstand Deluxe,FUR-102,Furniture,507.6,394.67,224.75,63,226540.58,Premium-quality Solid Oak Nightstand Deluxe from the Furniture range. A customer favorite. Retails at $507.60. In stock and ready to ship.,
ComfortLine Standing Desk Ergonomic,FUR-103,Furniture,683.57,546.86,318.23,45,371317.94,Ergonomic ComfortLine Standing Desk Ergonomic from the Furniture range. A customer favorite. Retails at $683.57. In stock and ready to ship.,
Solid Oak Desk Lamp Deluxe,FUR-104,Furniture,674.37,639.83,322.56,21,136923.62,Lightweight Solid Oak Desk Lamp Deluxe from the Furniture range. Built to last with premium materials. Retails at $674.37. In stock and ready to ship.,
UrbanWood Sofa Bed Modern,FUR-105,Furniture,111.4,102.21,56.81,100,206464.2,Premium-quality UrbanWood Sofa Bed Modern from the Furniture range. Built to last with premium materials. Retails at $111.40. In stock and ready to ship.,
ErgoLiving Rug 5x7 Deluxe,FUR-106,Furniture,233.02,176.86,113.82,20,47752.2,Premium-quality ErgoLiving Rug 5x7 Deluxe from the Furniture range. Built to last with premium materials. Retails at $233.02. In stock and ready to ship.,
ErgoLiving Sofa Bed Modern,FUR-107,Furniture,505.85,389.34,287.39,0,5840.1,Ergonomic ErgoLiving Sofa Bed Modern from the Furniture range. Perfect for professionals. Retails at $505.85. Currently out of stock - backorder available.,
ErgoLiving Standing Desk Ergonomic,FUR-108,Furniture,1173.69,1028.16,528.86,34,921231.36,Compact ErgoLiving Standing Desk Ergonomic from the Furniture range. A customer favorite. Retails at $1173.69. In stock and ready to ship.,
ModernNest Bookshelf Ergonomic,FUR-109,Furniture,787.69,575.28,293.56,78,741535.92,Ergonomic ModernNest Bookshelf Ergonomic from the Furniture range. Designed for daily use. Retails at $787.69. In stock and ready to ship.,
Solid Oak Dining Table Modern,FUR-110,Furniture,1499.4,1319.05,801.6,49,59357.25,Ergonomic Solid Oak Dining Table Modern from the Furniture range. Built to last with premium materials. Retails at $1499.40. In stock and ready to ship.,
ModernNest Desk Lamp Classic,FUR-111,Furniture,1370.52,978.35,476.7,26,682888.3,Ergonomic ModernNest Desk Lamp Classic from the Furniture range. A customer favorite. Retails at $1370.52. In stock and ready to ship.,
Solid Oak Dining Table Compact,FUR-112,Furniture,970.82,813.27,396.51,75,56928.9,Ergonomic Solid Oak Dining Table Compact from the Furniture range. A customer favorite. Retails at $970.82. In stock and ready to ship.,
ErgoLiving Office Chair Deluxe,FUR-113,Furniture,167.76,157.21,107.11,18,78133.37,Ergonomic ErgoLiving Office Chair Deluxe from the Furniture range. A customer favorite. Retails at $167.76. In stock and ready to ship.,
ComfortLine Rug 5x7 Compact,FUR-114,Furniture,1216.79,1060.13,571.65,0,8481.04,Lightweight ComfortLine Rug 5x7 Compact from the Furniture range. Perfect for professionals. Retails at $1216.79. Currently out of stock - backorder available.,
UrbanWood Rug 5x7 Compact,FUR-115,Furniture,543.27,399.8,283.24,272,77961.0,Ergonomic UrbanWood Rug 5x7 Compact from the Furniture range. Designed for daily use. Retails at $543.27. In stock and ready to ship.,
ComfortLine Nightstand Modern,FUR-116,Furniture,227.65,184.94,91.04,0,10356.64,Ergonomic ComfortLine Nightstand Modern from the Furniture range. Perfect for professionals. Retails at $227.65. Currently out of stock - backorder available.,
ModernNest Bookshelf Ergonomic,FUR-117,Furniture,1403.93,1235.85,626.51,276,155717.1,Lightweight ModernNest Bookshelf Ergonomic from the Furniture range. Built to last with premium materials. Retails at $1403.93. In stock and ready to ship.,
ModernNest Floating Shelf Set Ergonomic,FUR-118,Furniture,120.54,92.86,58.43,105,15879.06,Compact ModernNest Floating Shelf Set Ergonomic from the Furniture range. Perfect for professionals. Retails at $120.54. In stock and ready to ship.,
ComfortLine Office Chair Modern,FUR-119,Furniture,124.17,104.36,58.31,45,68668.88,Ergonomic ComfortLine Office Chair Modern from the Furniture range. Designed for daily use. Retails at $124.17. In stock and ready to ship.,
ModernNest Standing Desk Modern,FUR-120,Furniture,591.13,559.62,345.48,12,189151.56,Premium-quality ModernNest Standing Desk Modern from the Furniture range. Built to last with premium materials. Retails at $591.13. In stock and ready to ship.,
ComfortLine Rug 5x7 Classic,FUR-121,Furniture,712.62,606.84,366.93,86,145641.6,Ergonomic ComfortLine Rug 5x7 Classic from the Furniture range. Perfect for professionals. Retails at $712.62. In stock and ready to ship.,
ErgoLiving Dining Table Modern,FUR-122,Furniture,1232.83,976.51,636.82,145,1359301.92,Premium-quality ErgoLiving Dining Table Modern from the Furniture range. Perfect for professionals. Retails at $1232.83. In stock and ready to ship.,
ComfortLine Floating Shelf Set Classic,FUR-123,Furniture,379.93,270.83,160.91,424,34395.41,Durable ComfortLine Floating Shelf Set Classic from the Furniture range. Designed for daily use. Retails at $379.93. In stock and ready to ship.,
ErgoLiving Standing Desk Compact,FUR-124,Furniture,77.45,60.29,29.87,31,37440.09,Durable ErgoLiving Standing Desk Compact from the Furniture range. Built to last with premium materials. Retails at $77.45. In stock and ready to ship.,
ErgoLiving Sofa Bed Modern,FUR-125,Furniture,811.93,632.04,317.26,42,1356989.88,Compact ErgoLiving Sofa Bed Modern from the Furniture range. Perfect for professionals. Retails at $811.93. In stock and ready to ship.,
ModernNest Nightstand Ergonomic,FUR-126,Furniture,859.22,649.76,482.04,40,438588.0,Compact ModernNest Nightstand Ergonomic from the Furniture range. A customer favorite. Retails at $859.22. In stock and ready to ship.,
ComfortLine Standing Desk Classic,FUR-127,Furniture,1031.09,819.64,609.85,38,579485.48,Lightweight ComfortLine Standing Desk Classic from the Furniture range. A customer favorite. Retails at $1031.09. In stock and ready to ship.,
UrbanWood Nightstand Compact,FUR-128,Furniture,1250.52,960.13,593.94,179,232351.46,Compact UrbanWood Nightstand Compact from the Furniture range. Perfect for professionals. Retails at $1250.52. In stock and ready to ship.,
Solid Oak Bookshelf Deluxe,FUR-129,Furniture,1448.54,1368.11,680.47,262,1589743.82,Compact Solid Oak Bookshelf Deluxe from the Furniture range. A customer favorite. Retails at $1448.54. In stock and ready to ship.,
ComfortLine Office Chair Deluxe,FUR-130,Furniture,995.82,754.89,506.99,25,35479.83,Compact ComfortLine Office Chair Deluxe from the Furniture range. Designed for daily use. Retails at $995.82. In stock and ready to ship.,
Solid Oak Dining Table Classic,FUR-131,Furniture,924.03,861.3,474.16,116,350549.1,Premium-quality Solid Oak Dining Table Classic from the Furniture range. A customer favorite. Retails at $924.03. In stock and ready to ship.,
ModernNest Rug 5x7 Ergonomic,FUR-132,Furniture,1091.96,768.22,423.39,100,524694.26,Lightweight ModernNest Rug 5x7 Ergonomic from the Furniture range. Perfect for professionals. Retails at $1091.96. In stock and ready to ship.,
ErgoLiving Sofa Bed Deluxe,FUR-133,Furniture,631.2,456.89,340.16,44,101429.58,Ergonomic ErgoLiving Sofa Bed Deluxe from the Furniture range. Designed for daily use. Retails at $631.20. In stock and ready to ship.,
ComfortLine Sofa Bed Compact,FUR-134,Furniture,140.07,102.19,55.39,69,68365.11,Premium-quality ComfortLine Sofa Bed Compact from the Furniture range. A customer favorite. Retails at $140.07. In stock and ready to ship.,
ComfortLine Floating Shelf Set Compact,FUR-135,Furniture,367.73,269.69,133.75,93,127563.37,Ergonomic ComfortLine Floating Shelf Set Compact from the Furniture range. Built to last with premium materials. Retails at $367.73. In stock and ready to ship.,
ModernNest Floating Shelf Set Deluxe,FUR-136,Furniture,811.97,675.59,377.34,172,293206.06,Ergonomic ModernNest Floating Shelf Set Deluxe from the Furniture range. Perfect for professionals. Retails at $811.97. In stock and ready to ship.,
Solid Oak Nightstand Classic,FUR-137,Furniture,758.79,701.67,409.53,0,8420.04,Lightweight Solid Oak Nightstand Classic from the Furniture range. Perfect for professionals. Retails at $758.79. Currently out of stock - backorder available.,
OutdoorPro Yoga Mat Compact,SPO-101,Sports & Outdoors,167.2,138.1,92.11,698,64078.4,Compact OutdoorPro Yoga Mat Compact from the Sports & Outdoors range. Designed for daily use. Retails at $167.20. In stock and ready to ship.,
OutdoorPro Yoga Mat Pro,SPO-102,Sports & Outdoors,345.28,252.81,135.54,9,13904.55,Lightweight OutdoorPro Yoga Mat Pro from the Sports & Outdoors range. Perfect for professionals. Retails at $345.28. In stock and ready to ship.,
FlexMotion Resistance Bands Compact,SPO-103,Sports & Outdoors,55.21,46.42,22.54,52,14900.82,Lightweight FlexMotion Resistance Bands Compact from the Sports & Outdoors range. Perfect for professionals. Retails at $55.21. In stock and ready to ship.,
PeakForce Camping Tent Extreme,SPO-104,Sports & Outdoors,127.68,86.46,63.22,34,19885.8,Premium-quality PeakForce Camping Tent Extreme from the Sports & Outdoors range. Perfect for professionals. Retails at $127.68. In stock and ready to ship.,
OutdoorPro Yoga Mat Flex,SPO-105,Sports & Outdoors,261.77,186.55,97.06,67,565992.7,Compact OutdoorPro Yoga Mat Flex from the Sports & Outdoors range. A customer favorite. Retails at $261.77. In stock and ready to ship.,
PeakForce Insulated Bottle Flex,SPO-106,Sports & Outdoors,345.13,257.45,147.79,86,169144.65,Lightweight PeakForce Insulated Bottle Flex from the Sports & Outdoors range. Perfect for professionals. Retails at $345.13. In stock and ready to ship.,
TrailBlazer Dumbbell Set Extreme,SPO-107,Sports & Outdoors,277.16,191.03,109.82,25,56926.94,Compact TrailBlazer Dumbbell Set Extreme from the Sports & Outdoors range. Built to last with premium materials. Retails at $277.16. In stock and ready to ship.,
FlexMotion Yoga Mat Compact,SPO-108,Sports & Outdoors,150.3,107.71,65.6,33,11632.68,Compact FlexMotion Yoga Mat Compact from the Sports & Outdoors range. Designed for daily use. Retails at $150.30. In stock and ready to ship.,
OutdoorPro Camping Tent Pro,SPO-109,Sports & Outdoors,101.27,79.86,50.38,5,77064.9,Lightweight OutdoorPro Camping Tent Pro from the Sports & Outdoors range. Built to last with premium materials. Retails at $101.27. In stock and ready to ship.,
SummitGear Insulated Bottle Pro,SPO-110,Sports & Outdoors,82.0,53.56,36.02,231,17085.64,Compact SummitGear Insulated Bottle Pro from the Sports & Outdoors range. A customer favorite. Retails at $82.00. In stock and ready to ship.,
FlexMotion Sleeping Bag Compact,SPO-111,Sports & Outdoors,230.56,158.25,88.29,48,316341.75,Compact FlexMotion Sleeping Bag Compact from the Sports & Outdoors range. Built to last with premium materials. Retails at $230.56. In stock and ready to ship.,
SummitGear Dumbbell Set Extreme,SPO-112,Sports & Outdoors,25.53,21.49,14.45,0,752.15,Ergonomic SummitGear Dumbbell Set Extreme from the Sports & Outdoors range. Perfect for professionals. Retails at $25.53. Currently out of stock - backorder available.,
SummitGear Hiking Backpack Flex,SPO-113,Sports & Outdoors,122.14,86.27,60.39,168,3364.53,Lightweight SummitGear Hiking Backpack Flex from the Sports & Outdoors range. Perfect for professionals. Retails at $122.14. In stock and ready to ship.,
PeakForce Dumbbell Set Flex,SPO-114,Sports & Outdoors,57.58,43.36,21.91,88,3208.64,Premium-quality PeakForce Dumbbell Set Flex from the Sports & Outdoors range. Built to last with premium materials. Retails at $57.58. In stock and ready to ship.,
TrailBlazer Camping Tent Compact,SPO-115,Sports & Outdoors,165.03,101.81,65.29,56,93257.96,Compact TrailBlazer Camping Tent Compact from the Sports & Outdoors range. Designed for daily use. Retails at $165.03. In stock and ready to ship.,
OutdoorPro Fitness Tracker Flex,SPO-116,Sports & Outdoors,46.38,29.08,14.38,87,6048.64,Compact OutdoorPro Fitness Tracker Flex from the Sports & Outdoors range. Perfect for professionals. Retails at $46.38. In stock and ready to ship.,
FlexMotion Cooler 24L Flex,SPO-117,Sports & Outdoors,346.67,229.93,150.65,516,151523.87,Lightweight FlexMotion Cooler 24L Flex from the Sports & Outdoors range. Perfect for professionals. Retails at $346.67. In stock and ready to ship.,
OutdoorPro Sleeping Bag Pro,SPO-118,Sports & Outdoors,226.48,180.46,85.68,100,155736.98,Compact OutdoorPro Sleeping Bag Pro from the Sports & Outdoors range. Designed for daily use. Retails at $226.48. In stock and ready to ship.,
TrailBlazer Insulated Bottle Compact,SPO-119,Sports & Outdoors,201.58,122.81,89.48,349,40895.73,Durable TrailBlazer Insulated Bottle Compact from the Sports & Outdoors range. Built to last with premium materials. Retails at $201.58. In stock and ready to ship.,
OutdoorPro Fitness Tracker Compact,SPO-120,Sports & Outdoors,122.78,99.64,49.02,155,20525.84,Compact OutdoorPro Fitness Tracker Compact from the Sports & Outdoors range. Perfect for professionals. Retails at $122.78. In stock and ready to ship.,
SummitGear Yoga Mat Trail,SPO-121,Sports & Outdoors,276.4,200.71,104.06,49,102562.81,Ergonomic SummitGear Yoga Mat Trail from the Sports & Outdoors range. A customer favorite. Retails at $276.40. In stock and ready to ship.,
PeakForce Resistance Bands Pro,SPO-122,Sports & Outdoors,101.1,71.42,48.93,48,19354.82,Premium-quality PeakForce Resistance Bands Pro from the Sports & Outdoors range. Built to last with premium materials. Retails at $101.10. In stock and ready to ship.,
TrailBlazer Hiking Backpack Extreme,SPO-123,Sports & Outdoors,162.6,122.82,70.3,0,2947.68,Premium-quality TrailBlazer Hiking Backpack Extreme from the Sports & Outdoors range. A customer favorite. Retails at $162.60. Currently out of stock - backorder available.,
FlexMotion Yoga Mat Trail,SPO-124,Sports & Outdoors,150.69,123.29,82.29,75,22808.65,Compact FlexMotion Yoga Mat Trail from the Sports & Outdoors range. Perfect for professionals. Retails at $150.69. In stock and ready to ship.,
PeakForce Resistance Bands Flex,SPO-125,Sports & Outdoors,157.78,113.27,67.43,0,2038.86,Durable PeakForce Resistance Bands Flex from the Sports & Outdoors range. Perfect for professionals. Retails at $157.78. Currently out of stock - backorder available.,
OutdoorPro Cooler 24L Flex,SPO-126,Sports & Outdoors,165.66,105.68,47.77,188,129352.32,Lightweight OutdoorPro Cooler 24L Flex from the Sports & Outdoors range. Built to last with premium materials. Retails at $165.66. In stock and ready to ship.,
SummitGear Dumbbell Set Compact,SPO-127,Sports & Outdoors,332.06,217.91,118.6,232,169533.98,Ergonomic SummitGear Dumbbell Set Compact from the Sports & Outdoors range. Built to last with premium materials. Retails at $332.06. In stock and ready to ship.,
SummitGear Fitness Tracker Trail,SPO-128,Sports & Outdoors,287.6,204.2,98.87,97,164585.2,Lightweight SummitGear Fitness Tracker Trail from the Sports & Outdoors range. Built to last with premium materials. Retails at $287.60. In stock and ready to ship.,
FlexMotion Insulated Bottle Pro,SPO-129,Sports & Outdoors,288.44,237.32,135.92,92,248948.68,Lightweight FlexMotion Insulated Bottle Pro from the Sports & Outdoors range. Designed for daily use. Retails at $288.44. In stock and ready to ship.,
FlexMotion Cooler 24L Extreme,SPO-130,Sports & Outdoors,207.95,155.88,113.33,56,235067.04,Premium-quality FlexMotion Cooler 24L Extreme from the Sports & Outdoors range. Designed for daily use. Retails at $207.95. In stock and ready to ship.,
PeakForce Dumbbell Set Flex,SPO-131,Sports & Outdoors,229.97,140.83,104.93,31,230961.2,Premium-quality PeakForce Dumbbell Set Flex from the Sports & Outdoors range. Designed for daily use. Retails at $229.97. In stock and ready to ship.,
SummitGear Camping Tent Compact,SPO-132,Sports & Outdoors,263.92,199.59,130.99,42,217752.69,Durable SummitGear Camping Tent Compact from the Sports & Outdoors range. A customer favorite. Retails at $263.92. In stock and ready to ship.,
TrailBlazer Sleeping Bag Pro,SPO-133,Sports & Outdoors,110.44,94.73,45.07,129,10893.95,Ergonomic TrailBlazer Sleeping Bag Pro from the Sports & Outdoors range. Perfect for professionals. Retails at $110.44. In stock and ready to ship.,
SummitGear Sleeping Bag Pro,SPO-134,Sports & Outdoors,158.97,126.4,68.97,129,279470.4,Durable SummitGear Sleeping Bag Pro from the Sports & Outdoors range. Built to last with premium materials. Retails at $158.97. In stock and ready to ship.,
OutdoorPro Hiking Backpack Compact,SPO-135,Sports & Outdoors,64.44,48.77,35.97,53,30042.32,Premium-quality OutdoorPro Hiking Backpack Compact from the Sports & Outdoors range. Built to last with premium materials. Retails at $64.44. In stock and ready to ship.,
FlexMotion Cooler 24L Extreme,SPO-136,Sports & Outdoors,142.19,113.37,58.02,27,41380.05,Lightweight FlexMotion Cooler 24L Extreme from the Sports & Outdoors range. A customer favorite. Retails at $142.19. In stock and ready to ship.,
OutdoorPro Fitness Tracker Compact,SPO-137,Sports & Outdoors,143.45,90.66,50.37,10,58566.36,Compact OutdoorPro Fitness Tracker Compact from the Sports & Outdoors range. Designed for daily use. Retails at $143.45. In stock and ready to ship.,
LeatherWorks Keychain Set Classic,ACC-101,Accessories,30.32,22.98,13.86,22,2091.18,Durable LeatherWorks Keychain Set Classic from the Accessories range. Built to last with premium materials. Retails at $30.32. In stock and ready to ship.,
SilverLine Keychain Set Slim,ACC-102,Accessories,30.82,24.74,15.73,348,4255.28,Ergonomic SilverLine Keychain Set Slim from the Accessories range. Perfect for professionals. Retails at $30.82. In stock and ready to ship.,
SilverLine Belt Premium,ACC-103,Accessories,94.63,64.65,32.34,136,4978.05,Ergonomic SilverLine Belt Premium from the Accessories range. Perfect for professionals. Retails at $94.63. In stock and ready to ship.,
CraftLeather Scarf Classic,ACC-104,Accessories,77.86,49.08,30.08,92,43975.68,Durable CraftLeather Scarf Classic from the Accessories range. Perfect for professionals. Retails at $77.86. In stock and ready to ship.,
MetroStyle Watch Band Vintage,ACC-105,Accessories,114.72,64.21,33.96,8,267563.07,Ergonomic MetroStyle Watch Band Vintage from the Accessories range. Perfect for professionals. Retails at $114.72. In stock and ready to ship.,
LeatherWorks Cap Slim,ACC-106,Accessories,103.74,82.38,56.98,77,14416.5,Ergonomic LeatherWorks Cap Slim from the Accessories range. Designed for daily use. Retails at $103.74. In stock and ready to ship.,
LeatherWorks Laptop Sleeve Classic,ACC-107,Accessories,129.07,104.56,51.03,12,447830.48,Lightweight LeatherWorks Laptop Sleeve Classic from the Accessories range. Perfect for professionals. Retails at $129.07. In stock and ready to ship.,
LeatherWorks Cap Vintage,ACC-108,Accessories,84.58,56.04,26.49,155,92017.68,Compact LeatherWorks Cap Vintage from the Accessories range. Perfect for professionals. Retails at $84.58. In stock and ready to ship.,
SilverLine Phone Case Minimal,ACC-109,Accessories,8.29,6.48,4.34,52,2015.28,Ergonomic SilverLine Phone Case Minimal from the Accessories range. Perfect for professionals. Retails at $8.29. In stock and ready to ship.,
LeatherWorks Laptop Sleeve Slim,ACC-110,Accessories,68.35,44.21,23.66,286,6056.77,Lightweight LeatherWorks Laptop Sleeve Slim from the Accessories range. Built to last with premium materials. Retails at $68.35. In stock and ready to ship.,
LeatherWorks Keychain Set Slim,ACC-111,Accessories,114.67,93.22,44.56,89,82499.7,Durable LeatherWorks Keychain Set Slim from the Accessories range. Perfect for professionals. Retails at $114.67. In stock and ready to ship.,
MetroStyle Canvas Backpack Classic,ACC-112,Accessories,34.03,19.51,12.25,60,5794.47,Lightweight MetroStyle Canvas Backpack Classic from the Accessories range. Built to last with premium materials. Retails at $34.03. In stock and ready to ship.,
SilverLine Canvas Backpack Slim,ACC-113,Accessories,54.72,42.09,20.23,153,113558.82,Durable SilverLine Canvas Backpack Slim from the Accessories range. Built to last with premium materials. Retails at $54.72. In stock and ready to ship.,
MetroStyle Scarf Minimal,ACC-114,Accessories,9.02,6.72,3.91,88,1666.56,Durable MetroStyle Scarf Minimal from the Accessories range. Designed for daily use. Retails at $9.02. In stock and ready to ship.,
MetroStyle Sunglasses Classic,ACC-115,Accessories,79.92,53.16,39.28,26,4305.96,Ergonomic MetroStyle Sunglasses Classic from the Accessories range. A customer favorite. Retails at $79.92. In stock and ready to ship.,
MetroStyle Keychain Set Slim,ACC-116,Accessories,71.16,50.02,33.73,364,5302.12,Ergonomic MetroStyle Keychain Set Slim from the Accessories range. Designed for daily use. Retails at $71.16. In stock and ready to ship.,
CraftLeather Leather Wallet Vintage,ACC-117,Accessories,121.93,71.89,50.92,29,10567.83,Premium-quality CraftLeather Leather Wallet Vintage from the Accessories range. Designed for daily use. Retails at $121.93. In stock and ready to ship.,
SilverLine Scarf Vintage,ACC-118,Accessories,84.68,59.3,34.08,12,31488.3,Compact SilverLine Scarf Vintage from the Accessories range. Designed for daily use. Retails at $84.68. In stock and ready to ship.,
CraftLeather Watch Band Slim,ACC-119,Accessories,73.43,48.99,31.37,96,69810.75,Durable CraftLeather Watch Band Slim from the Accessories range. Designed for daily use. Retails at $73.43. In stock and ready to ship.,
LeatherWorks Canvas Backpack Premium,ACC-120,Accessories,22.14,16.24,7.58,95,3783.92,Compact LeatherWorks Canvas Backpack Premium from the Accessories range. Built to last with premium materials. Retails at $22.14. In stock and ready to ship.,
UrbanCase Sunglasses Vintage,ACC-121,Accessories,97.41,57.03,41.06,50,35472.66,Ergonomic UrbanCase Sunglasses Vintage from the Accessories range. A customer favorite. Retails at $97.41. In stock and ready to ship.,
MetroStyle Belt Minimal,ACC-122,Accessories,28.35,16.93,11.55,96,1997.74,Durable MetroStyle Belt Minimal from the Accessories range. Built to last with premium materials. Retails at $28.35. In stock and ready to ship.,
MetroStyle Scarf Premium,ACC-123,Accessories,35.38,22.09,16.01,280,1192.86,Premium-quality MetroStyle Scarf Premium from the Accessories range. Built to last with premium materials. Retails at $35.38. In stock and ready to ship.,
LeatherWorks Scarf Classic,ACC-124,Accessories,124.39,70.99,41.85,175,31377.58,Durable LeatherWorks Scarf Classic from the Accessories range. A customer favorite. Retails at $124.39. In stock and ready to ship.,
CraftLeather Keychain Set Minimal,ACC-125,Accessories,37.59,24.83,18.41,466,14798.68,Durable CraftLeather Keychain Set Minimal from the Accessories range. Designed for daily use. Retails at $37.59. In stock and ready to ship.,
SilverLine Leather Wallet Slim,ACC-126,Accessories,74.06,54.86,36.1,0,1261.78,Lightweight SilverLine Leather Wallet Slim from the Accessories range. A customer favorite. Retails at $74.06. Currently out of stock - backorder available.,
MetroStyle Watch Band Minimal,ACC-127,Accessories,127.93,86.47,63.85,26,12538.15,Ergonomic MetroStyle Watch Band Minimal from the Accessories range. Perfect for professionals. Retails at $127.93. In stock and ready to ship.,
UrbanCase Belt Classic,ACC-128,Accessories,78.84,55.32,35.47,80,30702.6,Compact UrbanCase Belt Classic from the Accessories range. A customer favorite. Retails at $78.84. In stock and ready to ship.,
UrbanCase Laptop Sleeve Vintage,ACC-129,Accessories,46.79,29.55,13.96,237,5850.9,Lightweight UrbanCase Laptop Sleeve Vintage from the Accessories range. A customer favorite. Retails at $46.79. In stock and ready to ship.,
SilverLine Canvas Backpack Minimal,ACC-130,Accessories,51.7,40.38,23.65,153,39451.26,Durable SilverLine Canvas Backpack Minimal from the Accessories range. A customer favorite. Retails at $51.70. In stock and ready to ship.,
LeatherWorks Canvas Backpack Slim,ACC-131,Accessories,126.13,84.36,39.2,138,42095.64,Premium-quality LeatherWorks Canvas Backpack Slim from the Accessories range. Perfect for professionals. Retails at $126.13. In stock and ready to ship.,
MetroStyle Sunglasses Classic,ACC-132,Accessories,9.45,7.55,5.62,176,5707.8,Ergonomic MetroStyle Sunglasses Classic from the Accessories range. A customer favorite. Retails at $9.45. In stock and ready to ship.,
MetroStyle Leather Wallet Classic,ACC-133,Accessories,32.12,23.89,16.55,42,9532.11,Lightweight MetroStyle Leather Wallet Classic from the Accessories range. Built to last with premium materials. Retails at $32.12. In stock and ready to ship.,
UrbanCase Watch Band Slim,ACC-134,Accessories,41.54,28.41,14.05,124,11250.36,Lightweight UrbanCase Watch Band Slim from the Accessories range. Designed for daily use. Retails at $41.54. In stock and ready to ship.,
MetroStyle Keychain Set Premium,ACC-135,Accessories,24.73,15.08,10.79,232,12938.64,Ergonomic MetroStyle Keychain Set Premium from the Accessories range. Perfect for professionals. Retails at $24.73. In stock and ready to ship.,
UrbanCase Cap Minimal,ACC-136,Accessories,47.23,29.81,13.65,7,11148.94,Ergonomic UrbanCase Cap Minimal from the Accessories range. Built to last with premium materials. Retails at $47.23. In stock and ready to ship.,
LeatherWorks Canvas Backpack Slim,ACC-137,Accessories,88.13,55.52,38.58,159,5718.56,Compact LeatherWorks Canvas Backpack Slim from the Accessories range. Designed for daily use. Retails at $88.13. In stock and ready to ship.,
AromaEssence Lip Balm Set Hydrating,BPC-101,Beauty & Personal Care,34.42,28.81,20.2,463,1699.79,Premium-quality AromaEssence Lip Balm Set Hydrating from the Beauty & Personal Care range. Perfect for professionals. Retails at $34.42. In stock and ready to ship.,
PureGlow Electric Toothbrush Hydrating,BPC-102,Beauty & Personal Care,45.87,29.02,19.3,174,41324.48,Lightweight PureGlow Electric Toothbrush Hydrating from the Beauty & Personal Care range. Designed for daily use. Retails at $45.87. In stock and ready to ship.,
AromaEssence Hair Dryer Gentle,BPC-103,Beauty & Personal Care,33.33,21.31,15.65,133,10335.35,Compact AromaEssence Hair Dryer Gentle from the Beauty & Personal Care range. A customer favorite. Retails at $33.33. In stock and ready to ship.,
VelvetSkin Shampoo Set Daily,BPC-104,Beauty & Personal Care,190.11,159.16,90.32,770,379278.28,Durable VelvetSkin Shampoo Set Daily from the Beauty & Personal Care range. A customer favorite. Retails at $190.11. In stock and ready to ship.,
PureGlow Perfume Gentle,BPC-105,Beauty & Personal Care,196.59,126.21,90.32,198,168742.77,Compact PureGlow Perfume Gentle from the Beauty & Personal Care range. Built to last with premium materials. Retails at $196.59. In stock and ready to ship.,
VelvetSkin Moisturizer Gentle,BPC-106,Beauty & Personal Care,56.52,35.44,15.96,279,9037.2,Premium-quality VelvetSkin Moisturizer Gentle from the Beauty & Personal Care range. Perfect for professionals. Retails at $56.52. In stock and ready to ship.,
BotanicBloom Perfume Pro,BPC-107,Beauty & Personal Care,94.09,75.25,34.62,0,1429.75,Premium-quality BotanicBloom Perfume Pro from the Beauty & Personal Care range. Designed for daily use. Retails at $94.09. Currently out of stock - backorder available.,
AromaEssence Shampoo Set Intense,BPC-108,Beauty & Personal Care,38.04,23.54,17.24,45,13135.32,Premium-quality AromaEssence Shampoo Set Intense from the Beauty & Personal Care range. Designed for daily use. Retails at $38.04. In stock and ready to ship.,
AromaEssence Perfume Pro,BPC-109,Beauty & Personal Care,85.98,63.5,46.21,102,8128.0,Ergonomic AromaEssence Perfume Pro from the Beauty & Personal Care range. Perfect for professionals. Retails at $85.98. In stock and ready to ship.,
VelvetSkin Facial Serum Gentle,BPC-110,Beauty & Personal Care,7.73,4.81,3.35,64,481.0,Premium-quality VelvetSkin Facial Serum Gentle from the Beauty & Personal Care range. Perfect for professionals. Retails at $7.73. In stock and ready to ship.,
PureGlow Hair Dryer Intense,BPC-111,Beauty & Personal Care,97.88,80.63,42.69,47,25317.82,Premium-quality PureGlow Hair Dryer Intense from the Beauty & Personal Care range. A customer favorite. Retails at $97.88. In stock and ready to ship.,
LuxeCare Bath Set Gentle,BPC-112,Beauty & Personal Care,50.65,33.79,15.83,94,7568.96,Ergonomic LuxeCare Bath Set Gentle from the Beauty & Personal Care range. Built to last with premium materials. Retails at $50.65. In stock and ready to ship.,
BotanicBloom Facial Serum Intense,BPC-113,Beauty & Personal Care,164.94,116.23,70.98,44,44748.55,Premium-quality BotanicBloom Facial Serum Intense from the Beauty & Personal Care range. Built to last with premium materials. Retails at $164.94. In stock and ready to ship.,
PureGlow Bath Set Pro,BPC-114,Beauty & Personal Care,190.16,122.04,62.68,102,94214.88,Ergonomic PureGlow Bath Set Pro from the Beauty & Personal Care range. A customer favorite. Retails at $190.16. In stock and ready to ship.,
AromaEssence Moisturizer Daily,BPC-115,Beauty & Personal Care,81.89,57.27,31.37,35,85103.22,Ergonomic AromaEssence Moisturizer Daily from the Beauty & Personal Care range. Perfect for professionals. Retails at $81.89. In stock and ready to ship.,
PureGlow Face Roller Pro,BPC-116,Beauty & Personal Care,35.59,26.59,18.02,417,4094.86,Ergonomic PureGlow Face Roller Pro from the Beauty & Personal Care range. A customer favorite. Retails at $35.59. In stock and ready to ship.,
LuxeCare Hair Dryer Intense,BPC-117,Beauty & Personal Care,133.36,99.09,58.65,41,67083.93,Lightweight LuxeCare Hair Dryer Intense from the Beauty & Personal Care range. A customer favorite. Retails at $133.36. In stock and ready to ship.,
VelvetSkin Facial Serum Intense,BPC-118,Beauty & Personal Care,184.71,152.25,69.44,39,58464.0,Premium-quality VelvetSkin Facial Serum Intense from the Beauty & Personal Care range. Built to last with premium materials. Retails at $184.71. In stock and ready to ship.,
VelvetSkin Hair Dryer Intense,BPC-119,Beauty & Personal Care,156.38,106.37,71.12,16,141897.58,Lightweight VelvetSkin Hair Dryer Intense from the Beauty & Personal Care range. A customer favorite. Retails at $156.38. In stock and ready to ship.,
PureGlow Sunscreen SPF50 Pro,BPC-120,Beauty & Personal Care,19.65,15.28,8.73,74,4568.72,Compact PureGlow Sunscreen SPF50 Pro from the Beauty & Personal Care range. Perfect for professionals. Retails at $19.65. In stock and ready to ship.,
BotanicBloom Face Roller Daily,BPC-121,Beauty & Personal Care,138.46,91.45,54.56,348,42158.45,Compact BotanicBloom Face Roller Daily from the Beauty & Personal Care range. Designed for daily use. Retails at $138.46. In stock and ready to ship.,
AromaEssence Facial Serum Intense,BPC-122,Beauty & Personal Care,16.57,13.48,9.22,33,1280.6,Ergonomic AromaEssence Facial Serum Intense from the Beauty & Personal Care range. Designed for daily use. Retails at $16.57. In stock and ready to ship.,
PureGlow Bath Set Pro,BPC-123,Beauty & Personal Care,131.93,98.99,44.8,152,32369.73,Compact PureGlow Bath Set Pro from the Beauty & Personal Care range. Perfect for professionals. Retails at $131.93. In stock and ready to ship.,
AromaEssence Perfume Intense,BPC-124,Beauty & Personal Care,65.3,47.68,30.38,88,5864.64,Lightweight AromaEssence Perfume Intense from the Beauty & Personal Care range. Designed for daily use. Retails at $65.30. In stock and ready to ship.,
AromaEssence Hair Dryer Gentle,BPC-125,Beauty & Personal Care,173.26,115.27,76.46,42,77000.36,Durable AromaEssence Hair Dryer Gentle from the Beauty & Personal Care range. Designed for daily use. Retails at $173.26. In stock and ready to ship.,
LuxeCare Hair Dryer Gentle,BPC-126,Beauty & Personal Care,182.02,127.62,85.64,23,124557.12,Lightweight LuxeCare Hair Dryer Gentle from the Beauty & Personal Care range. A customer favorite. Retails at $182.02. In stock and ready to ship.,
BotanicBloom Hair Dryer Pro,BPC-127,Beauty & Personal Care,169.23,138.62,69.91,25,520656.72,Durable BotanicBloom Hair Dryer Pro from the Beauty & Personal Care range. A customer favorite. Retails at $169.23. In stock and ready to ship.,
PureGlow Perfume Gentle,BPC-128,Beauty & Personal Care,50.09,40.97,23.6,37,15363.75,Premium-quality PureGlow Perfume Gentle from the Beauty & Personal Care range. Designed for daily use. Retails at $50.09. In stock and ready to ship.,
LuxeCare Perfume Hydrating,BPC-129,Beauty & Personal Care,30.11,23.19,14.12,152,33811.02,Ergonomic LuxeCare Perfume Hydrating from the Beauty & Personal Care range. Perfect for professionals. Retails at $30.11. In stock and ready to ship.,
VelvetSkin Electric Toothbrush Pro,BPC-130,Beauty & Personal Care,157.33,113.58,72.61,11,42478.92,Premium-quality VelvetSkin Electric Toothbrush Pro from the Beauty & Personal Care range. Built to last with premium materials. Retails at $157.33. In stock and ready to ship.,
BotanicBloom Face Roller Intense,BPC-131,Beauty & Personal Care,84.84,71.38,40.33,0,1070.7,Compact BotanicBloom Face Roller Intense from the Beauty & Personal Care range. Designed for daily use. Retails at $84.84. Currently out of stock - backorder available.,
AromaEssence Sunscreen SPF50 Pro,BPC-132,Beauty & Personal Care,10.45,6.28,4.21,187,640.56,Compact AromaEssence Sunscreen SPF50 Pro from the Beauty & Personal Care range. Built to last with premium materials. Retails at $10.45. In stock and ready to ship.,
PureGlow Facial Serum Gentle,BPC-133,Beauty & Personal Care,190.04,135.69,82.24,44,51155.13,Durable PureGlow Facial Serum Gentle from the Beauty & Personal Care range. Perfect for professionals. Retails at $190.04. In stock and ready to ship.,
PureGlow Perfume Pro,BPC-134,Beauty & Personal Care,147.33,93.23,62.48,24,49132.21,Compact PureGlow Perfume Pro from the Beauty & Personal Care range. Designed for daily use. Retails at $147.33. In stock and ready to ship.,
BotanicBloom Facial Serum Daily,BPC-135,Beauty & Personal Care,133.13,80.54,52.91,40,30846.82,Premium-quality BotanicBloom Facial Serum Daily from the Beauty & Personal Care range. A customer favorite. Retails at $133.13. In stock and ready to ship.,
LuxeCare Moisturizer Hydrating,BPC-136,Beauty & Personal Care,59.1,44.41,21.81,26,8882.0,Ergonomic LuxeCare Moisturizer Hydrating from the Beauty & Personal Care range. Built to last with premium materials. Retails at $59.10. In stock and ready to ship.,
AromaEssence Face Roller Gentle,BPC-137,Beauty & Personal Care,37.94,27.96,20.22,63,2320.68,Lightweight AromaEssence Face Roller Gentle from the Beauty & Personal Care range. Built to last with premium materials. Retails at $37.94. In stock and ready to ship.,
PlayWorld Robot Kit Classic,TOY-101,Toys & Games,183.37,123.83,65.23,61,8048.95,Compact PlayWorld Robot Kit Classic from the Toys & Games range. Perfect for professionals. Retails at $183.37. In stock and ready to ship.,
PlayWorld Remote Car Classic,TOY-102,Toys & Games,11.32,7.75,4.99,12,2239.75,Premium-quality PlayWorld Remote Car Classic from the Toys & Games range. Perfect for professionals. Retails at $11.32. In stock and ready to ship.,
GameCraft Art Set Deluxe,TOY-103,Toys & Games,210.4,173.05,102.7,159,65066.8,Lightweight GameCraft Art Set Deluxe from the Toys & Games range. Built to last with premium materials. Retails at $210.40. In stock and ready to ship.,
ToyTrove RC Drone Deluxe,TOY-104,Toys & Games,156.33,135.33,96.62,278,45470.88,Lightweight ToyTrove RC Drone Deluxe from the Toys & Games range. Designed for daily use. Retails at $156.33. In stock and ready to ship.,
PlayWorld Puzzle 1000pc Deluxe,TOY-105,Toys & Games,11.97,10.38,6.31,114,4650.24,Ergonomic PlayWorld Puzzle 1000pc Deluxe from the Toys & Games range. Designed for daily use. Retails at $11.97. In stock and ready to ship.,
GameCraft Plush Bear Junior,TOY-106,Toys & Games,92.32,75.62,42.76,13,11267.38,Lightweight GameCraft Plush Bear Junior from the Toys & Games range. Perfect for professionals. Retails at $92.32. In stock and ready to ship.,
FunFactory Remote Car Junior,TOY-107,Toys & Games,116.04,92.05,43.85,55,60200.7,Ergonomic FunFactory Remote Car Junior from the Toys & Games range. A customer favorite. Retails at $116.04. In stock and ready to ship.,
ToyTrove Robot Kit Pro,TOY-108,Toys & Games,166.75,127.41,70.36,17,94028.58,Compact ToyTrove Robot Kit Pro from the Toys & Games range. Perfect for professionals. Retails at $166.75. In stock and ready to ship.,
PlayWorld Remote Car Pro,TOY-109,Toys & Games,9.52,7.03,4.5,76,2636.25,Lightweight PlayWorld Remote Car Pro from the Toys & Games range. Designed for daily use. Retails at $9.52. In stock and ready to ship.,
BrightKids Chess Set Pro,TOY-110,Toys & Games,54.19,47.83,27.16,434,6074.41,Ergonomic BrightKids Chess Set Pro from the Toys & Games range. Designed for daily use. Retails at $54.19. In stock and ready to ship.,
GameCraft Art Set Mega,TOY-111,Toys & Games,239.43,163.69,98.16,229,79062.27,Durable GameCraft Art Set Mega from the Toys & Games range. Built to last with premium materials. Retails at $239.43. In stock and ready to ship.,
FunFactory Remote Car Junior,TOY-112,Toys & Games,167.45,134.22,73.36,45,83887.5,Lightweight FunFactory Remote Car Junior from the Toys & Games range. A customer favorite. Retails at $167.45. In stock and ready to ship.,
BrightKids Art Set Pro,TOY-113,Toys & Games,42.29,33.86,24.24,279,4029.34,Ergonomic BrightKids Art Set Pro from the Toys & Games range. Built to last with premium materials. Retails at $42.29. In stock and ready to ship.,
FunFactory Plush Bear Mega,TOY-114,Toys & Games,181.16,148.85,108.12,17,135006.95,Compact FunFactory Plush Bear Mega from the Toys & Games range. Perfect for professionals. Retails at $181.16. In stock and ready to ship.,
ToyTrove Chess Set Junior,TOY-115,Toys & Games,171.48,149.78,91.39,57,20220.3,Premium-quality ToyTrove Chess Set Junior from the Toys & Games range. Designed for daily use. Retails at $171.48. In stock and ready to ship.,
FunFactory Puzzle 1000pc Pro,TOY-116,Toys & Games,246.02,201.94,99.74,0,9693.12,Durable FunFactory Puzzle 1000pc Pro from the Toys & Games range. Designed for daily use. Retails at $246.02. Currently out of stock - backorder available.,
BrightKids Art Set Classic,TOY-117,Toys & Games,157.47,128.95,79.76,105,56995.9,Compact BrightKids Art Set Classic from the Toys & Games range. Designed for daily use. Retails at $157.47. In stock and ready to ship.,
GameCraft RC Drone Junior,TOY-118,Toys & Games,239.56,214.16,116.46,188,242857.44,Ergonomic GameCraft RC Drone Junior from the Toys & Games range. Built to last with premium materials. Retails at $239.56. In stock and ready to ship.,
FunFactory Puzzle 1000pc Junior,TOY-119,Toys & Games,51.75,42.47,21.49,69,12953.35,Durable FunFactory Puzzle 1000pc Junior from the Toys & Games range. Built to last with premium materials. Retails at $51.75. In stock and ready to ship.,
ToyTrove Puzzle 1000pc Classic,TOY-120,Toys & Games,88.66,73.36,36.42,46,203794.08,Compact ToyTrove Puzzle 1000pc Classic from the Toys & Games range. Perfect for professionals. Retails at $88.66. In stock and ready to ship.,
ToyTrove Robot Kit Deluxe,TOY-121,Toys & Games,26.55,21.95,13.34,79,2458.4,Lightweight ToyTrove Robot Kit Deluxe from the Toys & Games range. Designed for daily use. Retails at $26.55. In stock and ready to ship.,
BrightKids Plush Bear Pro,TOY-122,Toys & Games,168.85,123.73,66.58,102,76217.68,Premium-quality BrightKids Plush Bear Pro from the Toys & Games range. Designed for daily use. Retails at $168.85. In stock and ready to ship.,
BrightKids Art Set Pro,TOY-123,Toys & Games,226.97,182.35,116.04,110,47958.05,Compact BrightKids Art Set Pro from the Toys & Games range. Designed for daily use. Retails at $226.97. In stock and ready to ship.,
ToyTrove Action Figure Mega,TOY-124,Toys & Games,202.47,154.16,71.4,20,338381.2,Premium-quality ToyTrove Action Figure Mega from the Toys & Games range. Designed for daily use. Retails at $202.47. In stock and ready to ship.,
FunFactory Plush Bear Junior,TOY-125,Toys & Games,210.39,147.57,103.1,149,87509.01,Premium-quality FunFactory Plush Bear Junior from the Toys & Games range. Designed for daily use. Retails at $210.39. In stock and ready to ship.,
FunFactory Puzzle 1000pc Mega,TOY-126,Toys & Games,25.97,22.21,16.06,57,5330.4,Premium-quality FunFactory Puzzle 1000pc Mega from the Toys & Games range. Designed for daily use. Retails at $25.97. In stock and ready to ship.,
ToyTrove Remote Car Mega,TOY-127,Toys & Games,19.96,17.21,9.59,18,8949.2,Lightweight ToyTrove Remote Car Mega from the Toys & Games range. Perfect for professionals. Retails at $19.96. In stock and ready to ship.,
GameCraft Building Blocks Junior,TOY-128,Toys & Games,46.66,32.89,22.17,169,18385.51,Compact GameCraft Building Blocks Junior from the Toys & Games range. Designed for daily use. Retails at $46.66. In stock and ready to ship.,
ToyTrove Robot Kit Pro,TOY-129,Toys & Games,38.69,25.2,15.85,224,6426.0,Ergonomic ToyTrove Robot Kit Pro from the Toys & Games range. Built to last with premium materials. Retails at $38.69. In stock and ready to ship.,
FunFactory Board Game Pro,TOY-130,Toys & Games,157.66,112.44,54.46,76,57344.4,Premium-quality FunFactory Board Game Pro from the Toys & Games range. A customer favorite. Retails at $157.66. In stock and ready to ship.,
PlayWorld Puzzle 1000pc Classic,TOY-131,Toys & Games,56.57,44.98,33.08,101,12189.58,Durable PlayWorld Puzzle 1000pc Classic from the Toys & Games range. A customer favorite. Retails at $56.57. In stock and ready to ship.,
GameCraft Art Set Deluxe,TOY-132,Toys & Games,157.53,114.43,71.55,45,40737.08,Durable GameCraft Art Set Deluxe from the Toys & Games range. Built to last with premium materials. Retails at $157.53. In stock and ready to ship.,
GameCraft Puzzle 1000pc Deluxe,TOY-133,Toys & Games,41.36,34.46,24.58,45,15472.54,Ergonomic GameCraft Puzzle 1000pc Deluxe from the Toys & Games range. Designed for daily use. Retails at $41.36. In stock and ready to ship.,
BrightKids Board Game Mega,TOY-134,Toys & Games,56.33,46.94,29.95,251,34031.5,Durable BrightKids Board Game Mega from the Toys & Games range. Designed for daily use. Retails at $56.33. In stock and ready to ship.,
ToyTrove Puzzle 1000pc Mega,TOY-135,Toys & Games,224.44,176.17,113.84,10,208409.11,Durable ToyTrove Puzzle 1000pc Mega from the Toys & Games range. Perfect for professionals. Retails at $224.44. In stock and ready to ship.,
ToyTrove Robot Kit Classic,TOY-136,Toys & Games,104.62,81.14,52.64,298,9980.22,Lightweight ToyTrove Robot Kit Classic from the Toys & Games range. Built to last with premium materials. Retails at $104.62. In stock and ready to ship.,
FunFactory Chess Set Mega,TOY-137,Toys & Games,167.91,149.76,100.46,47,59005.44,Compact FunFactory Chess Set Mega from the Toys & Games range. Built to last with premium materials. Retails at $167.91. In stock and ready to ship.,
DrivePro Tire Inflator Universal,AUT-101,Automotive,545.83,425.46,251.41,21,212730.0,Compact DrivePro Tire Inflator Universal from the Automotive range. Built to last with premium materials. Retails at $545.83. In stock and ready to ship.,
GearHead Floor Mats Compact,AUT-102,Automotive,357.96,321.31,152.09,25,35665.41,Ergonomic GearHead Floor Mats Compact from the Automotive range. Designed for daily use. Retails at $357.96. In stock and ready to ship.,
Turbofix Dash Cam Max,AUT-103,Automotive,110.2,79.01,50.81,26,48591.15,Durable Turbofix Dash Cam Max from the Automotive range. Perfect for professionals. Retails at $110.20. In stock and ready to ship.,
RoadMate Jump Starter Max,AUT-104,Automotive,409.35,329.68,206.79,53,27693.12,Durable RoadMate Jump Starter Max from the Automotive range. Designed for daily use. Retails at $409.35. In stock and ready to ship.,
Turbofix Dash Cam Pro,AUT-105,Automotive,110.63,99.89,60.43,17,36659.63,Durable Turbofix Dash Cam Pro from the Automotive range. Perfect for professionals. Retails at $110.63. In stock and ready to ship.,
Turbofix Dash Cam Universal,AUT-106,Automotive,494.6,366.01,237.14,126,121149.31,Durable Turbofix Dash Cam Universal from the Automotive range. Perfect for professionals. Retails at $494.60. In stock and ready to ship.,
GearHead Dash Cam Pro,AUT-107,Automotive,22.71,18.51,13.38,317,30300.87,Ergonomic GearHead Dash Cam Pro from the Automotive range. Designed for daily use. Retails at $22.71. In stock and ready to ship.,
DrivePro LED Headlights Heavy-Duty,AUT-108,Automotive,542.46,444.08,200.0,120,60394.88,Ergonomic DrivePro LED Headlights Heavy-Duty from the Automotive range. Perfect for professionals. Retails at $542.46. In stock and ready to ship.,
AutoMax LED Headlights Max,AUT-109,Automotive,218.74,191.84,138.58,85,12661.44,Premium-quality AutoMax LED Headlights Max from the Automotive range. A customer favorite. Retails at $218.74. In stock and ready to ship.,
Turbofix Interior Cleaner Kit Max,AUT-110,Automotive,164.32,115.22,77.55,0,3802.26,Ergonomic Turbofix Interior Cleaner Kit Max from the Automotive range. Designed for daily use. Retails at $164.32. Currently out of stock - backorder available.,
GearHead Tire Inflator Compact,AUT-111,Automotive,252.98,183.02,105.75,25,98098.72,Lightweight GearHead Tire Inflator Compact from the Automotive range. Built to last with premium materials. Retails at $252.98. In stock and ready to ship.,
GearHead Interior Cleaner Kit Universal,AUT-112,Automotive,296.2,231.46,142.69,38,354365.26,Premium-quality GearHead Interior Cleaner Kit Universal from the Automotive range. Built to last with premium materials. Retails at $296.20. In stock and ready to ship.,
GearHead Dash Cam Pro,AUT-113,Automotive,138.88,109.45,60.37,237,39183.1,Durable GearHead Dash Cam Pro from the Automotive range. A customer favorite. Retails at $138.88. In stock and ready to ship.,
DrivePro Roof Rack Pro,AUT-114,Automotive,438.27,396.53,226.1,19,741114.57,Durable DrivePro Roof Rack Pro from the Automotive range. Designed for daily use. Retails at $438.27. In stock and ready to ship.,
Turbofix Interior Cleaner Kit Universal,AUT-115,Automotive,422.98,353.33,230.44,22,84445.87,Lightweight Turbofix Interior Cleaner Kit Universal from the Automotive range. Built to last with premium materials. Retails at $422.98. In stock and ready to ship.,
Turbofix Car Vacuum Pro,AUT-116,Automotive,552.55,453.59,302.93,84,368315.08,Durable Turbofix Car Vacuum Pro from the Automotive range. Perfect for professionals. Retails at $552.55. In stock and ready to ship.,
GearHead Roof Rack Pro,AUT-117,Automotive,166.26,131.27,63.26,0,2756.67,Premium-quality GearHead Roof Rack Pro from the Automotive range. A customer favorite. Retails at $166.26. Currently out of stock - backorder available.,
Turbofix Roof Rack Compact,AUT-118,Automotive,420.48,383.7,237.49,57,180339.0,Premium-quality Turbofix Roof Rack Compact from the Automotive range. A customer favorite. Retails at $420.48. In stock and ready to ship.,
DrivePro Floor Mats Heavy-Duty,AUT-119,Automotive,410.34,307.99,167.77,68,264871.4,Premium-quality DrivePro Floor Mats Heavy-Duty from the Automotive range. Perfect for professionals. Retails at $410.34. In stock and ready to ship.,
RoadMate Jump Starter Universal,AUT-120,Automotive,559.72,450.49,250.5,66,96404.86,Durable RoadMate Jump Starter Universal from the Automotive range. A customer favorite. Retails at $559.72. In stock and ready to ship.,
AutoMax Jump Starter Pro,AUT-121,Automotive,553.14,469.44,304.68,197,41310.72,Ergonomic AutoMax Jump Starter Pro from the Automotive range. A customer favorite. Retails at $553.14. In stock and ready to ship.,
GearHead Roof Rack Compact,AUT-122,Automotive,301.09,275.97,200.02,19,102660.84,Ergonomic GearHead Roof Rack Compact from the Automotive range. A customer favorite. Retails at $301.09. In stock and ready to ship.,
GearHead Dash Cam Max,AUT-123,Automotive,586.2,500.39,294.24,83,261703.97,Ergonomic GearHead Dash Cam Max from the Automotive range. A customer favorite. Retails at $586.20. In stock and ready to ship.,
AutoMax Seat Cover Set Max,AUT-124,Automotive,575.65,446.41,225.51,36,122316.34,Lightweight AutoMax Seat Cover Set Max from the Automotive range. Built to last with premium materials. Retails at $575.65. In stock and ready to ship.,
Turbofix Dash Cam Universal,AUT-125,Automotive,415.68,365.43,243.47,137,320116.68,Premium-quality Turbofix Dash Cam Universal from the Automotive range. Built to last with premium materials. Retails at $415.68. In stock and ready to ship.,
GearHead LED Headlights Heavy-Duty,AUT-126,Automotive,597.38,529.8,320.58,143,273376.8,Lightweight GearHead LED Headlights Heavy-Duty from the Automotive range. Designed for daily use. Retails at $597.38. In stock and ready to ship.,
AutoMax Car Vacuum Heavy-Duty,AUT-127,Automotive,490.7,394.93,252.34,40,727461.06,Compact AutoMax Car Vacuum Heavy-Duty from the Automotive range. A customer favorite. Retails at $490.70. In stock and ready to ship.,
DrivePro Floor Mats Pro,AUT-128,Automotive,219.08,186.11,117.56,123,236918.03,Compact DrivePro Floor Mats Pro from the Automotive range. Perfect for professionals. Retails at $219.08. In stock and ready to ship.,
GearHead Jump Starter Max,AUT-129,Automotive,373.21,299.32,220.59,45,20653.08,Premium-quality GearHead Jump Starter Max from the Automotive range. Built to last with premium materials. Retails at $373.21. In stock and ready to ship.,
RoadMate Tire Inflator Compact,AUT-130,Automotive,199.0,152.06,80.63,30,163008.32,Ergonomic RoadMate Tire Inflator Compact from the Automotive range. Perfect for professionals. Retails at $199.00. In stock and ready to ship.,
GearHead Dash Cam Heavy-Duty,AUT-131,Automotive,514.41,374.24,194.75,419,66240.48,Premium-quality GearHead Dash Cam Heavy-Duty from the Automotive range. Designed for daily use. Retails at $514.41. In stock and ready to ship.,
GearHead Interior Cleaner Kit Pro,AUT-132,Automotive,28.47,22.42,15.23,39,91966.84,Compact GearHead Interior Cleaner Kit Pro from the Automotive range. Built to last with premium materials. Retails at $28.47. In stock and ready to ship.,
AutoMax Seat Cover Set Max,AUT-133,Automotive,380.73,277.51,194.69,0,11377.91,Compact AutoMax Seat Cover Set Max from the Automotive range. Perfect for professionals. Retails at $380.73. Currently out of stock - backorder available.,
GearHead Interior Cleaner Kit Compact,AUT-134,Automotive,334.99,244.45,179.56,91,72112.75,Ergonomic GearHead Interior Cleaner Kit Compact from the Automotive range. A customer favorite. Retails at $334.99. In stock and ready to ship.,
RoadMate LED Headlights Universal,AUT-135,Automotive,146.31,105.3,57.11,80,17690.4,Ergonomic RoadMate LED Headlights Universal from the Automotive range. Designed for daily use. Retails at $146.31. In stock and ready to ship.,
GearHead LED Headlights Compact,AUT-136,Automotive,18.35,14.58,7.84,15,4155.3,Lightweight GearHead LED Headlights Compact from the Automotive range. Built to last with premium materials. Retails at $18.35. In stock and ready to ship.,
AutoMax Floor Mats Max,AUT-137,Automotive,142.48,102.22,65.18,288,65114.14,Ergonomic AutoMax Floor Mats Max from the Automotive range. A customer favorite. Retails at $142.48. In stock and ready to ship.,
EfficientOffice Pen 12-Pack Heavy-Duty,OFF-101,Office Supplies,37.92,25.5,16.35,21,1938.0,Durable EfficientOffice Pen 12-Pack Heavy-Duty from the Office Supplies range. Designed for daily use. Retails at $37.92. In stock and ready to ship.,
PaperTrail Stapler Compact,OFF-102,Office Supplies,137.02,107.12,55.69,65,8569.6,Compact PaperTrail Stapler Compact from the Office Supplies range. Perfect for professionals. Retails at $137.02. In stock and ready to ship.,
WorkWise Paper Shredder Heavy-Duty,OFF-103,Office Supplies,160.89,134.81,62.93,14,8223.41,Lightweight WorkWise Paper Shredder Heavy-Duty from the Office Supplies range. Built to last with premium materials. Retails at $160.89. In stock and ready to ship.,
WorkWise Pen 12-Pack Standard,OFF-104,Office Supplies,140.76,87.76,57.03,360,38965.44,Lightweight WorkWise Pen 12-Pack Standard from the Office Supplies range. A customer favorite. Retails at $140.76. In stock and ready to ship.,
DeskPro Paper Shredder Heavy-Duty,OFF-105,Office Supplies,164.63,107.74,52.13,44,28012.4,Durable DeskPro Paper Shredder Heavy-Duty from the Office Supplies range. Designed for daily use. Retails at $164.63. In stock and ready to ship.,
WorkWise Desk Tray Standard,OFF-106,Office Supplies,132.03,84.33,57.45,66,54561.51,Compact WorkWise Desk Tray Standard from the Office Supplies range. Built to last with premium materials. Retails at $132.03. In stock and ready to ship.,
StaplerPro Desk Organizer Compact,OFF-107,Office Supplies,94.73,64.34,39.73,4,12095.92,Compact StaplerPro Desk Organizer Compact from the Office Supplies range. Designed for daily use. Retails at $94.73. In stock and ready to ship.,
EfficientOffice File Folders Premium,OFF-108,Office Supplies,104.94,75.82,47.01,35,147242.44,Ergonomic EfficientOffice File Folders Premium from the Office Supplies range. Built to last with premium materials. Retails at $104.94. In stock and ready to ship.,
WorkWise Calculator Compact,OFF-109,Office Supplies,87.58,70.49,43.17,191,39262.93,Ergonomic WorkWise Calculator Compact from the Office Supplies range. Built to last with premium materials. Retails at $87.58. In stock and ready to ship.,
PaperTrail Desk Organizer Standard,OFF-110,Office Supplies,39.31,30.3,20.6,33,8696.1,Premium-quality PaperTrail Desk Organizer Standard from the Office Supplies range. Designed for daily use. Retails at $39.31. In stock and ready to ship.,
DeskPro Notebook Set Heavy-Duty,OFF-111,Office Supplies,41.58,29.99,14.38,426,14005.33,Compact DeskPro Notebook Set Heavy-Duty from the Office Supplies range. Designed for daily use. Retails at $41.58. In stock and ready to ship.,
PaperTrail Pen 12-Pack Heavy-Duty,OFF-112,Office Supplies,6.42,5.33,3.45,216,3118.05,Lightweight PaperTrail Pen 12-Pack Heavy-Duty from the Office Supplies range. A customer favorite. Retails at $6.42. In stock and ready to ship.,
WorkWise Desk Tray Premium,OFF-113,Office Supplies,102.39,80.23,56.19,0,1283.68,Ergonomic WorkWise Desk Tray Premium from the Office Supplies range. Designed for daily use. Retails at $102.39. Currently out of stock - backorder available.,
WorkWise Pen 12-Pack Standard,OFF-114,Office Supplies,39.23,28.7,15.06,5,9815.4,Ergonomic WorkWise Pen 12-Pack Standard from the Office Supplies range. A customer favorite. Retails at $39.23. In stock and ready to ship.,
EfficientOffice Whiteboard Heavy-Duty,OFF-115,Office Supplies,35.02,22.59,12.89,56,5624.91,Lightweight EfficientOffice Whiteboard Heavy-Duty from the Office Supplies range. A customer favorite. Retails at $35.02. In stock and ready to ship.,
StaplerPro Pen 12-Pack Compact,OFF-116,Office Supplies,73.75,54.4,36.63,7,10716.8,Compact StaplerPro Pen 12-Pack Compact from the Office Supplies range. Built to last with premium materials. Retails at $73.75. In stock and ready to ship.,
WorkWise Ergonomic Mouse Pad Standard,OFF-117,Office Supplies,70.14,44.51,24.93,4,5563.75,Durable WorkWise Ergonomic Mouse Pad Standard from the Office Supplies range. Designed for daily use. Retails at $70.14. In stock and ready to ship.,
PaperTrail File Folders Compact,OFF-118,Office Supplies,94.81,78.2,51.68,7,12512.0,Compact PaperTrail File Folders Compact from the Office Supplies range. A customer favorite. Retails at $94.81. In stock and ready to ship.,
EfficientOffice Whiteboard Heavy-Duty,OFF-119,Office Supplies,165.77,108.86,70.31,48,7837.92,Durable EfficientOffice Whiteboard Heavy-Duty from the Office Supplies range. A customer favorite. Retails at $165.77. In stock and ready to ship.,
StaplerPro Pen 12-Pack Compact,OFF-120,Office Supplies,13.39,10.48,5.95,95,2158.88,Lightweight StaplerPro Pen 12-Pack Compact from the Office Supplies range. Built to last with premium materials. Retails at $13.39. In stock and ready to ship.,
DeskPro Paper Shredder Heavy-Duty,OFF-121,Office Supplies,92.5,72.74,44.69,47,122130.46,Lightweight DeskPro Paper Shredder Heavy-Duty from the Office Supplies range. Built to last with premium materials. Retails at $92.50. In stock and ready to ship.,
EfficientOffice Whiteboard Compact,OFF-122,Office Supplies,108.37,92.04,55.89,30,78326.04,Premium-quality EfficientOffice Whiteboard Compact from the Office Supplies range. Perfect for professionals. Retails at $108.37. In stock and ready to ship.,
EfficientOffice Paper Shredder Premium,OFF-123,Office Supplies,39.42,27.05,17.49,25,15905.4,Durable EfficientOffice Paper Shredder Premium from the Office Supplies range. Built to last with premium materials. Retails at $39.42. In stock and ready to ship.,
PaperTrail Notebook Set Heavy-Duty,OFF-124,Office Supplies,24.89,15.27,11.22,17,6672.99,Ergonomic PaperTrail Notebook Set Heavy-Duty from the Office Supplies range. A customer favorite. Retails at $24.89. In stock and ready to ship.,
StaplerPro File Folders Compact,OFF-125,Office Supplies,133.27,102.23,57.55,71,15947.88,Ergonomic StaplerPro File Folders Compact from the Office Supplies range. A customer favorite. Retails at $133.27. In stock and ready to ship.,
WorkWise File Folders Heavy-Duty,OFF-126,Office Supplies,16.38,12.53,8.13,49,5312.72,Compact WorkWise File Folders Heavy-Duty from the Office Supplies range. Perfect for professionals. Retails at $16.38. In stock and ready to ship.,
StaplerPro Calculator Heavy-Duty,OFF-127,Office Supplies,38.66,28.03,16.46,72,9081.72,Compact StaplerPro Calculator Heavy-Duty from the Office Supplies range. A customer favorite. Retails at $38.66. In stock and ready to ship.,
PaperTrail Stapler Compact,OFF-128,Office Supplies,189.24,159.84,85.16,0,3036.96,Lightweight PaperTrail Stapler Compact from the Office Supplies range. Designed for daily use. Retails at $189.24. Currently out of stock - backorder available.,
StaplerPro Stapler Compact,OFF-129,Office Supplies,32.21,26.55,17.18,117,5761.35,Durable StaplerPro Stapler Compact from the Office Supplies range. Perfect for professionals. Retails at $32.21. In stock and ready to ship.,
PaperTrail Desk Tray Premium,OFF-130,Office Supplies,87.54,55.41,35.78,103,2992.14,Ergonomic PaperTrail Desk Tray Premium from the Office Supplies range. Built to last with premium materials. Retails at $87.54. In stock and ready to ship.,
EfficientOffice Notebook Set Compact,OFF-131,Office Supplies,63.04,46.61,34.24,3,98953.03,Lightweight EfficientOffice Notebook Set Compact from the Office Supplies range. Perfect for professionals. Retails at $63.04. In stock and ready to ship.,
PaperTrail File Folders Premium,OFF-132,Office Supplies,32.25,20.87,10.22,0,1231.33,Ergonomic PaperTrail File Folders Premium from the Office Supplies range. A customer favorite. Retails at $32.25. Currently out of stock - backorder available.,
StaplerPro Desk Tray Compact,OFF-133,Office Supplies,114.91,75.58,34.6,0,3552.26,Durable StaplerPro Desk Tray Compact from the Office Supplies range. Perfect for professionals. Retails at $114.91. Currently out of stock - backorder available.,
PaperTrail Notebook Set Standard,OFF-134,Office Supplies,95.4,60.52,30.74,0,2844.44,Premium-quality PaperTrail Notebook Set Standard from the Office Supplies range. A customer favorite. Retails at $95.40. Currently out of stock - backorder available.,
EfficientOffice Pen 12-Pack Compact,OFF-135,Office Supplies,144.94,89.36,65.07,259,20642.16,Durable EfficientOffice Pen 12-Pack Compact from the Office Supplies range. Perfect for professionals. Retails at $144.94. In stock and ready to ship.,
EfficientOffice Ergonomic Mouse Pad Standard,OFF-136,Office Supplies,137.95,96.36,70.51,80,55888.8,Premium-quality EfficientOffice Ergonomic Mouse Pad Standard from the Office Supplies range. Perfect for professionals. Retails at $137.95. In stock and ready to ship.,
EfficientOffice Ergonomic Mouse Pad Compact,OFF-137,Office Supplies,100.47,70.22,47.09,72,9479.7,Lightweight EfficientOffice Ergonomic Mouse Pad Compact from the Office Supplies range. A customer favorite. Retails at $100.47. In stock and ready to ship.,
AudioWorld Photography Book Pocket,MED-101,Books & Media,41.48,28.37,13.23,48,3915.06,Lightweight AudioWorld Photography Book Pocket from the Books & Media range. Designed for daily use. Retails at $41.48. In stock and ready to ship.,
StoryHouse Photography Book Pocket,MED-102,Books & Media,80.12,42.23,23.11,107,26435.98,Lightweight StoryHouse Photography Book Pocket from the Books & Media range. A customer favorite. Retails at $80.12. In stock and ready to ship.,
PageTurner Children's Book Collector,MED-103,Books & Media,67.05,53.14,33.67,73,9140.08,Durable PageTurner Children's Book Collector from the Books & Media range. Built to last with premium materials. Retails at $67.05. In stock and ready to ship.,
StoryHouse Cookbook Deluxe,MED-104,Books & Media,41.23,24.44,16.63,87,4448.08,Ergonomic StoryHouse Cookbook Deluxe from the Books & Media range. A customer favorite. Retails at $41.23. In stock and ready to ship.,
PageTurner Photography Book Collector,MED-105,Books & Media,77.84,51.61,23.31,20,19353.75,Premium-quality PageTurner Photography Book Collector from the Books & Media range. Designed for daily use. Retails at $77.84. In stock and ready to ship.,
StoryHouse Children's Book Hardcover,MED-106,Books & Media,58.05,38.73,27.02,0,503.49,Compact StoryHouse Children's Book Hardcover from the Books & Media range. Designed for daily use. Retails at $58.05. Currently out of stock - backorder available.,
StoryHouse Fiction Novel Hardcover,MED-107,Books & Media,33.8,17.79,8.59,27,18003.48,Ergonomic StoryHouse Fiction Novel Hardcover from the Books & Media range. Built to last with premium materials. Retails at $33.80. In stock and ready to ship.,
CanvasPress Business Book Hardcover,MED-108,Books & Media,84.23,44.47,24.0,52,13563.35,Compact CanvasPress Business Book Hardcover from the Books & Media range. Perfect for professionals. Retails at $84.23. In stock and ready to ship.,
StoryHouse Self-Help Guide Hardcover,MED-109,Books & Media,33.64,21.0,10.77,9,19782.0,Compact StoryHouse Self-Help Guide Hardcover from the Books & Media range. Perfect for professionals. Retails at $33.64. In stock and ready to ship.,
MindGrow Coloring Book Hardcover,MED-110,Books & Media,50.12,40.02,22.26,85,25212.6,Durable MindGrow Coloring Book Hardcover from the Books & Media range. Built to last with premium materials. Retails at $50.12. In stock and ready to ship.,
AudioWorld Audio Book Deluxe,MED-111,Books & Media,15.92,10.18,7.01,15,3522.28,Compact AudioWorld Audio Book Deluxe from the Books & Media range. Built to last with premium materials. Retails at $15.92. In stock and ready to ship.,
PageTurner Audio Book Hardcover,MED-112,Books & Media,27.36,14.24,7.69,117,3574.24,Ergonomic PageTurner Audio Book Hardcover from the Books & Media range. Designed for daily use. Retails at $27.36. In stock and ready to ship.,
StoryHouse Audio Book Hardcover,MED-113,Books & Media,76.03,59.05,35.06,19,16829.25,Premium-quality StoryHouse Audio Book Hardcover from the Books & Media range. A customer favorite. Retails at $76.03. In stock and ready to ship.,
MindGrow Coloring Book Deluxe,MED-114,Books & Media,23.48,16.57,11.43,300,4175.64,Compact MindGrow Coloring Book Deluxe from the Books & Media range. A customer favorite. Retails at $23.48. In stock and ready to ship.,
PageTurner Hardcover Classic Collector,MED-115,Books & Media,13.28,10.13,5.69,30,1671.45,Premium-quality PageTurner Hardcover Classic Collector from the Books & Media range. Built to last with premium materials. Retails at $13.28. In stock and ready to ship.,
PageTurner Photography Book Deluxe,MED-116,Books & Media,73.11,56.4,27.99,52,13987.2,Premium-quality PageTurner Photography Book Deluxe from the Books & Media range. Built to last with premium materials. Retails at $73.11. In stock and ready to ship.,
StoryHouse Fiction Novel Collector,MED-117,Books & Media,38.55,29.28,14.19,191,71062.56,Premium-quality StoryHouse Fiction Novel Collector from the Books & Media range. A customer favorite. Retails at $38.55. In stock and ready to ship.,
StoryHouse Coloring Book Pocket,MED-118,Books & Media,22.16,12.92,7.05,28,8036.24,Durable StoryHouse Coloring Book Pocket from the Books & Media range. A customer favorite. Retails at $22.16. In stock and ready to ship.,
MindGrow Coloring Book Hardcover,MED-119,Books & Media,17.88,12.72,6.8,8,3116.4,Durable MindGrow Coloring Book Hardcover from the Books & Media range. Designed for daily use. Retails at $17.88. In stock and ready to ship.,
CanvasPress Fiction Novel Deluxe,MED-120,Books & Media,38.21,20.09,11.4,489,14585.34,Compact CanvasPress Fiction Novel Deluxe from the Books & Media range. A customer favorite. Retails at $38.21. In stock and ready to ship.,
AudioWorld Audio Book Deluxe,MED-121,Books & Media,87.78,63.79,37.62,59,76675.58,Lightweight AudioWorld Audio Book Deluxe from the Books & Media range. Perfect for professionals. Retails at $87.78. In stock and ready to ship.,
StoryHouse Audio Book Pocket,MED-122,Books & Media,78.32,53.66,38.84,205,19907.86,Lightweight StoryHouse Audio Book Pocket from the Books & Media range. Designed for daily use. Retails at $78.32. In stock and ready to ship.,
AudioWorld Photography Book Collector,MED-123,Books & Media,77.03,45.04,24.98,68,27384.32,Ergonomic AudioWorld Photography Book Collector from the Books & Media range. Designed for daily use. Retails at $77.03. In stock and ready to ship.,
AudioWorld Children's Book Collector,MED-124,Books & Media,39.66,24.75,15.75,284,2277.0,Ergonomic AudioWorld Children's Book Collector from the Books & Media range. Perfect for professionals. Retails at $39.66. In stock and ready to ship.,
CanvasPress Business Book Hardcover,MED-125,Books & Media,51.73,29.53,19.16,0,1653.68,Ergonomic CanvasPress Business Book Hardcover from the Books & Media range. Perfect for professionals. Retails at $51.73. Currently out of stock - backorder available.,
PageTurner Business Book Collector,MED-126,Books & Media,33.32,17.64,10.29,42,15646.68,Lightweight PageTurner Business Book Collector from the Books & Media range. A customer favorite. Retails at $33.32. In stock and ready to ship.,
CanvasPress Fiction Novel Deluxe,MED-127,Books & Media,24.27,13.15,8.21,740,8784.2,Compact CanvasPress Fiction Novel Deluxe from the Books & Media range. Perfect for professionals. Retails at $24.27. In stock and ready to ship.,
MindGrow Business Book Collector,MED-128,Books & Media,22.43,15.8,8.61,204,24474.2,Compact MindGrow Business Book Collector from the Books & Media range. Designed for daily use. Retails at $22.43. In stock and ready to ship.,
MindGrow Fiction Novel Collector,MED-129,Books & Media,77.19,58.34,27.35,23,5658.98,Ergonomic MindGrow Fiction Novel Collector from the Books & Media range. Perfect for professionals. Retails at $77.19. In stock and ready to ship.,
AudioWorld Planner 2026 Collector,MED-130,Books & Media,38.04,25.24,16.37,25,14260.6,Premium-quality AudioWorld Planner 2026 Collector from the Books & Media range. Designed for daily use. Retails at $38.04. In stock and ready to ship.,
StoryHouse Photography Book Collector,MED-131,Books & Media,87.89,47.52,23.34,102,9266.4,Lightweight StoryHouse Photography Book Collector from the Books & Media range. A customer favorite. Retails at $87.89. In stock and ready to ship.,
StoryHouse Cookbook Collector,MED-132,Books & Media,56.77,38.23,26.92,67,17471.11,Premium-quality StoryHouse Cookbook Collector from the Books & Media range. Perfect for professionals. Retails at $56.77. In stock and ready to ship.,
AudioWorld Self-Help Guide Collector,MED-133,Books & Media,86.78,45.47,30.42,28,20325.09,Durable AudioWorld Self-Help Guide Collector from the Books & Media range. Perfect for professionals. Retails at $86.78. In stock and ready to ship.,
PageTurner Children's Book Hardcover,MED-134,Books & Media,57.49,44.33,27.06,0,1285.57,Lightweight PageTurner Children's Book Hardcover from the Books & Media range. A customer favorite. Retails at $57.49. Currently out of stock - backorder available.,
CanvasPress Coloring Book Hardcover,MED-135,Books & Media,30.28,15.46,11.24,177,1484.16,Durable CanvasPress Coloring Book Hardcover from the Books & Media range. Designed for daily use. Retails at $30.28. In stock and ready to ship.,
AudioWorld Business Book Deluxe,MED-136,Books & Media,30.08,15.78,9.49,41,441.84,Premium-quality AudioWorld Business Book Deluxe from the Books & Media range. Designed for daily use. Retails at $30.08. In stock and ready to ship.,
MindGrow Cookbook Pocket,MED-137,Books & Media,61.36,37.49,18.84,36,15858.27,Premium-quality MindGrow Cookbook Pocket from the Books & Media range. Built to last with premium materials. Retails at $61.36. In stock and ready to ship.,
HappyTail Pet Food 5kg Large,PET-101,Pet Supplies,212.49,160.06,90.43,111,149976.22,Premium-quality HappyTail Pet Food 5kg Large from the Pet Supplies range. A customer favorite. Retails at $212.49. In stock and ready to ship.,
PetHaven Dog Bed Deluxe,PET-102,Pet Supplies,133.67,102.8,60.95,188,69390.0,Compact PetHaven Dog Bed Deluxe from the Pet Supplies range. Built to last with premium materials. Retails at $133.67. In stock and ready to ship.,
HappyTail Grooming Kit Comfort,PET-103,Pet Supplies,85.83,72.9,41.16,243,6706.8,Compact HappyTail Grooming Kit Comfort from the Pet Supplies range. Perfect for professionals. Retails at $85.83. In stock and ready to ship.,
HappyTail Litter Box Pro,PET-104,Pet Supplies,80.79,68.72,36.19,53,7146.88,Durable HappyTail Litter Box Pro from the Pet Supplies range. A customer favorite. Retails at $80.79. In stock and ready to ship.,
FurryFriend Pet Water Fountain Standard,PET-105,Pet Supplies,9.88,6.44,3.03,77,1023.96,Compact FurryFriend Pet Water Fountain Standard from the Pet Supplies range. Built to last with premium materials. Retails at $9.88. In stock and ready to ship.,
PetHaven Dog Bed Standard,PET-106,Pet Supplies,32.09,28.39,18.37,104,23109.46,Ergonomic PetHaven Dog Bed Standard from the Pet Supplies range. Built to last with premium materials. Retails at $32.09. In stock and ready to ship.,
PetHaven Pet Food 5kg Pro,PET-107,Pet Supplies,87.41,71.25,33.68,198,53580.0,Premium-quality PetHaven Pet Food 5kg Pro from the Pet Supplies range. A customer favorite. Retails at $87.41. In stock and ready to ship.,
PetHaven Grooming Kit Large,PET-108,Pet Supplies,97.8,65.04,47.91,53,173071.44,Durable PetHaven Grooming Kit Large from the Pet Supplies range. Perfect for professionals. Retails at $97.80. In stock and ready to ship.,
PetHaven Pet Food 5kg Standard,PET-109,Pet Supplies,216.85,152.79,98.24,104,11153.67,Compact PetHaven Pet Food 5kg Standard from the Pet Supplies range. Perfect for professionals. Retails at $216.85. In stock and ready to ship.,
PetHaven Dog Toy Set Deluxe,PET-110,Pet Supplies,185.22,120.43,55.56,25,230021.3,Lightweight PetHaven Dog Toy Set Deluxe from the Pet Supplies range. Perfect for professionals. Retails at $185.22. In stock and ready to ship.,
PetLife Cat Tree Standard,PET-111,Pet Supplies,68.65,51.22,33.64,14,73193.38,Compact PetLife Cat Tree Standard from the Pet Supplies range. Perfect for professionals. Retails at $68.65. In stock and ready to ship.,
PetHaven Cat Tree Pro,PET-112,Pet Supplies,152.94,136.15,64.55,278,42887.25,Lightweight PetHaven Cat Tree Pro from the Pet Supplies range. Designed for daily use. Retails at $152.94. In stock and ready to ship.,
Paws&Co Dog Toy Set Comfort,PET-113,Pet Supplies,248.65,188.85,95.72,0,1133.1,Ergonomic Paws&Co Dog Toy Set Comfort from the Pet Supplies range. Built to last with premium materials. Retails at $248.65. Currently out of stock - backorder available.,
PetLife Grooming Kit Comfort,PET-114,Pet Supplies,223.41,181.15,108.67,16,26810.2,Lightweight PetLife Grooming Kit Comfort from the Pet Supplies range. Designed for daily use. Retails at $223.41. In stock and ready to ship.,
FurryFriend Pet Carrier Large,PET-115,Pet Supplies,263.63,228.71,139.73,38,203323.19,Premium-quality FurryFriend Pet Carrier Large from the Pet Supplies range. Perfect for professionals. Retails at $263.63. In stock and ready to ship.,
HappyTail Dog Bed Deluxe,PET-116,Pet Supplies,198.44,135.46,67.96,0,2844.66,Premium-quality HappyTail Dog Bed Deluxe from the Pet Supplies range. Perfect for professionals. Retails at $198.44. Currently out of stock - backorder available.,
HappyTail Pet Food 5kg Standard,PET-117,Pet Supplies,24.45,20.89,10.12,84,3885.54,Lightweight HappyTail Pet Food 5kg Standard from the Pet Supplies range. A customer favorite. Retails at $24.45. In stock and ready to ship.,
PetHaven Automatic Feeder Standard,PET-118,Pet Supplies,44.48,38.21,26.29,86,7221.69,Lightweight PetHaven Automatic Feeder Standard from the Pet Supplies range. Built to last with premium materials. Retails at $44.48. In stock and ready to ship.,
Paws&Co Pet Carrier Deluxe,PET-119,Pet Supplies,126.74,111.71,51.63,361,44013.74,Durable Paws&Co Pet Carrier Deluxe from the Pet Supplies range. Designed for daily use. Retails at $126.74. In stock and ready to ship.,
HappyTail Litter Box Large,PET-120,Pet Supplies,196.32,166.49,98.7,26,59936.4,Durable HappyTail Litter Box Large from the Pet Supplies range. Designed for daily use. Retails at $196.32. In stock and ready to ship.,
HappyTail Pet Food 5kg Large,PET-121,Pet Supplies,174.08,116.98,81.65,47,48312.74,Durable HappyTail Pet Food 5kg Large from the Pet Supplies range. A customer favorite. Retails at $174.08. In stock and ready to ship.,
PetHaven Leash & Collar Comfort,PET-122,Pet Supplies,224.47,184.36,136.53,10,38715.6,Compact PetHaven Leash & Collar Comfort from the Pet Supplies range. Perfect for professionals. Retails at $224.47. In stock and ready to ship.,
PetHaven Cat Tree Comfort,PET-123,Pet Supplies,259.48,180.07,123.46,186,49879.39,Compact PetHaven Cat Tree Comfort from the Pet Supplies range. Built to last with premium materials. Retails at $259.48. In stock and ready to ship.,
PetHaven Pet Water Fountain Deluxe,PET-124,Pet Supplies,33.76,28.17,20.03,24,8873.55,Durable PetHaven Pet Water Fountain Deluxe from the Pet Supplies range. Built to last with premium materials. Retails at $33.76. In stock and ready to ship.,
HappyTail Dog Toy Set Deluxe,PET-125,Pet Supplies,112.73,77.12,51.36,6,94780.48,Durable HappyTail Dog Toy Set Deluxe from the Pet Supplies range. A customer favorite. Retails at $112.73. In stock and ready to ship.,
FurryFriend Litter Box Standard,PET-126,Pet Supplies,49.79,42.25,31.09,92,7731.75,Ergonomic FurryFriend Litter Box Standard from the Pet Supplies range. Perfect for professionals. Retails at $49.79. In stock and ready to ship.,
FurryFriend Automatic Feeder Large,PET-127,Pet Supplies,235.49,169.5,113.4,32,241029.0,Ergonomic FurryFriend Automatic Feeder Large from the Pet Supplies range. Built to last with premium materials. Retails at $235.49. In stock and ready to ship.,
HappyTail Dog Bed Large,PET-128,Pet Supplies,274.58,181.23,107.14,10,61255.74,Premium-quality HappyTail Dog Bed Large from the Pet Supplies range. Perfect for professionals. Retails at $274.58. In stock and ready to ship.,
PetLife Leash & Collar Comfort,PET-129,Pet Supplies,159.46,104.14,69.73,24,55506.62,Lightweight PetLife Leash & Collar Comfort from the Pet Supplies range. A customer favorite. Retails at $159.46. In stock and ready to ship.,
FurryFriend Dog Toy Set Standard,PET-130,Pet Supplies,211.0,138.44,81.19,218,122934.72,Lightweight FurryFriend Dog Toy Set Standard from the Pet Supplies range. Designed for daily use. Retails at $211.00. In stock and ready to ship.,
PetHaven Grooming Kit Pro,PET-131,Pet Supplies,151.93,110.02,74.36,109,9021.64,Ergonomic PetHaven Grooming Kit Pro from the Pet Supplies range. A customer favorite. Retails at $151.93. In stock and ready to ship.,
PetHaven Pet Carrier Pro,PET-132,Pet Supplies,249.41,169.04,94.61,49,75898.96,Durable PetHaven Pet Carrier Pro from the Pet Supplies range. Built to last with premium materials. Retails at $249.41. In stock and ready to ship.,
Paws&Co Leash & Collar Standard,PET-133,Pet Supplies,37.99,29.24,21.4,121,8333.4,Lightweight Paws&Co Leash & Collar Standard from the Pet Supplies range. A customer favorite. Retails at $37.99. In stock and ready to ship.,
PetHaven Cat Tree Pro,PET-134,Pet Supplies,101.24,78.11,47.49,228,34055.96,Ergonomic PetHaven Cat Tree Pro from the Pet Supplies range. A customer favorite. Retails at $101.24. In stock and ready to ship.,
PetHaven Leash & Collar Large,PET-135,Pet Supplies,30.83,23.05,11.61,28,4356.45,Premium-quality PetHaven Leash & Collar Large from the Pet Supplies range. A customer favorite. Retails at $30.83. In stock and ready to ship.,
PetLife Pet Carrier Deluxe,PET-136,Pet Supplies,136.37,102.96,69.12,0,1544.4,Premium-quality PetLife Pet Carrier Deluxe from the Pet Supplies range. Built to last with premium materials. Retails at $136.37. Currently out of stock - backorder available.,
HappyTail Pet Water Fountain Large,PET-137,Pet Supplies,164.98,134.28,92.12,129,63111.6,Ergonomic HappyTail Pet Water Fountain Large from the Pet Supplies range. Built to last with premium materials. Retails at $164.98. In stock and ready to ship.,
LifePulse Humidifier Portable,HLT-101,Health & Wellness,82.56,62.9,33.74,26,7233.5,Durable LifePulse Humidifier Portable from the Health & Wellness range. Built to last with premium materials. Retails at $82.56. In stock and ready to ship.,
PureHealth Humidifier Deluxe,HLT-102,Health & Wellness,47.4,42.6,26.51,48,49714.2,Compact PureHealth Humidifier Deluxe from the Health & Wellness range. Built to last with premium materials. Retails at $47.40. In stock and ready to ship.,
LifePulse Air Purifier Comfort,HLT-103,Health & Wellness,322.14,256.87,124.95,0,14384.72,Durable LifePulse Air Purifier Comfort from the Health & Wellness range. Perfect for professionals. Retails at $322.14. Currently out of stock - backorder available.,
LifePulse Humidifier Pro,HLT-104,Health & Wellness,320.44,256.4,154.41,535,309218.4,Premium-quality LifePulse Humidifier Pro from the Health & Wellness range. Perfect for professionals. Retails at $320.44. In stock and ready to ship.,
VitalCare Humidifier Comfort,HLT-105,Health & Wellness,47.39,32.48,20.63,44,16499.84,Ergonomic VitalCare Humidifier Comfort from the Health & Wellness range. Built to last with premium materials. Retails at $47.39. In stock and ready to ship.,
LifePulse Sleep Mask Pro,HLT-106,Health & Wellness,36.74,31.85,20.8,293,12325.95,Ergonomic LifePulse Sleep Mask Pro from the Health & Wellness range. Designed for daily use. Retails at $36.74. In stock and ready to ship.,
LifePulse Thermometer Deluxe,HLT-107,Health & Wellness,239.1,185.08,104.72,0,4256.84,Compact LifePulse Thermometer Deluxe from the Health & Wellness range. Perfect for professionals. Retails at $239.10. Currently out of stock - backorder available.,
CarePlus Massage Gun Deluxe,HLT-108,Health & Wellness,242.9,188.91,141.26,8,309056.76,Lightweight CarePlus Massage Gun Deluxe from the Health & Wellness range. Built to last with premium materials. Retails at $242.90. In stock and ready to ship.,
CarePlus Scale Pro,HLT-109,Health & Wellness,55.95,41.78,31.19,87,10486.78,Lightweight CarePlus Scale Pro from the Health & Wellness range. Built to last with premium materials. Retails at $55.95. In stock and ready to ship.,
PureHealth Humidifier Smart,HLT-110,Health & Wellness,102.62,80.86,56.35,91,55389.1,Premium-quality PureHealth Humidifier Smart from the Health & Wellness range. Built to last with premium materials. Retails at $102.62. In stock and ready to ship.,
LifePulse Posture Corrector Smart,HLT-111,Health & Wellness,49.73,41.1,22.04,578,11014.8,Ergonomic LifePulse Posture Corrector Smart from the Health & Wellness range. A customer favorite. Retails at $49.73. In stock and ready to ship.,
CarePlus Air Purifier Comfort,HLT-112,Health & Wellness,149.53,110.16,72.24,173,16524.0,Durable CarePlus Air Purifier Comfort from the Health & Wellness range. A customer favorite. Retails at $149.53. In stock and ready to ship.,
WellNest Humidifier Portable,HLT-113,Health & Wellness,62.25,46.06,26.52,45,41223.7,Ergonomic WellNest Humidifier Portable from the Health & Wellness range. Built to last with premium materials. Retails at $62.25. In stock and ready to ship.,
PureHealth Massage Gun Comfort,HLT-114,Health & Wellness,250.83,200.57,142.75,109,224437.83,Premium-quality PureHealth Massage Gun Comfort from the Health & Wellness range. A customer favorite. Retails at $250.83. In stock and ready to ship.,
PureHealth Blood Pressure Monitor Deluxe,HLT-115,Health & Wellness,175.8,133.97,79.78,28,171347.63,Ergonomic PureHealth Blood Pressure Monitor Deluxe from the Health & Wellness range. Designed for daily use. Retails at $175.80. In stock and ready to ship.,
WellNest Air Purifier Pro,HLT-116,Health & Wellness,47.29,33.52,15.26,101,50950.4,Durable WellNest Air Purifier Pro from the Health & Wellness range. A customer favorite. Retails at $47.29. In stock and ready to ship.,
VitalCare Massage Gun Deluxe,HLT-117,Health & Wellness,51.18,42.62,27.98,36,16366.08,Durable VitalCare Massage Gun Deluxe from the Health & Wellness range. Designed for daily use. Retails at $51.18. In stock and ready to ship.,
VitalCare Back Massager Comfort,HLT-118,Health & Wellness,28.95,20.44,10.75,0,838.04,Premium-quality VitalCare Back Massager Comfort from the Health & Wellness range. Designed for daily use. Retails at $28.95. Currently out of stock - backorder available.,
CarePlus Sleep Mask Comfort,HLT-119,Health & Wellness,298.37,215.02,119.44,244,26877.5,Ergonomic CarePlus Sleep Mask Comfort from the Health & Wellness range. Built to last with premium materials. Retails at $298.37. In stock and ready to ship.,
CarePlus Scale Pro,HLT-120,Health & Wellness,41.7,33.66,15.29,29,60150.42,Premium-quality CarePlus Scale Pro from the Health & Wellness range. Built to last with premium materials. Retails at $41.70. In stock and ready to ship.,
CarePlus Air Purifier Portable,HLT-121,Health & Wellness,233.39,168.21,109.68,49,34819.47,Compact CarePlus Air Purifier Portable from the Health & Wellness range. Designed for daily use. Retails at $233.39. In stock and ready to ship.,
WellNest Massage Gun Comfort,HLT-122,Health & Wellness,53.48,45.34,29.99,18,7254.4,Ergonomic WellNest Massage Gun Comfort from the Health & Wellness range. A customer favorite. Retails at $53.48. In stock and ready to ship.,
WellNest Sleep Mask Comfort,HLT-123,Health & Wellness,140.32,125.82,72.77,247,82663.74,Ergonomic WellNest Sleep Mask Comfort from the Health & Wellness range. Designed for daily use. Retails at $140.32. In stock and ready to ship.,
VitalCare Humidifier Smart,HLT-124,Health & Wellness,138.19,111.92,53.78,258,77112.88,Ergonomic VitalCare Humidifier Smart from the Health & Wellness range. A customer favorite. Retails at $138.19. In stock and ready to ship.,
WellNest Electric Heated Blanket Smart,HLT-125,Health & Wellness,223.33,198.55,148.17,19,22436.15,Durable WellNest Electric Heated Blanket Smart from the Health & Wellness range. Built to last with premium materials. Retails at $223.33. In stock and ready to ship.,
VitalCare Massage Gun Pro,HLT-126,Health & Wellness,275.69,217.68,99.7,89,35699.52,Premium-quality VitalCare Massage Gun Pro from the Health & Wellness range. Perfect for professionals. Retails at $275.69. In stock and ready to ship.,
WellNest Sleep Mask Portable,HLT-127,Health & Wellness,221.86,174.79,92.38,297,17304.21,Lightweight WellNest Sleep Mask Portable from the Health & Wellness range. Perfect for professionals. Retails at $221.86. In stock and ready to ship.,
LifePulse Thermometer Smart,HLT-128,Health & Wellness,157.08,107.95,66.61,18,42748.2,Lightweight LifePulse Thermometer Smart from the Health & Wellness range. Perfect for professionals. Retails at $157.08. In stock and ready to ship.,
VitalCare Scale Smart,HLT-129,Health & Wellness,221.22,183.79,114.26,258,51277.41,Lightweight VitalCare Scale Smart from the Health & Wellness range. A customer favorite. Retails at $221.22. In stock and ready to ship.,
LifePulse Electric Heated Blanket Pro,HLT-130,Health & Wellness,19.0,13.11,9.19,204,1835.4,Compact LifePulse Electric Heated Blanket Pro from the Health & Wellness range. Perfect for professionals. Retails at $19.00. In stock and ready to ship.,
LifePulse Blood Pressure Monitor Deluxe,HLT-131,Health & Wellness,89.23,73.4,46.08,20,16955.4,Lightweight LifePulse Blood Pressure Monitor Deluxe from the Health & Wellness range. Perfect for professionals. Retails at $89.23. In stock and ready to ship.,
LifePulse Blood Pressure Monitor Smart,HLT-132,Health & Wellness,198.15,177.71,100.11,136,8530.08,Compact LifePulse Blood Pressure Monitor Smart from the Health & Wellness range. Perfect for professionals. Retails at $198.15. In stock and ready to ship.,
CarePlus Electric Heated Blanket Deluxe,HLT-133,Health & Wellness,206.73,157.1,91.24,266,43202.5,Ergonomic CarePlus Electric Heated Blanket Deluxe from the Health & Wellness range. Perfect for professionals. Retails at $206.73. In stock and ready to ship.,
PureHealth Scale Pro,HLT-134,Health & Wellness,239.66,193.45,121.4,87,64418.85,Premium-quality PureHealth Scale Pro from the Health & Wellness range. A customer favorite. Retails at $239.66. In stock and ready to ship.,
CarePlus Posture Corrector Smart,HLT-135,Health & Wellness,222.3,166.49,95.61,72,133192.0,Ergonomic CarePlus Posture Corrector Smart from the Health & Wellness range. Built to last with premium materials. Retails at $222.30. In stock and ready to ship.,
CarePlus Air Purifier Deluxe,HLT-136,Health & Wellness,221.45,190.73,139.51,260,29753.88,Lightweight CarePlus Air Purifier Deluxe from the Health & Wellness range. Built to last with premium materials. Retails at $221.45. In stock and ready to ship.,
PureHealth Humidifier Portable,HLT-137,Health & Wellness,280.11,215.76,152.77,344,49624.8,Durable PureHealth Humidifier Portable from the Health & Wellness range. A customer favorite. Retails at $280.11. In stock and ready to ship.,
PrecisionPro Hammer Precision,TLT-101,Tools & Hardware,65.8,43.36,19.87,33,75186.24,Premium-quality PrecisionPro Hammer Precision from the Tools & Hardware range. Built to last with premium materials. Retails at $65.80. In stock and ready to ship.,
ToolMaster Toolbox Heavy-Duty,TLT-102,Tools & Hardware,12.42,10.25,5.47,88,23851.75,Premium-quality ToolMaster Toolbox Heavy-Duty from the Tools & Hardware range. Designed for daily use. Retails at $12.42. In stock and ready to ship.,
BuildRight Clamp Set Compact,TLT-103,Tools & Hardware,226.12,193.14,110.5,92,96956.28,Ergonomic BuildRight Clamp Set Compact from the Tools & Hardware range. A customer favorite. Retails at $226.12. In stock and ready to ship.,
FixFast Screwdriver Set Heavy-Duty,TLT-104,Tools & Hardware,157.94,129.67,70.54,668,30342.78,Durable FixFast Screwdriver Set Heavy-Duty from the Tools & Hardware range. A customer favorite. Retails at $157.94. In stock and ready to ship.,
FixFast Work Gloves Compact,TLT-105,Tools & Hardware,225.03,142.79,87.11,13,54260.2,Compact FixFast Work Gloves Compact from the Tools & Hardware range. Built to last with premium materials. Retails at $225.03. In stock and ready to ship.,
BuildRight Drill Bit Set Compact,TLT-106,Tools & Hardware,214.44,134.13,99.26,449,103816.62,Ergonomic BuildRight Drill Bit Set Compact from the Tools & Hardware range. Perfect for professionals. Retails at $214.44. In stock and ready to ship.,
BuildRight Level Set Pro,TLT-107,Tools & Hardware,141.39,96.35,56.15,0,5491.95,Compact BuildRight Level Set Pro from the Tools & Hardware range. A customer favorite. Retails at $141.39. Currently out of stock - backorder available.,
IronGrip Hammer Compact,TLT-108,Tools & Hardware,58.64,49.93,36.19,55,84032.19,Lightweight IronGrip Hammer Compact from the Tools & Hardware range. A customer favorite. Retails at $58.64. In stock and ready to ship.,
FixFast Screwdriver Set Heavy-Duty,TLT-109,Tools & Hardware,183.1,137.63,76.46,636,51060.73,Premium-quality FixFast Screwdriver Set Heavy-Duty from the Tools & Hardware range. Built to last with premium materials. Retails at $183.10. In stock and ready to ship.,
FixFast Measuring Tape Pro,TLT-110,Tools & Hardware,107.16,83.94,45.67,17,157387.5,Compact FixFast Measuring Tape Pro from the Tools & Hardware range. Perfect for professionals. Retails at $107.16. In stock and ready to ship.,
FixFast Measuring Tape Compact,TLT-111,Tools & Hardware,49.23,38.11,20.89,19,11433.0,Ergonomic FixFast Measuring Tape Compact from the Tools & Hardware range. Built to last with premium materials. Retails at $49.23. In stock and ready to ship.,
IronGrip Cordless Drill Cordless,TLT-112,Tools & Hardware,170.0,133.1,96.11,9,20763.6,Lightweight IronGrip Cordless Drill Cordless from the Tools & Hardware range. A customer favorite. Retails at $170.00. In stock and ready to ship.,
ToolMaster Screwdriver Set Compact,TLT-113,Tools & Hardware,48.37,37.12,16.86,226,8240.64,Compact ToolMaster Screwdriver Set Compact from the Tools & Hardware range. A customer favorite. Retails at $48.37. In stock and ready to ship.,
FixFast Work Gloves Heavy-Duty,TLT-114,Tools & Hardware,114.97,77.46,39.87,113,13632.96,Durable FixFast Work Gloves Heavy-Duty from the Tools & Hardware range. A customer favorite. Retails at $114.97. In stock and ready to ship.,
PrecisionPro Drill Bit Set Pro,TLT-115,Tools & Hardware,7.62,4.99,2.73,228,7804.36,Compact PrecisionPro Drill Bit Set Pro from the Tools & Hardware range. Designed for daily use. Retails at $7.62. In stock and ready to ship.,
IronGrip Utility Knife Pro,TLT-116,Tools & Hardware,18.28,15.76,9.32,122,37902.8,Premium-quality IronGrip Utility Knife Pro from the Tools & Hardware range. Designed for daily use. Retails at $18.28. In stock and ready to ship.,
BuildRight Utility Knife Cordless,TLT-117,Tools & Hardware,102.13,89.28,58.16,32,35265.6,Lightweight BuildRight Utility Knife Cordless from the Tools & Hardware range. Built to last with premium materials. Retails at $102.13. In stock and ready to ship.,
IronGrip Level Set Cordless,TLT-118,Tools & Hardware,115.39,79.35,43.16,63,17774.4,Lightweight IronGrip Level Set Cordless from the Tools & Hardware range. A customer favorite. Retails at $115.39. In stock and ready to ship.,
BuildRight Clamp Set Compact,TLT-119,Tools & Hardware,136.82,100.33,50.11,47,139559.03,Lightweight BuildRight Clamp Set Compact from the Tools & Hardware range. Designed for daily use. Retails at $136.82. In stock and ready to ship.,
ToolMaster Measuring Tape Pro,TLT-120,Tools & Hardware,63.6,40.03,21.14,26,15331.49,Durable ToolMaster Measuring Tape Pro from the Tools & Hardware range. Designed for daily use. Retails at $63.60. In stock and ready to ship.,
BuildRight Screwdriver Set Heavy-Duty,TLT-121,Tools & Hardware,226.37,150.98,75.56,98,335628.54,Ergonomic BuildRight Screwdriver Set Heavy-Duty from the Tools & Hardware range. Built to last with premium materials. Retails at $226.37. In stock and ready to ship.,
FixFast Screwdriver Set Heavy-Duty,TLT-122,Tools & Hardware,200.89,159.91,114.53,0,6716.22,Premium-quality FixFast Screwdriver Set Heavy-Duty from the Tools & Hardware range. Perfect for professionals. Retails at $200.89. Currently out of stock - backorder available.,
BuildRight Clamp Set Pro,TLT-123,Tools & Hardware,218.42,144.15,68.37,115,18883.65,Ergonomic BuildRight Clamp Set Pro from the Tools & Hardware range. Built to last with premium materials. Retails at $218.42. In stock and ready to ship.,
ToolMaster Cordless Drill Compact,TLT-124,Tools & Hardware,87.4,55.45,26.13,45,46023.5,Lightweight ToolMaster Cordless Drill Compact from the Tools & Hardware range. A customer favorite. Retails at $87.40. In stock and ready to ship.,
ToolMaster Screwdriver Set Compact,TLT-125,Tools & Hardware,130.16,95.33,65.96,99,208486.71,Ergonomic ToolMaster Screwdriver Set Compact from the Tools & Hardware range. Built to last with premium materials. Retails at $130.16. In stock and ready to ship.,
FixFast Drill Bit Set Precision,TLT-126,Tools & Hardware,126.48,96.93,55.92,304,32083.83,Premium-quality FixFast Drill Bit Set Precision from the Tools & Hardware range. A customer favorite. Retails at $126.48. In stock and ready to ship.,
FixFast Hammer Heavy-Duty,TLT-127,Tools & Hardware,242.31,183.45,118.17,62,155015.25,Durable FixFast Hammer Heavy-Duty from the Tools & Hardware range. A customer favorite. Retails at $242.31. In stock and ready to ship.,
ToolMaster Utility Knife Precision,TLT-128,Tools & Hardware,80.34,50.81,24.03,0,508.1,Lightweight ToolMaster Utility Knife Precision from the Tools & Hardware range. Perfect for professionals. Retails at $80.34. Currently out of stock - backorder available.,
IronGrip Drill Bit Set Cordless,TLT-129,Tools & Hardware,212.26,151.22,94.61,48,37502.56,Compact IronGrip Drill Bit Set Cordless from the Tools & Hardware range. Perfect for professionals. Retails at $212.26. In stock and ready to ship.,
FixFast Clamp Set Compact,TLT-130,Tools & Hardware,92.03,79.03,54.77,16,28371.77,Lightweight FixFast Clamp Set Compact from the Tools & Hardware range. Designed for daily use. Retails at $92.03. In stock and ready to ship.,
IronGrip Measuring Tape Precision,TLT-131,Tools & Hardware,122.33,88.73,57.44,122,145339.74,Lightweight IronGrip Measuring Tape Precision from the Tools & Hardware range. A customer favorite. Retails at $122.33. In stock and ready to ship.,
IronGrip Measuring Tape Heavy-Duty,TLT-132,Tools & Hardware,8.53,5.54,2.52,157,4625.9,Lightweight IronGrip Measuring Tape Heavy-Duty from the Tools & Hardware range. Built to last with premium materials. Retails at $8.53. In stock and ready to ship.,
IronGrip Toolbox Precision,TLT-133,Tools & Hardware,42.77,31.21,15.13,150,12265.53,Lightweight IronGrip Toolbox Precision from the Tools & Hardware range. Built to last with premium materials. Retails at $42.77. In stock and ready to ship.,
ToolMaster Toolbox Cordless,TLT-134,Tools & Hardware,216.5,156.28,85.98,211,47196.56,Ergonomic ToolMaster Toolbox Cordless from the Tools & Hardware range. A customer favorite. Retails at $216.50. In stock and ready to ship.,
IronGrip Drill Bit Set Precision,TLT-135,Tools & Hardware,128.95,99.76,63.19,214,87689.04,Lightweight IronGrip Drill Bit Set Precision from the Tools & Hardware range. A customer favorite. Retails at $128.95. In stock and ready to ship.,
PrecisionPro Screwdriver Set Compact,TLT-136,Tools & Hardware,232.67,169.49,100.34,237,43558.93,Compact PrecisionPro Screwdriver Set Compact from the Tools & Hardware range. Perfect for professionals. Retails at $232.67. In stock and ready to ship.,
ToolMaster Utility Knife Heavy-Duty,TLT-137,Tools & Hardware,154.84,123.58,89.78,143,36085.36,Compact ToolMaster Utility Knife Heavy-Duty from the Tools & Hardware range. Perfect for professionals. Retails at $154.84. In stock and ready to ship.,
