date,product_id,product_name,category,sku,price,cost_price,competitor_price,competitor_name,discount_percent,promotion_flag,day_of_week,month,is_weekend,is_holiday,units_sold,revenue,profit,elasticity_score
2025-08-18,prod-1,Wireless Noise-Canceling Headphones,Audio & Electronics,AUD-WNC-001,203.34,110.0,195.82,TechGiant Store,0,0,0,8,0,0,37,7523.58,3453.58,1.45
2025-08-19,prod-1,Wireless Noise-Canceling Headphones,Audio & Electronics,AUD-WNC-001,205.67,110.0,214.14,TechGiant Store,0,0,1,8,0,0,36,7404.12,3444.12,1.45
2025-08-20,prod-1,Wireless Noise-Canceling Headphones,Audio & Electronics,AUD-WNC-001,198.12,110.0,190.9,TechGiant Store,0,0,2,8,0,0,42,8321.04,3701.04,1.45
2025-08-21,prod-1,Wireless Noise-Canceling Headphones,Audio & Electronics,AUD-WNC-001,188.63,110.0,185.59,TechGiant Store,0,0,3,8,0,0,45,8488.35,3538.35,1.45
2025-08-22,prod-1,Wireless Noise-Canceling Headphones,Audio & Electronics,AUD-WNC-001,193.28,110.0,199.22,TechGiant Store,0,0,4,8,0,0,38,7344.64,3164.64,1.45
2025-08-23,prod-1,Wireless Noise-Canceling Headphones,Audio & Electronics,AUD-WNC-001,207.33,110.0,216.41,TechGiant Store,0,0,5,8,1,0,40,8293.2,3893.2,1.45
2025-08-24,prod-1,Wireless Noise-Canceling Headphones,Audio & Electronics,AUD-WNC-001,210.96,110.0,211.04,TechGiant Store,0,1,6,8,1,0,41,8649.36,4139.36,1.45
2025-08-25,prod-1,Wireless Noise-Canceling Headphones,Audio & Electronics,AUD-WNC-001,196.25,110.0,194.63,TechGiant Store,15,1,0,8,0,0,54,9007.88,3067.88,1.45
2025-08-26,prod-1,Wireless Noise-Canceling Headphones,Audio & Electronics,AUD-WNC-001,211.34,110.0,212.49,TechGiant Store,0,0,1,8,0,0,41,8664.94,4154.94,1.45
2025-08-27,prod-1,Wireless Noise-Canceling Headphones,Audio & Electronics,AUD-WNC-001,202.83,110.0,215.69,TechGiant Store,0,0,2,8,0,0,42,8518.86,3898.86,1.45
2025-08-28,prod-1,Wireless Noise-Canceling Headphones,Audio & Electronics,AUD-WNC-001,189.09,110.0,186.7,TechGiant Store,0,0,3,8,0,0,40,7563.6,3163.6,1.45
2025-08-29,prod-1,Wireless Noise-Canceling Headphones,Audio & Electronics,AUD-WNC-001,193.58,110.0,188.18,TechGiant Store,0,0,4,8,0,0,45,8711.1,3761.1,1.45
2025-08-30,prod-1,Wireless Noise-Canceling Headphones,Audio & Electronics,AUD-WNC-001,196.75,110.0,197.62,TechGiant Store,0,0,5,8,1,0,45,8853.75,3903.75,1.45
2025-08-31,prod-1,Wireless Noise-Canceling Headphones,Audio & Electronics,AUD-WNC-001,210.47,110.0,218.42,TechGiant Store,0,0,6,8,1,0,39,8208.33,3918.33,1.45
2025-09-01,prod-1,Wireless Noise-Canceling Headphones,Audio & Electronics,AUD-WNC-001,205.49,110.0,201.3,TechGiant Store,0,0,0,9,0,0,44,9041.56,4201.56,1.45
2025-09-02,prod-1,Wireless Noise-Canceling Headphones,Audio & Electronics,AUD-WNC-001,203.35,110.0,208.81,TechGiant Store,0,0,1,9,0,0,44,8947.4,4107.4,1.45
2025-09-03,prod-1,Wireless Noise-Canceling Headphones,Audio & Electronics,AUD-WNC-001,206.61,110.0,204.02,TechGiant Store,10,1,2,9,0,0,45,8367.71,3417.71,1.45
2025-09-04,prod-1,Wireless Noise-Canceling Headphones,Audio & Electronics,AUD-WNC-001,189.58,110.0,202.77,TechGiant Store,0,0,3,9,0,0,47,8910.26,3740.26,1.45
2025-09-05,prod-1,Wireless Noise-Canceling Headphones,Audio & Electronics,AUD-WNC-001,193.09,110.0,196.93,TechGiant Store,0,0,4,9,0,0,45,8689.05,3739.05,1.45
2025-09-06,prod-1,Wireless Noise-Canceling Headphones,Audio & Electronics,AUD-WNC-001,191.42,110.0,186.97,TechGiant Store,0,0,5,9,1,0,50,9571.0,4071.0,1.45
2025-09-07,prod-1,Wireless Noise-Canceling Headphones,Audio & Electronics,AUD-WNC-001,205.92,110.0,208.27,TechGiant Store,0,0,6,9,1,0,43,8854.56,4124.56,1.45
2025-09-08,prod-1,Wireless Noise-Canceling Headphones,Audio & Electronics,AUD-WNC-001,211.93,110.0,206.97,TechGiant Store,0,0,0,9,0,0,40,8477.2,4077.2,1.45
2025-09-09,prod-1,Wireless Noise-Canceling Headphones,Audio & Electronics,AUD-WNC-001,208.66,110.0,204.14,TechGiant Store,0,0,1,9,0,0,40,8346.4,3946.4,1.45
2025-09-10,prod-1,Wireless Noise-Canceling Headphones,Audio & Electronics,AUD-WNC-001,202.3,110.0,203.55,TechGiant Store,0,0,2,9,0,0,40,8092.0,3692.0,1.45
2025-09-11,prod-1,Wireless Noise-Canceling Headphones,Audio & Electronics,AUD-WNC-001,194.02,110.0,199.14,TechGiant Store,0,0,3,9,0,0,45,8730.9,3780.9,1.45
2025-09-12,prod-1,Wireless Noise-Canceling Headphones,Audio & Electronics,AUD-WNC-001,190.74,110.0,203.36,TechGiant Store,0,0,4,9,0,0,47,8964.78,3794.78,1.45
2025-09-13,prod-1,Wireless Noise-Canceling Headphones,Audio & Electronics,AUD-WNC-001,196.15,110.0,195.21,TechGiant Store,0,0,5,9,1,0,42,8238.3,3618.3,1.45
2025-09-14,prod-1,Wireless Noise-Canceling Headphones,Audio & Electronics,AUD-WNC-001,205.32,110.0,214.84,TechGiant Store,0,0,6,9,1,0,47,9650.04,4480.04,1.45
2025-09-15,prod-1,Wireless Noise-Canceling Headphones,Audio & Electronics,AUD-WNC-001,200.17,110.0,194.72,TechGiant Store,0,0,0,9,0,0,45,9007.65,4057.65,1.45
2025-09-16,prod-1,Wireless Noise-Canceling Headphones,Audio & Electronics,AUD-WNC-001,200.17,110.0,196.94,TechGiant Store,0,0,1,9,0,0,38,7606.46,3426.46,1.45
2025-09-17,prod-1,Wireless Noise-Canceling Headphones,Audio & Electronics,AUD-WNC-001,210.87,110.0,225.78,TechGiant Store,0,0,2,9,0,0,39,8223.93,3933.93,1.45
2025-09-18,prod-1,Wireless Noise-Canceling Headphones,Audio & Electronics,AUD-WNC-001,199.72,110.0,194.41,TechGiant Store,0,0,3,9,0,0,46,9187.12,4127.12,1.45
2025-09-19,prod-1,Wireless Noise-Canceling Headphones,Audio & Electronics,AUD-WNC-001,207.35,110.0,205.01,TechGiant Store,0,0,4,9,0,0,40,8294.0,3894.0,1.45
2025-09-20,prod-1,Wireless Noise-Canceling Headphones,Audio & Electronics,AUD-WNC-001,189.88,110.0,198.96,TechGiant Store,0,0,5,9,1,0,56,10633.28,4473.28,1.45
2025-09-21,prod-1,Wireless Noise-Canceling Headphones,Audio & Electronics,AUD-WNC-001,200.77,110.0,195.77,TechGiant Store,0,0,6,9,1,0,51,10239.27,4629.27,1.45
2025-09-22,prod-1,Wireless Noise-Canceling Headphones,Audio & Electronics,AUD-WNC-001,191.95,110.0,196.43,TechGiant Store,0,0,0,9,0,0,49,9405.55,4015.55,1.45
2025-09-23,prod-1,Wireless Noise-Canceling Headphones,Audio & Electronics,AUD-WNC-001,210.28,110.0,220.93,TechGiant Store,0,0,1,9,0,0,40,8411.2,4011.2,1.45
2025-09-24,prod-1,Wireless Noise-Canceling Headphones,Audio & Electronics,AUD-WNC-001,197.57,110.0,205.59,TechGiant Store,0,0,2,9,0,0,46,9088.22,4028.22,1.45
2025-09-25,prod-1,Wireless Noise-Canceling Headphones,Audio & Electronics,AUD-WNC-001,198.83,110.0,196.79,TechGiant Store,0,1,3,9,0,0,42,8350.86,3730.86,1.45
2025-09-26,prod-1,Wireless Noise-Canceling Headphones,Audio & Electronics,AUD-WNC-001,193.51,110.0,190.88,TechGiant Store,0,1,4,9,0,0,40,7740.4,3340.4,1.45
2025-09-27,prod-1,Wireless Noise-Canceling Headphones,Audio & Electronics,AUD-WNC-001,209.72,110.0,222.97,TechGiant Store,5,1,5,9,1,0,44,8766.3,3926.3,1.45
2025-09-28,prod-1,Wireless Noise-Canceling Headphones,Audio & Electronics,AUD-WNC-001,199.64,110.0,204.57,TechGiant Store,0,0,6,9,1,0,51,10181.64,4571.64,1.45
2025-09-29,prod-1,Wireless Noise-Canceling Headphones,Audio & Electronics,AUD-WNC-001,201.82,110.0,199.63,TechGiant Store,0,0,0,9,0,0,40,8072.8,3672.8,1.45
2025-09-30,prod-1,Wireless Noise-Canceling Headphones,Audio & Electronics,AUD-WNC-001,190.25,110.0,197.68,TechGiant Store,0,0,1,9,0,0,43,8180.75,3450.75,1.45
2025-10-01,prod-1,Wireless Noise-Canceling Headphones,Audio & Electronics,AUD-WNC-001,208.72,110.0,201.73,TechGiant Store,0,0,2,10,0,0,40,8348.8,3948.8,1.45
2025-10-02,prod-1,Wireless Noise-Canceling Headphones,Audio & Electronics,AUD-WNC-001,189.45,110.0,198.43,TechGiant Store,0,0,3,10,0,0,40,7578.0,3178.0,1.45
2025-10-03,prod-1,Wireless Noise-Canceling Headphones,Audio & Electronics,AUD-WNC-001,192.59,110.0,197.28,TechGiant Store,0,0,4,10,0,0,40,7703.6,3303.6,1.45
2025-10-04,prod-1,Wireless Noise-Canceling Headphones,Audio & Electronics,AUD-WNC-001,199.09,110.0,212.02,TechGiant Store,0,1,5,10,1,0,41,8162.69,3652.69,1.45
2025-10-05,prod-1,Wireless Noise-Canceling Headphones,Audio & Electronics,AUD-WNC-001,211.97,110.0,224.76,TechGiant Store,0,0,6,10,1,0,47,9962.59,4792.59,1.45
2025-10-06,prod-1,Wireless Noise-Canceling Headphones,Audio & Electronics,AUD-WNC-001,208.36,110.0,204.18,TechGiant Store,0,0,0,10,0,0,36,7500.96,3540.96,1.45
2025-10-07,prod-1,Wireless Noise-Canceling Headphones,Audio & Electronics,AUD-WNC-001,197.62,110.0,191.11,TechGiant Store,0,0,1,10,0,0,47,9288.14,4118.14,1.45
2025-10-08,prod-1,Wireless Noise-Canceling Headphones,Audio & Electronics,AUD-WNC-001,194.36,110.0,204.87,TechGiant Store,0,0,2,10,0,0,42,8163.12,3543.12,1.45
2025-10-09,prod-1,Wireless Noise-Canceling Headphones,Audio & Electronics,AUD-WNC-001,210.97,110.0,227.73,TechGiant Store,0,0,3,10,0,0,40,8438.8,4038.8,1.45
2025-10-10,prod-1,Wireless Noise-Canceling Headphones,Audio & Electronics,AUD-WNC-001,191.71,110.0,190.87,TechGiant Store,0,0,4,10,0,0,45,8626.95,3676.95,1.45
2025-10-11,prod-1,Wireless Noise-Canceling Headphones,Audio & Electronics,AUD-WNC-001,201.0,110.0,211.0,TechGiant Store,15,1,5,10,1,0,58,9909.3,3529.3,1.45
2025-10-12,prod-1,Wireless Noise-Canceling Headphones,Audio & Electronics,AUD-WNC-001,208.45,110.0,204.05,TechGiant Store,0,0,6,10,1,0,39,8129.55,3839.55,1.45
2025-10-13,prod-1,Wireless Noise-Canceling Headphones,Audio & Electronics,AUD-WNC-001,192.45,110.0,198.49,TechGiant Store,0,0,0,10,0,0,41,7890.45,3380.45,1.45
2025-10-14,prod-1,Wireless Noise-Canceling Headphones,Audio & Electronics,AUD-WNC-001,190.87,110.0,203.63,TechGiant Store,0,0,1,10,0,0,45,8589.15,3639.15,1.45
2025-10-15,prod-1,Wireless Noise-Canceling Headphones,Audio & Electronics,AUD-WNC-001,202.86,110.0,204.95,TechGiant Store,0,0,2,10,0,0,41,8317.26,3807.26,1.45
2025-10-16,prod-1,Wireless Noise-Canceling Headphones,Audio & Electronics,AUD-WNC-001,210.42,110.0,207.16,TechGiant Store,0,0,3,10,0,0,36,7575.12,3615.12,1.45
2025-10-17,prod-1,Wireless Noise-Canceling Headphones,Audio & Electronics,AUD-WNC-001,197.49,110.0,205.51,TechGiant Store,0,0,4,10,0,0,40,7899.6,3499.6,1.45
2025-10-18,prod-1,Wireless Noise-Canceling Headphones,Audio & Electronics,AUD-WNC-001,206.03,110.0,199.58,TechGiant Store,0,0,5,10,1,0,50,10301.5,4801.5,1.45
2025-10-19,prod-1,Wireless Noise-Canceling Headphones,Audio & Electronics,AUD-WNC-001,211.9,110.0,205.29,TechGiant Store,0,0,6,10,1,0,40,8476.0,4076.0,1.45
2025-10-20,prod-1,Wireless Noise-Canceling Headphones,Audio & Electronics,AUD-WNC-001,210.39,110.0,224.21,TechGiant Store,0,0,0,10,0,0,37,7784.43,3714.43,1.45
2025-10-21,prod-1,Wireless Noise-Canceling Headphones,Audio & Electronics,AUD-WNC-001,191.78,110.0,203.3,TechGiant Store,0,0,1,10,0,0,45,8630.1,3680.1,1.45
2025-10-22,prod-1,Wireless Noise-Canceling Headphones,Audio & Electronics,AUD-WNC-001,211.68,110.0,219.82,TechGiant Store,10,1,2,10,0,0,49,9335.09,3945.09,1.45
2025-10-23,prod-1,Wireless Noise-Canceling Headphones,Audio & Electronics,AUD-WNC-001,190.48,110.0,202.93,TechGiant Store,0,0,3,10,0,0,48,9143.04,3863.04,1.45
2025-10-24,prod-1,Wireless Noise-Canceling Headphones,Audio & Electronics,AUD-WNC-001,205.81,110.0,201.42,TechGiant Store,0,0,4,10,0,0,37,7614.97,3544.97,1.45
2025-10-25,prod-1,Wireless Noise-Canceling Headphones,Audio & Electronics,AUD-WNC-001,196.22,110.0,204.56,TechGiant Store,0,0,5,10,1,0,48,9418.56,4138.56,1.45
2025-10-26,prod-1,Wireless Noise-Canceling Headphones,Audio & Electronics,AUD-WNC-001,194.02,110.0,207.4,TechGiant Store,15,1,6,10,1,0,66,10884.52,3624.52,1.45
2025-10-27,prod-1,Wireless Noise-Canceling Headphones,Audio & Electronics,AUD-WNC-001,189.05,110.0,189.06,TechGiant Store,0,0,0,10,0,0,50,9452.5,3952.5,1.45
2025-10-28,prod-1,Wireless Noise-Canceling Headphones,Audio & Electronics,AUD-WNC-001,191.87,110.0,194.37,TechGiant Store,0,0,1,10,0,0,44,8442.28,3602.28,1.45
2025-10-29,prod-1,Wireless Noise-Canceling Headphones,Audio & Electronics,AUD-WNC-001,190.68,110.0,204.68,TechGiant Store,0,0,2,10,0,0,40,7627.2,3227.2,1.45
2025-10-30,prod-1,Wireless Noise-Canceling Headphones,Audio & Electronics,AUD-WNC-001,188.86,110.0,189.67,TechGiant Store,0,0,3,10,0,0,44,8309.84,3469.84,1.45
2025-10-31,prod-1,Wireless Noise-Canceling Headphones,Audio & Electronics,AUD-WNC-001,188.99,110.0,189.7,TechGiant Store,0,0,4,10,0,0,50,9449.5,3949.5,1.45
2025-11-01,prod-1,Wireless Noise-Canceling Headphones,Audio & Electronics,AUD-WNC-001,188.95,110.0,189.5,TechGiant Store,0,0,5,11,1,0,52,9825.4,4105.4,1.45
2025-11-02,prod-1,Wireless Noise-Canceling Headphones,Audio & Electronics,AUD-WNC-001,196.48,110.0,201.82,TechGiant Store,0,0,6,11,1,0,53,10413.44,4583.44,1.45
2025-11-03,prod-1,Wireless Noise-Canceling Headphones,Audio & Electronics,AUD-WNC-001,205.98,110.0,220.62,TechGiant Store,0,0,0,11,0,0,36,7415.28,3455.28,1.45
2025-11-04,prod-1,Wireless Noise-Canceling Headphones,Audio & Electronics,AUD-WNC-001,207.19,110.0,203.3,TechGiant Store,0,0,1,11,0,0,36,7458.84,3498.84,1.45
2025-11-05,prod-1,Wireless Noise-Canceling Headphones,Audio & Electronics,AUD-WNC-001,210.18,110.0,221.51,TechGiant Store,0,0,2,11,0,0,40,8407.2,4007.2,1.45
2025-11-06,prod-1,Wireless Noise-Canceling Headphones,Audio & Electronics,AUD-WNC-001,205.63,110.0,203.53,TechGiant Store,0,0,3,11,0,0,41,8430.83,3920.83,1.45
2025-11-07,prod-1,Wireless Noise-Canceling Headphones,Audio & Electronics,AUD-WNC-001,197.17,110.0,190.2,TechGiant Store,0,0,4,11,0,0,39,7689.63,3399.63,1.45
2025-11-08,prod-1,Wireless Noise-Canceling Headphones,Audio & Electronics,AUD-WNC-001,210.03,110.0,210.44,TechGiant Store,0,0,5,11,1,0,47,9871.41,4701.41,1.45
2025-11-09,prod-1,Wireless Noise-Canceling Headphones,Audio & Electronics,AUD-WNC-001,193.34,110.0,200.92,TechGiant Store,0,0,6,11,1,0,46,8893.64,3833.64,1.45
2025-11-10,prod-1,Wireless Noise-Canceling Headphones,Audio & Electronics,AUD-WNC-001,189.66,110.0,199.67,TechGiant Store,0,0,0,11,0,0,45,8534.7,3584.7,1.45
2025-11-11,prod-1,Wireless Noise-Canceling Headphones,Audio & Electronics,AUD-WNC-001,204.3,110.0,216.81,TechGiant Store,0,0,1,11,0,0,35,7150.5,3300.5,1.45
2025-11-12,prod-1,Wireless Noise-Canceling Headphones,Audio & Electronics,AUD-WNC-001,209.04,110.0,207.23,TechGiant Store,0,0,2,11,0,0,43,8988.72,4258.72,1.45
2025-11-13,prod-1,Wireless Noise-Canceling Headphones,Audio & Electronics,AUD-WNC-001,188.91,110.0,194.88,TechGiant Store,0,0,3,11,0,0,48,9067.68,3787.68,1.45
2025-11-14,prod-1,Wireless Noise-Canceling Headphones,Audio & Electronics,AUD-WNC-001,198.46,110.0,213.96,TechGiant Store,5,1,4,11,0,0,42,7918.55,3298.55,1.45
2025-11-15,prod-1,Wireless Noise-Canceling Headphones,Audio & Electronics,AUD-WNC-001,205.0,110.0,196.84,TechGiant Store,0,0,5,11,1,0,45,9225.0,4275.0,1.45
2025-11-16,prod-1,Wireless Noise-Canceling Headphones,Audio & Electronics,AUD-WNC-001,205.26,110.0,215.32,TechGiant Store,0,0,6,11,1,0,43,8826.18,4096.18,1.45
2025-11-17,prod-1,Wireless Noise-Canceling Headphones,Audio & Electronics,AUD-WNC-001,189.67,110.0,197.2,TechGiant Store,0,0,0,11,0,0,42,7966.14,3346.14,1.45
2025-11-18,prod-1,Wireless Noise-Canceling Headphones,Audio & Electronics,AUD-WNC-001,208.34,110.0,218.0,TechGiant Store,0,0,1,11,0,0,37,7708.58,3638.58,1.45
2025-11-19,prod-1,Wireless Noise-Canceling Headphones,Audio & Electronics,AUD-WNC-001,197.79,110.0,199.43,TechGiant Store,0,0,2,11,0,0,38,7516.02,3336.02,1.45
2025-11-20,prod-1,Wireless Noise-Canceling Headphones,Audio & Electronics,AUD-WNC-001,198.08,110.0,212.51,TechGiant Store,0,0,3,11,0,1,60,11884.8,5284.8,1.45
2025-11-21,prod-1,Wireless Noise-Canceling Headphones,Audio & Electronics,AUD-WNC-001,202.76,110.0,201.97,TechGiant Store,0,0,4,11,0,1,46,9326.96,4266.96,1.45
2025-11-22,prod-1,Wireless Noise-Canceling Headphones,Audio & Electronics,AUD-WNC-001,194.88,110.0,197.14,TechGiant Store,0,0,5,11,1,1,63,12277.44,5347.44,1.45
2025-11-23,prod-1,Wireless Noise-Canceling Headphones,Audio & Electronics,AUD-WNC-001,199.15,110.0,201.75,TechGiant Store,0,0,6,11,1,1,59,11749.85,5259.85,1.45
2025-11-24,prod-1,Wireless Noise-Canceling Headphones,Audio & Electronics,AUD-WNC-001,209.62,110.0,221.26,TechGiant Store,0,0,0,11,0,1,45,9432.9,4482.9,1.45
2025-11-25,prod-1,Wireless Noise-Canceling Headphones,Audio & Electronics,AUD-WNC-001,200.36,110.0,207.56,TechGiant Store,0,0,1,11,0,1,58,11620.88,5240.88,1.45
2025-11-26,prod-1,Wireless Noise-Canceling Headphones,Audio & Electronics,AUD-WNC-001,206.02,110.0,214.41,TechGiant Store,0,0,2,11,0,1,48,9888.96,4608.96,1.45
2025-11-27,prod-1,Wireless Noise-Canceling Headphones,Audio & Electronics,AUD-WNC-001,188.58,110.0,186.58,TechGiant Store,0,0,3,11,0,1,63,11880.54,4950.54,1.45
2025-11-28,prod-1,Wireless Noise-Canceling Headphones,Audio & Electronics,AUD-WNC-001,189.74,110.0,191.59,TechGiant Store,0,0,4,11,0,1,54,10245.96,4305.96,1.45
2025-11-29,prod-1,Wireless Noise-Canceling Headphones,Audio & Electronics,AUD-WNC-001,204.7,110.0,208.66,TechGiant Store,0,0,5,11,1,1,59,12077.3,5587.3,1.45
2025-11-30,prod-1,Wireless Noise-Canceling Headphones,Audio & Electronics,AUD-WNC-001,188.12,110.0,197.55,TechGiant Store,0,0,6,11,1,1,58,10910.96,4530.96,1.45
2025-12-01,prod-1,Wireless Noise-Canceling Headphones,Audio & Electronics,AUD-WNC-001,198.19,110.0,194.45,TechGiant Store,0,0,0,12,0,0,42,8323.98,3703.98,1.45
2025-12-02,prod-1,Wireless Noise-Canceling Headphones,Audio & Electronics,AUD-WNC-001,189.2,110.0,187.29,TechGiant Store,0,0,1,12,0,0,44,8324.8,3484.8,1.45
2025-12-03,prod-1,Wireless Noise-Canceling Headphones,Audio & Electronics,AUD-WNC-001,207.22,110.0,215.53,TechGiant Store,0,0,2,12,0,0,40,8288.8,3888.8,1.45
2025-12-04,prod-1,Wireless Noise-Canceling Headphones,Audio & Electronics,AUD-WNC-001,210.79,110.0,224.91,TechGiant Store,0,0,3,12,0,0,40,8431.6,4031.6,1.45
2025-12-05,prod-1,Wireless Noise-Canceling Headphones,Audio & Electronics,AUD-WNC-001,200.1,110.0,212.04,TechGiant Store,0,0,4,12,0,0,45,9004.5,4054.5,1.45
2025-12-06,prod-1,Wireless Noise-Canceling Headphones,Audio & Electronics,AUD-WNC-001,205.84,110.0,209.33,TechGiant Store,0,0,5,12,1,0,42,8645.28,4025.28,1.45
2025-12-07,prod-1,Wireless Noise-Canceling Headphones,Audio & Electronics,AUD-WNC-001,203.29,110.0,213.84,TechGiant Store,0,0,6,12,1,0,46,9351.34,4291.34,1.45
2025-12-08,prod-1,Wireless Noise-Canceling Headphones,Audio & Electronics,AUD-WNC-001,194.58,110.0,188.61,TechGiant Store,0,0,0,12,0,0,40,7783.2,3383.2,1.45
2025-12-09,prod-1,Wireless Noise-Canceling Headphones,Audio & Electronics,AUD-WNC-001,195.66,110.0,200.52,TechGiant Store,0,0,1,12,0,0,40,7826.4,3426.4,1.45
2025-12-10,prod-1,Wireless Noise-Canceling Headphones,Audio & Electronics,AUD-WNC-001,204.64,110.0,213.8,TechGiant Store,15,1,2,12,0,0,48,8349.31,3069.31,1.45
2025-12-11,prod-1,Wireless Noise-Canceling Headphones,Audio & Electronics,AUD-WNC-001,199.17,110.0,192.69,TechGiant Store,0,0,3,12,0,0,40,7966.8,3566.8,1.45
2025-12-12,prod-1,Wireless Noise-Canceling Headphones,Audio & Electronics,AUD-WNC-001,206.46,110.0,221.64,TechGiant Store,15,1,4,12,0,0,50,8774.55,3274.55,1.45
2025-12-13,prod-1,Wireless Noise-Canceling Headphones,Audio & Electronics,AUD-WNC-001,210.62,110.0,209.74,TechGiant Store,0,0,5,12,1,0,47,9899.14,4729.14,1.45
2025-12-14,prod-1,Wireless Noise-Canceling Headphones,Audio & Electronics,AUD-WNC-001,208.05,110.0,213.17,TechGiant Store,0,0,6,12,1,0,47,9778.35,4608.35,1.45
2025-12-15,prod-1,Wireless Noise-Canceling Headphones,Audio & Electronics,AUD-WNC-001,209.54,110.0,213.43,TechGiant Store,0,0,0,12,0,1,50,10477.0,4977.0,1.45
2025-12-16,prod-1,Wireless Noise-Canceling Headphones,Audio & Electronics,AUD-WNC-001,197.32,110.0,205.27,TechGiant Store,0,0,1,12,0,1,58,11444.56,5064.56,1.45
2025-12-17,prod-1,Wireless Noise-Canceling Headphones,Audio & Electronics,AUD-WNC-001,208.16,110.0,222.8,TechGiant Store,0,0,2,12,0,1,51,10616.16,5006.16,1.45
2025-12-18,prod-1,Wireless Noise-Canceling Headphones,Audio & Electronics,AUD-WNC-001,209.76,110.0,216.27,TechGiant Store,0,0,3,12,0,1,45,9439.2,4489.2,1.45
2025-12-19,prod-1,Wireless Noise-Canceling Headphones,Audio & Electronics,AUD-WNC-001,198.28,110.0,210.97,TechGiant Store,0,0,4,12,0,1,51,10112.28,4502.28,1.45
2025-12-20,prod-1,Wireless Noise-Canceling Headphones,Audio & Electronics,AUD-WNC-001,195.85,110.0,198.7,TechGiant Store,0,0,5,12,1,1,66,12926.1,5666.1,1.45
2025-12-21,prod-1,Wireless Noise-Canceling Headphones,Audio & Electronics,AUD-WNC-001,194.67,110.0,209.1,TechGiant Store,0,0,6,12,1,1,66,12848.22,5588.22,1.45
2025-12-22,prod-1,Wireless Noise-Canceling Headphones,Audio & Electronics,AUD-WNC-001,199.28,110.0,209.22,TechGiant Store,10,1,0,12,0,1,59,10581.77,4091.77,1.45
2025-12-23,prod-1,Wireless Noise-Canceling Headphones,Audio & Electronics,AUD-WNC-001,189.64,110.0,203.84,TechGiant Store,0,1,1,12,0,1,64,12136.96,5096.96,1.45
2025-12-24,prod-1,Wireless Noise-Canceling Headphones,Audio & Electronics,AUD-WNC-001,192.78,110.0,185.54,TechGiant Store,0,0,2,12,0,1,52,10024.56,4304.56,1.45
2025-12-25,prod-1,Wireless Noise-Canceling Headphones,Audio & Electronics,AUD-WNC-001,204.06,110.0,209.71,TechGiant Store,0,0,3,12,0,1,55,11223.3,5173.3,1.45
2025-12-26,prod-1,Wireless Noise-Canceling Headphones,Audio & Electronics,AUD-WNC-001,206.4,110.0,202.3,TechGiant Store,0,0,4,12,0,1,54,11145.6,5205.6,1.45
2025-12-27,prod-1,Wireless Noise-Canceling Headphones,Audio & Electronics,AUD-WNC-001,190.74,110.0,201.86,TechGiant Store,0,0,5,12,1,1,57,10872.18,4602.18,1.45
2025-12-28,prod-1,Wireless Noise-Canceling Headphones,Audio & Electronics,AUD-WNC-001,188.61,110.0,188.13,TechGiant Store,0,0,6,12,1,1,71,13391.31,5581.31,1.45
2025-12-29,prod-1,Wireless Noise-Canceling Headphones,Audio & Electronics,AUD-WNC-001,197.51,110.0,206.56,TechGiant Store,5,1,0,12,0,1,53,9944.63,4114.63,1.45
2025-12-30,prod-1,Wireless Noise-Canceling Headphones,Audio & Electronics,AUD-WNC-001,206.53,110.0,219.34,TechGiant Store,0,0,1,12,0,1,46,9500.38,4440.38,1.45
2025-12-31,prod-1,Wireless Noise-Canceling Headphones,Audio & Electronics,AUD-WNC-001,211.6,110.0,223.01,TechGiant Store,0,0,2,12,0,1,49,10368.4,4978.4,1.45
2026-01-01,prod-1,Wireless Noise-Canceling Headphones,Audio & Electronics,AUD-WNC-001,196.88,110.0,200.96,TechGiant Store,0,0,3,1,0,1,60,11812.8,5212.8,1.45
2026-01-02,prod-1,Wireless Noise-Canceling Headphones,Audio & Electronics,AUD-WNC-001,207.73,110.0,202.05,TechGiant Store,0,0,4,1,0,1,52,10801.96,5081.96,1.45
2026-01-03,prod-1,Wireless Noise-Canceling Headphones,Audio & Electronics,AUD-WNC-001,207.88,110.0,217.21,TechGiant Store,0,0,5,1,1,1,59,12264.92,5774.92,1.45
2026-01-04,prod-1,Wireless Noise-Canceling Headphones,Audio & Electronics,AUD-WNC-001,211.16,110.0,209.56,TechGiant Store,0,0,6,1,1,1,55,11613.8,5563.8,1.45
2026-01-05,prod-1,Wireless Noise-Canceling Headphones,Audio & Electronics,AUD-WNC-001,199.59,110.0,202.04,TechGiant Store,0,0,0,1,0,1,51,10179.09,4569.09,1.45
2026-01-06,prod-1,Wireless Noise-Canceling Headphones,Audio & Electronics,AUD-WNC-001,208.43,110.0,220.87,TechGiant Store,15,1,1,1,0,0,46,8149.61,3089.61,1.45
2026-01-07,prod-1,Wireless Noise-Canceling Headphones,Audio & Electronics,AUD-WNC-001,199.14,110.0,205.76,TechGiant Store,0,0,2,1,0,0,37,7368.18,3298.18,1.45
2026-01-08,prod-1,Wireless Noise-Canceling Headphones,Audio & Electronics,AUD-WNC-001,208.41,110.0,204.62,TechGiant Store,0,0,3,1,0,0,42,8753.22,4133.22,1.45
2026-01-09,prod-1,Wireless Noise-Canceling Headphones,Audio & Electronics,AUD-WNC-001,196.16,110.0,209.04,TechGiant Store,0,0,4,1,0,0,40,7846.4,3446.4,1.45
2026-01-10,prod-1,Wireless Noise-Canceling Headphones,Audio & Electronics,AUD-WNC-001,188.23,110.0,202.12,TechGiant Store,15,1,5,1,1,0,64,10239.71,3199.71,1.45
2026-01-11,prod-1,Wireless Noise-Canceling Headphones,Audio & Electronics,AUD-WNC-001,206.19,110.0,215.03,TechGiant Store,0,0,6,1,1,0,44,9072.36,4232.36,1.45
2026-01-12,prod-1,Wireless Noise-Canceling Headphones,Audio & Electronics,AUD-WNC-001,207.02,110.0,201.05,TechGiant Store,0,0,0,1,0,0,41,8487.82,3977.82,1.45
2026-01-13,prod-1,Wireless Noise-Canceling Headphones,Audio & Electronics,AUD-WNC-001,195.34,110.0,201.16,TechGiant Store,0,0,1,1,0,0,43,8399.62,3669.62,1.45
2026-01-14,prod-1,Wireless Noise-Canceling Headphones,Audio & Electronics,AUD-WNC-001,198.2,110.0,208.01,TechGiant Store,0,0,2,1,0,0,44,8720.8,3880.8,1.45
2026-01-15,prod-1,Wireless Noise-Canceling Headphones,Audio & Electronics,AUD-WNC-001,194.49,110.0,192.58,TechGiant Store,0,0,3,1,0,0,40,7779.6,3379.6,1.45
2026-01-16,prod-1,Wireless Noise-Canceling Headphones,Audio & Electronics,AUD-WNC-001,190.86,110.0,195.5,TechGiant Store,0,0,4,1,0,0,41,7825.26,3315.26,1.45
2026-01-17,prod-1,Wireless Noise-Canceling Headphones,Audio & Electronics,AUD-WNC-001,193.18,110.0,196.68,TechGiant Store,0,0,5,1,1,0,54,10431.72,4491.72,1.45
2026-01-18,prod-1,Wireless Noise-Canceling Headphones,Audio & Electronics,AUD-WNC-001,200.58,110.0,199.37,TechGiant Store,5,1,6,1,1,0,47,8955.9,3785.9,1.45
2026-01-19,prod-1,Wireless Noise-Canceling Headphones,Audio & Electronics,AUD-WNC-001,196.65,110.0,195.92,TechGiant Store,0,0,0,1,0,0,38,7472.7,3292.7,1.45
2026-01-20,prod-1,Wireless Noise-Canceling Headphones,Audio & Electronics,AUD-WNC-001,189.08,110.0,182.75,TechGiant Store,0,0,1,1,0,0,50,9454.0,3954.0,1.45
2026-01-21,prod-1,Wireless Noise-Canceling Headphones,Audio & Electronics,AUD-WNC-001,203.3,110.0,213.53,TechGiant Store,0,1,2,1,0,0,41,8335.3,3825.3,1.45
2026-01-22,prod-1,Wireless Noise-Canceling Headphones,Audio & Electronics,AUD-WNC-001,199.26,110.0,201.82,TechGiant Store,0,0,3,1,0,0,37,7372.62,3302.62,1.45
2026-01-23,prod-1,Wireless Noise-Canceling Headphones,Audio & Electronics,AUD-WNC-001,210.57,110.0,214.22,TechGiant Store,0,0,4,1,0,0,37,7791.09,3721.09,1.45
2026-01-24,prod-1,Wireless Noise-Canceling Headphones,Audio & Electronics,AUD-WNC-001,189.77,110.0,196.51,TechGiant Store,5,1,5,1,1,0,58,10456.33,4076.33,1.45
2026-01-25,prod-1,Wireless Noise-Canceling Headphones,Audio & Electronics,AUD-WNC-001,210.77,110.0,204.49,TechGiant Store,0,0,6,1,1,0,43,9063.11,4333.11,1.45
2026-01-26,prod-1,Wireless Noise-Canceling Headphones,Audio & Electronics,AUD-WNC-001,197.98,110.0,204.22,TechGiant Store,0,0,0,1,0,0,45,8909.1,3959.1,1.45
2026-01-27,prod-1,Wireless Noise-Canceling Headphones,Audio & Electronics,AUD-WNC-001,197.12,110.0,210.73,TechGiant Store,0,0,1,1,0,0,43,8476.16,3746.16,1.45
2026-01-28,prod-1,Wireless Noise-Canceling Headphones,Audio & Electronics,AUD-WNC-001,198.28,110.0,203.88,TechGiant Store,0,1,2,1,0,0,46,9120.88,4060.88,1.45
2026-01-29,prod-1,Wireless Noise-Canceling Headphones,Audio & Electronics,AUD-WNC-001,192.98,110.0,190.15,TechGiant Store,0,0,3,1,0,0,40,7719.2,3319.2,1.45
2026-01-30,prod-1,Wireless Noise-Canceling Headphones,Audio & Electronics,AUD-WNC-001,192.16,110.0,186.2,TechGiant Store,15,1,4,1,0,0,58,9473.49,3093.49,1.45
2026-01-31,prod-1,Wireless Noise-Canceling Headphones,Audio & Electronics,AUD-WNC-001,199.27,110.0,192.08,TechGiant Store,0,0,5,1,1,0,44,8767.88,3927.88,1.45
2026-02-01,prod-1,Wireless Noise-Canceling Headphones,Audio & Electronics,AUD-WNC-001,208.62,110.0,202.06,TechGiant Store,0,0,6,2,1,0,41,8553.42,4043.42,1.45
2026-02-02,prod-1,Wireless Noise-Canceling Headphones,Audio & Electronics,AUD-WNC-001,206.98,110.0,213.35,TechGiant Store,0,0,0,2,0,0,36,7451.28,3491.28,1.45
2026-02-03,prod-1,Wireless Noise-Canceling Headphones,Audio & Electronics,AUD-WNC-001,190.75,110.0,188.27,TechGiant Store,0,0,1,2,0,0,42,8011.5,3391.5,1.45
2026-02-04,prod-1,Wireless Noise-Canceling Headphones,Audio & Electronics,AUD-WNC-001,191.4,110.0,185.11,TechGiant Store,0,0,2,2,0,0,45,8613.0,3663.0,1.45
2026-02-05,prod-1,Wireless Noise-Canceling Headphones,Audio & Electronics,AUD-WNC-001,207.77,110.0,222.43,TechGiant Store,0,0,3,2,0,0,39,8103.03,3813.03,1.45
2026-02-06,prod-1,Wireless Noise-Canceling Headphones,Audio & Electronics,AUD-WNC-001,195.29,110.0,196.91,TechGiant Store,0,0,4,2,0,0,43,8397.47,3667.47,1.45
2026-02-07,prod-1,Wireless Noise-Canceling Headphones,Audio & Electronics,AUD-WNC-001,198.5,110.0,204.81,TechGiant Store,0,0,5,2,1,0,49,9726.5,4336.5,1.45
2026-02-08,prod-1,Wireless Noise-Canceling Headphones,Audio & Electronics,AUD-WNC-001,202.48,110.0,195.01,TechGiant Store,0,0,6,2,1,0,47,9516.56,4346.56,1.45
2026-02-09,prod-1,Wireless Noise-Canceling Headphones,Audio & Electronics,AUD-WNC-001,208.64,110.0,214.99,TechGiant Store,10,1,0,2,0,0,46,8637.7,3577.7,1.45
2026-02-10,prod-1,Wireless Noise-Canceling Headphones,Audio & Electronics,AUD-WNC-001,206.3,110.0,202.39,TechGiant Store,0,0,1,2,0,0,39,8045.7,3755.7,1.45
2026-02-11,prod-1,Wireless Noise-Canceling Headphones,Audio & Electronics,AUD-WNC-001,194.67,110.0,210.17,TechGiant Store,0,0,2,2,0,0,46,8954.82,3894.82,1.45
2026-02-12,prod-1,Wireless Noise-Canceling Headphones,Audio & Electronics,AUD-WNC-001,211.25,110.0,214.71,TechGiant Store,0,0,3,2,0,0,36,7605.0,3645.0,1.45
2026-02-13,prod-1,Wireless Noise-Canceling Headphones,Audio & Electronics,AUD-WNC-001,190.5,110.0,186.56,TechGiant Store,0,0,4,2,0,0,44,8382.0,3542.0,1.45
2026-02-14,prod-1,Wireless Noise-Canceling Headphones,Audio & Electronics,AUD-WNC-001,203.89,110.0,205.53,TechGiant Store,0,0,5,2,1,0,40,8155.6,3755.6,1.45
2026-02-15,prod-1,Wireless Noise-Canceling Headphones,Audio & Electronics,AUD-WNC-001,190.1,110.0,188.25,TechGiant Store,15,1,6,2,1,0,69,11149.36,3559.36,1.45
2026-02-16,prod-1,Wireless Noise-Canceling Headphones,Audio & Electronics,AUD-WNC-001,207.79,110.0,199.51,TechGiant Store,0,0,0,2,0,0,39,8103.81,3813.81,1.45
2026-02-17,prod-1,Wireless Noise-Canceling Headphones,Audio & Electronics,AUD-WNC-001,189.29,110.0,193.49,TechGiant Store,0,0,1,2,0,0,45,8518.05,3568.05,1.45
2026-02-18,prod-1,Wireless Noise-Canceling Headphones,Audio & Electronics,AUD-WNC-001,198.6,110.0,191.89,TechGiant Store,0,0,2,2,0,0,38,7546.8,3366.8,1.45
2026-02-19,prod-1,Wireless Noise-Canceling Headphones,Audio & Electronics,AUD-WNC-001,194.9,110.0,207.71,TechGiant Store,0,0,3,2,0,0,38,7406.2,3226.2,1.45
2026-02-20,prod-1,Wireless Noise-Canceling Headphones,Audio & Electronics,AUD-WNC-001,203.11,110.0,214.47,TechGiant Store,0,0,4,2,0,0,38,7718.18,3538.18,1.45
2026-02-21,prod-1,Wireless Noise-Canceling Headphones,Audio & Electronics,AUD-WNC-001,188.32,110.0,190.01,TechGiant Store,0,0,5,2,1,0,55,10357.6,4307.6,1.45
2026-02-22,prod-1,Wireless Noise-Canceling Headphones,Audio & Electronics,AUD-WNC-001,190.71,110.0,204.76,TechGiant Store,0,0,6,2,1,0,45,8581.95,3631.95,1.45
2026-02-23,prod-1,Wireless Noise-Canceling Headphones,Audio & Electronics,AUD-WNC-001,210.37,110.0,209.32,TechGiant Store,0,0,0,2,0,0,37,7783.69,3713.69,1.45
2026-02-24,prod-1,Wireless Noise-Canceling Headphones,Audio & Electronics,AUD-WNC-001,199.57,110.0,202.9,TechGiant Store,0,0,1,2,0,0,38,7583.66,3403.66,1.45
2026-02-25,prod-1,Wireless Noise-Canceling Headphones,Audio & Electronics,AUD-WNC-001,192.57,110.0,198.72,TechGiant Store,0,0,2,2,0,0,40,7702.8,3302.8,1.45
2026-02-26,prod-1,Wireless Noise-Canceling Headphones,Audio & Electronics,AUD-WNC-001,189.67,110.0,199.67,TechGiant Store,0,0,3,2,0,0,43,8155.81,3425.81,1.45
2026-02-27,prod-1,Wireless Noise-Canceling Headphones,Audio & Electronics,AUD-WNC-001,206.89,110.0,205.25,TechGiant Store,10,1,4,2,0,0,49,9123.85,3733.85,1.45
2026-02-28,prod-1,Wireless Noise-Canceling Headphones,Audio & Electronics,AUD-WNC-001,201.91,110.0,209.82,TechGiant Store,0,0,5,2,1,0,45,9085.95,4135.95,1.45
2026-03-01,prod-1,Wireless Noise-Canceling Headphones,Audio & Electronics,AUD-WNC-001,199.61,110.0,199.59,TechGiant Store,0,0,6,3,1,0,45,8982.45,4032.45,1.45
2026-03-02,prod-1,Wireless Noise-Canceling Headphones,Audio & Electronics,AUD-WNC-001,210.38,110.0,223.92,TechGiant Store,0,0,0,3,0,0,36,7573.68,3613.68,1.45
2026-03-03,prod-1,Wireless Noise-Canceling Headphones,Audio & Electronics,AUD-WNC-001,197.18,110.0,209.55,TechGiant Store,0,0,1,3,0,0,40,7887.2,3487.2,1.45
2026-03-04,prod-1,Wireless Noise-Canceling Headphones,Audio & Electronics,AUD-WNC-001,199.34,110.0,213.22,TechGiant Store,0,0,2,3,0,0,46,9169.64,4109.64,1.45
2026-03-05,prod-1,Wireless Noise-Canceling Headphones,Audio & Electronics,AUD-WNC-001,207.01,110.0,214.93,TechGiant Store,0,0,3,3,0,0,44,9108.44,4268.44,1.45
2026-03-06,prod-1,Wireless Noise-Canceling Headphones,Audio & Electronics,AUD-WNC-001,191.02,110.0,205.51,TechGiant Store,0,0,4,3,0,0,40,7640.8,3240.8,1.45
2026-03-07,prod-1,Wireless Noise-Canceling Headphones,Audio & Electronics,AUD-WNC-001,208.27,110.0,202.43,TechGiant Store,0,0,5,3,1,0,38,7914.26,3734.26,1.45
2026-03-08,prod-1,Wireless Noise-Canceling Headphones,Audio & Electronics,AUD-WNC-001,191.45,110.0,203.8,TechGiant Store,0,0,6,3,1,0,44,8423.8,3583.8,1.45
2026-03-09,prod-1,Wireless Noise-Canceling Headphones,Audio & Electronics,AUD-WNC-001,206.75,110.0,205.06,TechGiant Store,0,0,0,3,0,0,38,7856.5,3676.5,1.45
2026-03-10,prod-1,Wireless Noise-Canceling Headphones,Audio & Electronics,AUD-WNC-001,189.92,110.0,189.81,TechGiant Store,0,0,1,3,0,0,45,8546.4,3596.4,1.45
2026-03-11,prod-1,Wireless Noise-Canceling Headphones,Audio & Electronics,AUD-WNC-001,210.89,110.0,218.32,TechGiant Store,0,0,2,3,0,0,38,8013.82,3833.82,1.45
2026-03-12,prod-1,Wireless Noise-Canceling Headphones,Audio & Electronics,AUD-WNC-001,200.97,110.0,207.82,TechGiant Store,0,0,3,3,0,0,43,8641.71,3911.71,1.45
2026-03-13,prod-1,Wireless Noise-Canceling Headphones,Audio & Electronics,AUD-WNC-001,194.89,110.0,192.41,TechGiant Store,0,1,4,3,0,0,45,8770.05,3820.05,1.45
2026-03-14,prod-1,Wireless Noise-Canceling Headphones,Audio & Electronics,AUD-WNC-001,204.88,110.0,199.16,TechGiant Store,0,0,5,3,1,0,42,8604.96,3984.96,1.45
2026-03-15,prod-1,Wireless Noise-Canceling Headphones,Audio & Electronics,AUD-WNC-001,188.69,110.0,188.49,TechGiant Store,10,1,6,3,1,0,57,9679.8,3409.8,1.45
2026-03-16,prod-1,Wireless Noise-Canceling Headphones,Audio & Electronics,AUD-WNC-001,191.48,110.0,196.03,TechGiant Store,0,0,0,3,0,0,47,8999.56,3829.56,1.45
2026-03-17,prod-1,Wireless Noise-Canceling Headphones,Audio & Electronics,AUD-WNC-001,192.07,110.0,186.21,TechGiant Store,0,0,1,3,0,0,45,8643.15,3693.15,1.45
2026-03-18,prod-1,Wireless Noise-Canceling Headphones,Audio & Electronics,AUD-WNC-001,193.77,110.0,207.24,TechGiant Store,0,0,2,3,0,0,43,8332.11,3602.11,1.45
2026-03-19,prod-1,Wireless Noise-Canceling Headphones,Audio & Electronics,AUD-WNC-001,194.09,110.0,192.27,TechGiant Store,15,1,3,3,0,0,60,9898.59,3298.59,1.45
2026-03-20,prod-1,Wireless Noise-Canceling Headphones,Audio & Electronics,AUD-WNC-001,204.25,110.0,199.95,TechGiant Store,0,0,4,3,0,0,38,7761.5,3581.5,1.45
2026-03-21,prod-1,Wireless Noise-Canceling Headphones,Audio & Electronics,AUD-WNC-001,202.09,110.0,209.5,TechGiant Store,0,0,5,3,1,0,43,8689.87,3959.87,1.45
2026-03-22,prod-1,Wireless Noise-Canceling Headphones,Audio & Electronics,AUD-WNC-001,208.28,110.0,204.93,TechGiant Store,0,0,6,3,1,0,43,8956.04,4226.04,1.45
2026-03-23,prod-1,Wireless Noise-Canceling Headphones,Audio & Electronics,AUD-WNC-001,193.68,110.0,199.23,TechGiant Store,0,0,0,3,0,0,48,9296.64,4016.64,1.45
2026-03-24,prod-1,Wireless Noise-Canceling Headphones,Audio & Electronics,AUD-WNC-001,195.08,110.0,210.17,TechGiant Store,0,0,1,3,0,0,40,7803.2,3403.2,1.45
2026-03-25,prod-1,Wireless Noise-Canceling Headphones,Audio & Electronics,AUD-WNC-001,201.57,110.0,210.1,TechGiant Store,0,0,2,3,0,0,36,7256.52,3296.52,1.45
2026-03-26,prod-1,Wireless Noise-Canceling Headphones,Audio & Electronics,AUD-WNC-001,202.54,110.0,206.51,TechGiant Store,0,0,3,3,0,0,38,7696.52,3516.52,1.45
2026-03-27,prod-1,Wireless Noise-Canceling Headphones,Audio & Electronics,AUD-WNC-001,207.16,110.0,213.96,TechGiant Store,0,0,4,3,0,0,40,8286.4,3886.4,1.45
2026-03-28,prod-1,Wireless Noise-Canceling Headphones,Audio & Electronics,AUD-WNC-001,202.89,110.0,211.28,TechGiant Store,0,0,5,3,1,0,47,9535.83,4365.83,1.45
2026-03-29,prod-1,Wireless Noise-Canceling Headphones,Audio & Electronics,AUD-WNC-001,208.11,110.0,215.47,TechGiant Store,0,0,6,3,1,0,45,9364.95,4414.95,1.45
2026-03-30,prod-1,Wireless Noise-Canceling Headphones,Audio & Electronics,AUD-WNC-001,195.4,110.0,197.92,TechGiant Store,0,0,0,3,0,0,45,8793.0,3843.0,1.45
2026-03-31,prod-1,Wireless Noise-Canceling Headphones,Audio & Electronics,AUD-WNC-001,190.15,110.0,189.28,TechGiant Store,0,0,1,3,0,0,41,7796.15,3286.15,1.45
2026-04-01,prod-1,Wireless Noise-Canceling Headphones,Audio & Electronics,AUD-WNC-001,191.16,110.0,195.89,TechGiant Store,0,0,2,4,0,0,44,8411.04,3571.04,1.45
2026-04-02,prod-1,Wireless Noise-Canceling Headphones,Audio & Electronics,AUD-WNC-001,209.91,110.0,222.43,TechGiant Store,0,0,3,4,0,0,41,8606.31,4096.31,1.45
2026-04-03,prod-1,Wireless Noise-Canceling Headphones,Audio & Electronics,AUD-WNC-001,199.55,110.0,210.88,TechGiant Store,0,0,4,4,0,0,40,7982.0,3582.0,1.45
2026-04-04,prod-1,Wireless Noise-Canceling Headphones,Audio & Electronics,AUD-WNC-001,190.75,110.0,205.16,TechGiant Store,0,0,5,4,1,0,55,10491.25,4441.25,1.45
2026-04-05,prod-1,Wireless Noise-Canceling Headphones,Audio & Electronics,AUD-WNC-001,208.63,110.0,218.42,TechGiant Store,0,0,6,4,1,0,48,10014.24,4734.24,1.45
2026-04-06,prod-1,Wireless Noise-Canceling Headphones,Audio & Electronics,AUD-WNC-001,207.3,110.0,208.11,TechGiant Store,0,0,0,4,0,0,34,7048.2,3308.2,1.45
2026-04-07,prod-1,Wireless Noise-Canceling Headphones,Audio & Electronics,AUD-WNC-001,200.87,110.0,203.8,TechGiant Store,0,0,1,4,0,0,43,8637.41,3907.41,1.45
2026-04-08,prod-1,Wireless Noise-Canceling Headphones,Audio & Electronics,AUD-WNC-001,202.02,110.0,213.88,TechGiant Store,0,0,2,4,0,0,37,7474.74,3404.74,1.45
2026-04-09,prod-1,Wireless Noise-Canceling Headphones,Audio & Electronics,AUD-WNC-001,193.6,110.0,186.44,TechGiant Store,0,0,3,4,0,0,44,8518.4,3678.4,1.45
2026-04-10,prod-1,Wireless Noise-Canceling Headphones,Audio & Electronics,AUD-WNC-001,209.96,110.0,207.14,TechGiant Store,15,1,4,4,0,0,53,9458.7,3628.7,1.45
2026-04-11,prod-1,Wireless Noise-Canceling Headphones,Audio & Electronics,AUD-WNC-001,195.24,110.0,197.0,TechGiant Store,0,0,5,4,1,0,53,10347.72,4517.72,1.45
2026-04-12,prod-1,Wireless Noise-Canceling Headphones,Audio & Electronics,AUD-WNC-001,195.29,110.0,199.02,TechGiant Store,5,1,6,4,1,0,50,9276.27,3776.27,1.45
2026-04-13,prod-1,Wireless Noise-Canceling Headphones,Audio & Electronics,AUD-WNC-001,196.89,110.0,211.45,TechGiant Store,0,0,0,4,0,0,43,8466.27,3736.27,1.45
2026-04-14,prod-1,Wireless Noise-Canceling Headphones,Audio & Electronics,AUD-WNC-001,202.09,110.0,211.63,TechGiant Store,0,0,1,4,0,0,42,8487.78,3867.78,1.45
2026-04-15,prod-1,Wireless Noise-Canceling Headphones,Audio & Electronics,AUD-WNC-001,208.0,110.0,215.05,TechGiant Store,0,0,2,4,0,0,37,7696.0,3626.0,1.45
2026-04-16,prod-1,Wireless Noise-Canceling Headphones,Audio & Electronics,AUD-WNC-001,204.56,110.0,201.71,TechGiant Store,0,0,3,4,0,0,37,7568.72,3498.72,1.45
2026-04-17,prod-1,Wireless Noise-Canceling Headphones,Audio & Electronics,AUD-WNC-001,196.69,110.0,211.98,TechGiant Store,0,0,4,4,0,0,46,9047.74,3987.74,1.45
2026-04-18,prod-1,Wireless Noise-Canceling Headphones,Audio & Electronics,AUD-WNC-001,203.47,110.0,196.81,TechGiant Store,0,0,5,4,1,0,50,10173.5,4673.5,1.45
2026-04-19,prod-1,Wireless Noise-Canceling Headphones,Audio & Electronics,AUD-WNC-001,210.77,110.0,223.18,TechGiant Store,5,1,6,4,1,0,48,9611.11,4331.11,1.45
2026-04-20,prod-1,Wireless Noise-Canceling Headphones,Audio & Electronics,AUD-WNC-001,202.32,110.0,194.75,TechGiant Store,0,0,0,4,0,0,38,7688.16,3508.16,1.45
2026-04-21,prod-1,Wireless Noise-Canceling Headphones,Audio & Electronics,AUD-WNC-001,191.01,110.0,196.31,TechGiant Store,5,1,1,4,0,0,48,8710.06,3430.06,1.45
2026-04-22,prod-1,Wireless Noise-Canceling Headphones,Audio & Electronics,AUD-WNC-001,207.5,110.0,205.0,TechGiant Store,0,0,2,4,0,0,42,8715.0,4095.0,1.45
2026-04-23,prod-1,Wireless Noise-Canceling Headphones,Audio & Electronics,AUD-WNC-001,202.29,110.0,200.93,TechGiant Store,0,0,3,4,0,0,45,9103.05,4153.05,1.45
2026-04-24,prod-1,Wireless Noise-Canceling Headphones,Audio & Electronics,AUD-WNC-001,200.96,110.0,212.18,TechGiant Store,0,1,4,4,0,0,37,7435.52,3365.52,1.45
2026-04-25,prod-1,Wireless Noise-Canceling Headphones,Audio & Electronics,AUD-WNC-001,196.59,110.0,207.33,TechGiant Store,0,0,5,4,1,0,42,8256.78,3636.78,1.45
2026-04-26,prod-1,Wireless Noise-Canceling Headphones,Audio & Electronics,AUD-WNC-001,194.36,110.0,189.54,TechGiant Store,0,0,6,4,1,0,44,8551.84,3711.84,1.45
2026-04-27,prod-1,Wireless Noise-Canceling Headphones,Audio & Electronics,AUD-WNC-001,189.52,110.0,192.13,TechGiant Store,0,0,0,4,0,0,46,8717.92,3657.92,1.45
2026-04-28,prod-1,Wireless Noise-Canceling Headphones,Audio & Electronics,AUD-WNC-001,198.84,110.0,196.17,TechGiant Store,0,0,1,4,0,0,44,8748.96,3908.96,1.45
2026-04-29,prod-1,Wireless Noise-Canceling Headphones,Audio & Electronics,AUD-WNC-001,209.8,110.0,218.0,TechGiant Store,0,0,2,4,0,0,40,8392.0,3992.0,1.45
2026-04-30,prod-1,Wireless Noise-Canceling Headphones,Audio & Electronics,AUD-WNC-001,188.74,110.0,203.81,TechGiant Store,0,0,3,4,0,0,44,8304.56,3464.56,1.45
2026-05-01,prod-1,Wireless Noise-Canceling Headphones,Audio & Electronics,AUD-WNC-001,190.58,110.0,199.25,TechGiant Store,0,0,4,5,0,0,48,9147.84,3867.84,1.45
2026-05-02,prod-1,Wireless Noise-Canceling Headphones,Audio & Electronics,AUD-WNC-001,195.72,110.0,191.38,TechGiant Store,0,0,5,5,1,0,49,9590.28,4200.28,1.45
2026-05-03,prod-1,Wireless Noise-Canceling Headphones,Audio & Electronics,AUD-WNC-001,202.04,110.0,211.22,TechGiant Store,0,0,6,5,1,0,47,9495.88,4325.88,1.45
2026-05-04,prod-1,Wireless Noise-Canceling Headphones,Audio & Electronics,AUD-WNC-001,195.07,110.0,199.1,TechGiant Store,0,0,0,5,0,0,46,8973.22,3913.22,1.45
2026-05-05,prod-1,Wireless Noise-Canceling Headphones,Audio & Electronics,AUD-WNC-001,190.74,110.0,198.1,TechGiant Store,0,0,1,5,0,0,45,8583.3,3633.3,1.45
2026-05-06,prod-1,Wireless Noise-Canceling Headphones,Audio & Electronics,AUD-WNC-001,208.76,110.0,211.18,TechGiant Store,0,0,2,5,0,0,38,7932.88,3752.88,1.45
2026-05-07,prod-1,Wireless Noise-Canceling Headphones,Audio & Electronics,AUD-WNC-001,207.85,110.0,209.48,TechGiant Store,0,0,3,5,0,0,37,7690.45,3620.45,1.45
2026-05-08,prod-1,Wireless Noise-Canceling Headphones,Audio & Electronics,AUD-WNC-001,195.49,110.0,193.65,TechGiant Store,0,0,4,5,0,0,44,8601.56,3761.56,1.45
2026-05-09,prod-1,Wireless Noise-Canceling Headphones,Audio & Electronics,AUD-WNC-001,199.37,110.0,193.58,TechGiant Store,15,1,5,5,1,0,53,8981.62,3151.62,1.45
2026-05-10,prod-1,Wireless Noise-Canceling Headphones,Audio & Electronics,AUD-WNC-001,205.72,110.0,217.53,TechGiant Store,0,0,6,5,1,0,45,9257.4,4307.4,1.45
2026-05-11,prod-1,Wireless Noise-Canceling Headphones,Audio & Electronics,AUD-WNC-001,201.47,110.0,201.38,TechGiant Store,0,0,0,5,0,0,39,7857.33,3567.33,1.45
2026-05-12,prod-1,Wireless Noise-Canceling Headphones,Audio & Electronics,AUD-WNC-001,203.96,110.0,214.16,TechGiant Store,0,0,1,5,0,0,42,8566.32,3946.32,1.45
2026-05-13,prod-1,Wireless Noise-Canceling Headphones,Audio & Electronics,AUD-WNC-001,211.23,110.0,218.0,TechGiant Store,0,0,2,5,0,0,39,8237.97,3947.97,1.45
2026-05-14,prod-1,Wireless Noise-Canceling Headphones,Audio & Electronics,AUD-WNC-001,193.1,110.0,200.59,TechGiant Store,0,0,3,5,0,0,39,7530.9,3240.9,1.45
2026-05-15,prod-1,Wireless Noise-Canceling Headphones,Audio & Electronics,AUD-WNC-001,208.28,110.0,209.14,TechGiant Store,0,0,4,5,0,0,39,8122.92,3832.92,1.45
2026-05-16,prod-1,Wireless Noise-Canceling Headphones,Audio & Electronics,AUD-WNC-001,207.36,110.0,220.1,TechGiant Store,0,0,5,5,1,0,47,9745.92,4575.92,1.45
2026-05-17,prod-1,Wireless Noise-Canceling Headphones,Audio & Electronics,AUD-WNC-001,202.72,110.0,210.25,TechGiant Store,10,1,6,5,1,0,47,8575.06,3405.06,1.45
2026-05-18,prod-1,Wireless Noise-Canceling Headphones,Audio & Electronics,AUD-WNC-001,194.55,110.0,204.57,TechGiant Store,0,0,0,5,0,0,41,7976.55,3466.55,1.45
2026-05-19,prod-1,Wireless Noise-Canceling Headphones,Audio & Electronics,AUD-WNC-001,192.34,110.0,187.95,TechGiant Store,0,0,1,5,0,0,39,7501.26,3211.26,1.45
2026-05-20,prod-1,Wireless Noise-Canceling Headphones,Audio & Electronics,AUD-WNC-001,205.77,110.0,221.54,TechGiant Store,5,1,2,5,0,0,41,8014.74,3504.74,1.45
2026-05-21,prod-1,Wireless Noise-Canceling Headphones,Audio & Electronics,AUD-WNC-001,198.88,110.0,194.68,TechGiant Store,0,0,3,5,0,0,40,7955.2,3555.2,1.45
2026-05-22,prod-1,Wireless Noise-Canceling Headphones,Audio & Electronics,AUD-WNC-001,210.58,110.0,217.22,TechGiant Store,0,0,4,5,0,0,35,7370.3,3520.3,1.45
2026-05-23,prod-1,Wireless Noise-Canceling Headphones,Audio & Electronics,AUD-WNC-001,206.1,110.0,199.09,TechGiant Store,15,1,5,5,1,0,58,10160.73,3780.73,1.45
2026-05-24,prod-1,Wireless Noise-Canceling Headphones,Audio & Electronics,AUD-WNC-001,199.65,110.0,202.25,TechGiant Store,0,0,6,5,1,0,49,9782.85,4392.85,1.45
2026-05-25,prod-1,Wireless Noise-Canceling Headphones,Audio & Electronics,AUD-WNC-001,190.72,110.0,192.93,TechGiant Store,0,0,0,5,0,0,46,8773.12,3713.12,1.45
2026-05-26,prod-1,Wireless Noise-Canceling Headphones,Audio & Electronics,AUD-WNC-001,199.67,110.0,207.67,TechGiant Store,15,1,1,5,0,0,59,10013.45,3523.45,1.45
2026-05-27,prod-1,Wireless Noise-Canceling Headphones,Audio & Electronics,AUD-WNC-001,189.31,110.0,186.38,TechGiant Store,0,0,2,5,0,0,48,9086.88,3806.88,1.45
2026-05-28,prod-1,Wireless Noise-Canceling Headphones,Audio & Electronics,AUD-WNC-001,206.33,110.0,205.24,TechGiant Store,15,1,3,5,0,0,53,9295.17,3465.17,1.45
2026-05-29,prod-1,Wireless Noise-Canceling Headphones,Audio & Electronics,AUD-WNC-001,192.21,110.0,193.29,TechGiant Store,0,0,4,5,0,0,44,8457.24,3617.24,1.45
2026-05-30,prod-1,Wireless Noise-Canceling Headphones,Audio & Electronics,AUD-WNC-001,207.99,110.0,219.79,TechGiant Store,0,1,5,5,1,0,43,8943.57,4213.57,1.45
2026-05-31,prod-1,Wireless Noise-Canceling Headphones,Audio & Electronics,AUD-WNC-001,199.02,110.0,192.92,TechGiant Store,0,0,6,5,1,0,46,9154.92,4094.92,1.45
2026-06-01,prod-1,Wireless Noise-Canceling Headphones,Audio & Electronics,AUD-WNC-001,197.7,110.0,204.98,TechGiant Store,0,0,0,6,0,0,41,8105.7,3595.7,1.45
2026-06-02,prod-1,Wireless Noise-Canceling Headphones,Audio & Electronics,AUD-WNC-001,211.18,110.0,207.09,TechGiant Store,0,0,1,6,0,0,38,8024.84,3844.84,1.45
2026-06-03,prod-1,Wireless Noise-Canceling Headphones,Audio & Electronics,AUD-WNC-001,204.54,110.0,205.24,TechGiant Store,0,0,2,6,0,0,36,7363.44,3403.44,1.45
2026-06-04,prod-1,Wireless Noise-Canceling Headphones,Audio & Electronics,AUD-WNC-001,198.45,110.0,200.05,TechGiant Store,10,1,3,6,0,0,51,9108.85,3498.85,1.45
2026-06-05,prod-1,Wireless Noise-Canceling Headphones,Audio & Electronics,AUD-WNC-001,193.31,110.0,203.65,TechGiant Store,0,1,4,6,0,0,44,8505.64,3665.64,1.45
2026-06-06,prod-1,Wireless Noise-Canceling Headphones,Audio & Electronics,AUD-WNC-001,192.64,110.0,202.88,TechGiant Store,0,0,5,6,1,0,54,10402.56,4462.56,1.45
2026-06-07,prod-1,Wireless Noise-Canceling Headphones,Audio & Electronics,AUD-WNC-001,203.48,110.0,198.95,TechGiant Store,10,1,6,6,1,0,49,8973.47,3583.47,1.45
2026-06-08,prod-1,Wireless Noise-Canceling Headphones,Audio & Electronics,AUD-WNC-001,202.45,110.0,212.82,TechGiant Store,0,0,0,6,0,0,37,7490.65,3420.65,1.45
2026-06-09,prod-1,Wireless Noise-Canceling Headphones,Audio & Electronics,AUD-WNC-001,206.54,110.0,210.52,TechGiant Store,0,0,1,6,0,0,42,8674.68,4054.68,1.45
2026-06-10,prod-1,Wireless Noise-Canceling Headphones,Audio & Electronics,AUD-WNC-001,198.76,110.0,212.85,TechGiant Store,0,0,2,6,0,0,43,8546.68,3816.68,1.45
2026-06-11,prod-1,Wireless Noise-Canceling Headphones,Audio & Electronics,AUD-WNC-001,202.98,110.0,215.91,TechGiant Store,0,0,3,6,0,0,37,7510.26,3440.26,1.45
2026-06-12,prod-1,Wireless Noise-Canceling Headphones,Audio & Electronics,AUD-WNC-001,189.63,110.0,192.11,TechGiant Store,0,0,4,6,0,0,42,7964.46,3344.46,1.45
2026-06-13,prod-1,Wireless Noise-Canceling Headphones,Audio & Electronics,AUD-WNC-001,189.34,110.0,193.29,TechGiant Store,0,0,5,6,1,0,49,9277.66,3887.66,1.45
2026-06-14,prod-1,Wireless Noise-Canceling Headphones,Audio & Electronics,AUD-WNC-001,189.36,110.0,200.68,TechGiant Store,0,1,6,6,1,0,51,9657.36,4047.36,1.45
2026-06-15,prod-1,Wireless Noise-Canceling Headphones,Audio & Electronics,AUD-WNC-001,200.16,110.0,203.27,TechGiant Store,0,0,0,6,0,0,44,8807.04,3967.04,1.45
2026-06-16,prod-1,Wireless Noise-Canceling Headphones,Audio & Electronics,AUD-WNC-001,209.49,110.0,212.42,TechGiant Store,0,0,1,6,0,0,40,8379.6,3979.6,1.45
2026-06-17,prod-1,Wireless Noise-Canceling Headphones,Audio & Electronics,AUD-WNC-001,195.71,110.0,199.05,TechGiant Store,0,0,2,6,0,0,38,7436.98,3256.98,1.45
2026-06-18,prod-1,Wireless Noise-Canceling Headphones,Audio & Electronics,AUD-WNC-001,190.47,110.0,203.4,TechGiant Store,0,0,3,6,0,0,47,8952.09,3782.09,1.45
2026-06-19,prod-1,Wireless Noise-Canceling Headphones,Audio & Electronics,AUD-WNC-001,200.1,110.0,196.24,TechGiant Store,0,0,4,6,0,0,41,8204.1,3694.1,1.45
2026-06-20,prod-1,Wireless Noise-Canceling Headphones,Audio & Electronics,AUD-WNC-001,198.54,110.0,203.05,TechGiant Store,0,0,5,6,1,0,45,8934.3,3984.3,1.45
2026-06-21,prod-1,Wireless Noise-Canceling Headphones,Audio & Electronics,AUD-WNC-001,194.78,110.0,196.54,TechGiant Store,0,0,6,6,1,0,49,9544.22,4154.22,1.45
2026-06-22,prod-1,Wireless Noise-Canceling Headphones,Audio & Electronics,AUD-WNC-001,206.93,110.0,214.73,TechGiant Store,0,1,0,6,0,0,40,8277.2,3877.2,1.45
2026-06-23,prod-1,Wireless Noise-Canceling Headphones,Audio & Electronics,AUD-WNC-001,197.27,110.0,195.34,TechGiant Store,0,0,1,6,0,0,47,9271.69,4101.69,1.45
2026-06-24,prod-1,Wireless Noise-Canceling Headphones,Audio & Electronics,AUD-WNC-001,202.45,110.0,198.01,TechGiant Store,5,1,2,6,0,0,48,9231.72,3951.72,1.45
2026-06-25,prod-1,Wireless Noise-Canceling Headphones,Audio & Electronics,AUD-WNC-001,195.44,110.0,203.01,TechGiant Store,0,0,3,6,0,0,39,7622.16,3332.16,1.45
2026-06-26,prod-1,Wireless Noise-Canceling Headphones,Audio & Electronics,AUD-WNC-001,205.0,110.0,198.88,TechGiant Store,0,0,4,6,0,0,41,8405.0,3895.0,1.45
2026-06-27,prod-1,Wireless Noise-Canceling Headphones,Audio & Electronics,AUD-WNC-001,195.87,110.0,191.04,TechGiant Store,0,0,5,6,1,0,53,10381.11,4551.11,1.45
2026-06-28,prod-1,Wireless Noise-Canceling Headphones,Audio & Electronics,AUD-WNC-001,211.92,110.0,226.65,TechGiant Store,15,1,6,6,1,0,54,9727.13,3787.13,1.45
2026-06-29,prod-1,Wireless Noise-Canceling Headphones,Audio & Electronics,AUD-WNC-001,188.43,110.0,187.88,TechGiant Store,0,0,0,6,0,0,43,8102.49,3372.49,1.45
2026-06-30,prod-1,Wireless Noise-Canceling Headphones,Audio & Electronics,AUD-WNC-001,206.38,110.0,202.88,TechGiant Store,0,0,1,6,0,0,36,7429.68,3469.68,1.45
2026-07-01,prod-1,Wireless Noise-Canceling Headphones,Audio & Electronics,AUD-WNC-001,195.09,110.0,205.74,TechGiant Store,0,0,2,7,0,0,43,8388.87,3658.87,1.45
2026-07-02,prod-1,Wireless Noise-Canceling Headphones,Audio & Electronics,AUD-WNC-001,205.72,110.0,210.49,TechGiant Store,0,0,3,7,0,0,43,8845.96,4115.96,1.45
2026-07-03,prod-1,Wireless Noise-Canceling Headphones,Audio & Electronics,AUD-WNC-001,202.82,110.0,209.24,TechGiant Store,0,0,4,7,0,0,37,7504.34,3434.34,1.45
2026-07-04,prod-1,Wireless Noise-Canceling Headphones,Audio & Electronics,AUD-WNC-001,204.62,110.0,211.78,TechGiant Store,0,0,5,7,1,0,47,9617.14,4447.14,1.45
2026-07-05,prod-1,Wireless Noise-Canceling Headphones,Audio & Electronics,AUD-WNC-001,189.04,110.0,189.74,TechGiant Store,0,0,6,7,1,0,56,10586.24,4426.24,1.45
2026-07-06,prod-1,Wireless Noise-Canceling Headphones,Audio & Electronics,AUD-WNC-001,202.64,110.0,212.83,TechGiant Store,0,0,0,7,0,0,38,7700.32,3520.32,1.45
2026-07-07,prod-1,Wireless Noise-Canceling Headphones,Audio & Electronics,AUD-WNC-001,193.73,110.0,208.43,TechGiant Store,0,0,1,7,0,0,47,9105.31,3935.31,1.45
2026-07-08,prod-1,Wireless Noise-Canceling Headphones,Audio & Electronics,AUD-WNC-001,192.65,110.0,200.63,TechGiant Store,0,0,2,7,0,0,43,8283.95,3553.95,1.45
2026-07-09,prod-1,Wireless Noise-Canceling Headphones,Audio & Electronics,AUD-WNC-001,206.46,110.0,217.48,TechGiant Store,0,0,3,7,0,0,39,8051.94,3761.94,1.45
2026-07-10,prod-1,Wireless Noise-Canceling Headphones,Audio & Electronics,AUD-WNC-001,191.88,110.0,188.8,TechGiant Store,0,0,4,7,0,0,48,9210.24,3930.24,1.45
2026-07-11,prod-1,Wireless Noise-Canceling Headphones,Audio & Electronics,AUD-WNC-001,189.24,110.0,192.58,TechGiant Store,0,0,5,7,1,0,55,10408.2,4358.2,1.45
2026-07-12,prod-1,Wireless Noise-Canceling Headphones,Audio & Electronics,AUD-WNC-001,205.06,110.0,209.55,TechGiant Store,0,0,6,7,1,0,40,8202.4,3802.4,1.45
2026-07-13,prod-1,Wireless Noise-Canceling Headphones,Audio & Electronics,AUD-WNC-001,191.84,110.0,194.51,TechGiant Store,0,0,0,7,0,0,47,9016.48,3846.48,1.45
2026-07-14,prod-1,Wireless Noise-Canceling Headphones,Audio & Electronics,AUD-WNC-001,190.19,110.0,203.36,TechGiant Store,0,0,1,7,0,0,48,9129.12,3849.12,1.45
2026-07-15,prod-1,Wireless Noise-Canceling Headphones,Audio & Electronics,AUD-WNC-001,210.32,110.0,212.38,TechGiant Store,0,0,2,7,0,0,37,7781.84,3711.84,1.45
2026-07-16,prod-1,Wireless Noise-Canceling Headphones,Audio & Electronics,AUD-WNC-001,197.26,110.0,191.3,TechGiant Store,0,0,3,7,0,0,40,7890.4,3490.4,1.45
2026-07-17,prod-1,Wireless Noise-Canceling Headphones,Audio & Electronics,AUD-WNC-001,190.37,110.0,199.08,TechGiant Store,0,0,4,7,0,0,40,7614.8,3214.8,1.45
2026-07-18,prod-1,Wireless Noise-Canceling Headphones,Audio & Electronics,AUD-WNC-001,188.91,110.0,202.15,TechGiant Store,0,0,5,7,1,0,54,10201.14,4261.14,1.45
2026-07-19,prod-1,Wireless Noise-Canceling Headphones,Audio & Electronics,AUD-WNC-001,206.2,110.0,209.56,TechGiant Store,0,0,6,7,1,0,48,9897.6,4617.6,1.45
2026-07-20,prod-1,Wireless Noise-Canceling Headphones,Audio & Electronics,AUD-WNC-001,188.45,110.0,185.79,TechGiant Store,0,0,0,7,0,0,50,9422.5,3922.5,1.45
2026-07-21,prod-1,Wireless Noise-Canceling Headphones,Audio & Electronics,AUD-WNC-001,202.6,110.0,204.79,TechGiant Store,0,0,1,7,0,0,38,7698.8,3518.8,1.45
2026-07-22,prod-1,Wireless Noise-Canceling Headphones,Audio & Electronics,AUD-WNC-001,190.91,110.0,188.74,TechGiant Store,0,0,2,7,0,0,45,8590.95,3640.95,1.45
2026-07-23,prod-1,Wireless Noise-Canceling Headphones,Audio & Electronics,AUD-WNC-001,189.5,110.0,200.95,TechGiant Store,0,0,3,7,0,0,45,8527.5,3577.5,1.45
2026-07-24,prod-1,Wireless Noise-Canceling Headphones,Audio & Electronics,AUD-WNC-001,203.16,110.0,209.05,TechGiant Store,0,0,4,7,0,0,38,7720.08,3540.08,1.45
2026-07-25,prod-1,Wireless Noise-Canceling Headphones,Audio & Electronics,AUD-WNC-001,188.03,110.0,188.47,TechGiant Store,0,0,5,7,1,0,47,8837.41,3667.41,1.45
2026-07-26,prod-1,Wireless Noise-Canceling Headphones,Audio & Electronics,AUD-WNC-001,204.03,110.0,208.69,TechGiant Store,0,0,6,7,1,0,50,10201.5,4701.5,1.45
2026-07-27,prod-1,Wireless Noise-Canceling Headphones,Audio & Electronics,AUD-WNC-001,201.05,110.0,211.98,TechGiant Store,0,0,0,7,0,0,36,7237.8,3277.8,1.45
2026-07-28,prod-1,Wireless Noise-Canceling Headphones,Audio & Electronics,AUD-WNC-001,208.95,110.0,201.68,TechGiant Store,0,0,1,7,0,0,37,7731.15,3661.15,1.45
2026-07-29,prod-1,Wireless Noise-Canceling Headphones,Audio & Electronics,AUD-WNC-001,205.93,110.0,206.52,TechGiant Store,5,1,2,7,0,0,45,8803.51,3853.51,1.45
2026-07-30,prod-1,Wireless Noise-Canceling Headphones,Audio & Electronics,AUD-WNC-001,203.07,110.0,213.75,TechGiant Store,0,0,3,7,0,0,39,7919.73,3629.73,1.45
2026-07-31,prod-1,Wireless Noise-Canceling Headphones,Audio & Electronics,AUD-WNC-001,189.05,110.0,193.87,TechGiant Store,0,0,4,7,0,0,41,7751.05,3241.05,1.45
2026-08-01,prod-1,Wireless Noise-Canceling Headphones,Audio & Electronics,AUD-WNC-001,206.69,110.0,209.95,TechGiant Store,0,0,5,8,1,0,45,9301.05,4351.05,1.45
2026-08-02,prod-1,Wireless Noise-Canceling Headphones,Audio & Electronics,AUD-WNC-001,207.47,110.0,200.74,TechGiant Store,0,0,6,8,1,0,43,8921.21,4191.21,1.45
2026-08-03,prod-1,Wireless Noise-Canceling Headphones,Audio & Electronics,AUD-WNC-001,195.03,110.0,188.25,TechGiant Store,0,0,0,8,0,0,38,7411.14,3231.14,1.45
2026-08-04,prod-1,Wireless Noise-Canceling Headphones,Audio & Electronics,AUD-WNC-001,210.39,110.0,214.99,TechGiant Store,0,0,1,8,0,0,39,8205.21,3915.21,1.45
2026-08-05,prod-1,Wireless Noise-Canceling Headphones,Audio & Electronics,AUD-WNC-001,194.07,110.0,203.85,TechGiant Store,0,0,2,8,0,0,42,8150.94,3530.94,1.45
2026-08-06,prod-1,Wireless Noise-Canceling Headphones,Audio & Electronics,AUD-WNC-001,206.73,110.0,219.94,TechGiant Store,0,0,3,8,0,0,36,7442.28,3482.28,1.45
2026-08-07,prod-1,Wireless Noise-Canceling Headphones,Audio & Electronics,AUD-WNC-001,196.82,110.0,209.96,TechGiant Store,0,0,4,8,0,0,46,9053.72,3993.72,1.45
2026-08-08,prod-1,Wireless Noise-Canceling Headphones,Audio & Electronics,AUD-WNC-001,197.27,110.0,212.43,TechGiant Store,0,0,5,8,1,0,47,9271.69,4101.69,1.45
2026-08-09,prod-1,Wireless Noise-Canceling Headphones,Audio & Electronics,AUD-WNC-001,210.17,110.0,214.86,TechGiant Store,0,0,6,8,1,0,45,9457.65,4507.65,1.45
2026-08-10,prod-1,Wireless Noise-Canceling Headphones,Audio & Electronics,AUD-WNC-001,189.88,110.0,196.01,TechGiant Store,0,0,0,8,0,0,45,8544.6,3594.6,1.45
2026-08-11,prod-1,Wireless Noise-Canceling Headphones,Audio & Electronics,AUD-WNC-001,195.7,110.0,189.75,TechGiant Store,0,0,1,8,0,0,41,8023.7,3513.7,1.45
2026-08-12,prod-1,Wireless Noise-Canceling Headphones,Audio & Electronics,AUD-WNC-001,202.45,110.0,204.7,TechGiant Store,0,0,2,8,0,0,39,7895.55,3605.55,1.45
2026-08-13,prod-1,Wireless Noise-Canceling Headphones,Audio & Electronics,AUD-WNC-001,189.01,110.0,201.18,TechGiant Store,0,0,3,8,0,0,50,9450.5,3950.5,1.45
2026-08-14,prod-1,Wireless Noise-Canceling Headphones,Audio & Electronics,AUD-WNC-001,194.58,110.0,209.68,TechGiant Store,0,0,4,8,0,0,38,7394.04,3214.04,1.45
2026-08-15,prod-1,Wireless Noise-Canceling Headphones,Audio & Electronics,AUD-WNC-001,203.29,110.0,204.02,TechGiant Store,0,0,5,8,1,0,47,9554.63,4384.63,1.45
2026-08-16,prod-1,Wireless Noise-Canceling Headphones,Audio & Electronics,AUD-WNC-001,210.86,110.0,206.04,TechGiant Store,0,0,6,8,1,0,46,9699.56,4639.56,1.45
2026-08-17,prod-1,Wireless Noise-Canceling Headphones,Audio & Electronics,AUD-WNC-001,188.83,110.0,182.8,TechGiant Store,0,0,0,8,0,0,43,8119.69,3389.69,1.45
2025-08-18,prod-2,Smart Fitness Watch Ultra,Wearables,WEAR-SFW-002,245.99,135.0,252.89,FitLife Direct,0,0,0,8,0,0,34,8363.66,3773.66,1.2
2025-08-19,prod-2,Smart Fitness Watch Ultra,Wearables,WEAR-SFW-002,262.94,135.0,264.16,FitLife Direct,0,0,1,8,0,0,31,8151.14,3966.14,1.2
2025-08-20,prod-2,Smart Fitness Watch Ultra,Wearables,WEAR-SFW-002,250.38,135.0,252.32,FitLife Direct,0,0,2,8,0,0,30,7511.4,3461.4,1.2
2025-08-21,prod-2,Smart Fitness Watch Ultra,Wearables,WEAR-SFW-002,237.93,135.0,249.42,FitLife Direct,0,0,3,8,0,0,33,7851.69,3396.69,1.2
2025-08-22,prod-2,Smart Fitness Watch Ultra,Wearables,WEAR-SFW-002,251.35,135.0,249.19,FitLife Direct,0,0,4,8,0,0,31,7791.85,3606.85,1.2
2025-08-23,prod-2,Smart Fitness Watch Ultra,Wearables,WEAR-SFW-002,264.36,135.0,262.85,FitLife Direct,0,0,5,8,1,0,34,8988.24,4398.24,1.2
2025-08-24,prod-2,Smart Fitness Watch Ultra,Wearables,WEAR-SFW-002,238.2,135.0,253.05,FitLife Direct,0,0,6,8,1,0,42,10004.4,4334.4,1.2
2025-08-25,prod-2,Smart Fitness Watch Ultra,Wearables,WEAR-SFW-002,247.86,135.0,240.56,FitLife Direct,0,0,0,8,0,0,35,8675.1,3950.1,1.2
2025-08-26,prod-2,Smart Fitness Watch Ultra,Wearables,WEAR-SFW-002,244.1,135.0,244.51,FitLife Direct,10,1,1,8,0,0,41,9007.29,3472.29,1.2
2025-08-27,prod-2,Smart Fitness Watch Ultra,Wearables,WEAR-SFW-002,260.02,135.0,271.83,FitLife Direct,0,0,2,8,0,0,32,8320.64,4000.64,1.2
2025-08-28,prod-2,Smart Fitness Watch Ultra,Wearables,WEAR-SFW-002,258.29,135.0,263.73,FitLife Direct,0,0,3,8,0,0,29,7490.41,3575.41,1.2
2025-08-29,prod-2,Smart Fitness Watch Ultra,Wearables,WEAR-SFW-002,238.69,135.0,251.78,FitLife Direct,10,1,4,8,0,0,38,8163.2,3033.2,1.2
2025-08-30,prod-2,Smart Fitness Watch Ultra,Wearables,WEAR-SFW-002,263.96,135.0,257.51,FitLife Direct,0,0,5,8,1,0,30,7918.8,3868.8,1.2
2025-08-31,prod-2,Smart Fitness Watch Ultra,Wearables,WEAR-SFW-002,246.45,135.0,257.79,FitLife Direct,0,0,6,8,1,0,36,8872.2,4012.2,1.2
2025-09-01,prod-2,Smart Fitness Watch Ultra,Wearables,WEAR-SFW-002,246.79,135.0,253.94,FitLife Direct,0,0,0,9,0,0,31,7650.49,3465.49,1.2
2025-09-02,prod-2,Smart Fitness Watch Ultra,Wearables,WEAR-SFW-002,236.75,135.0,240.51,FitLife Direct,0,0,1,9,0,0,31,7339.25,3154.25,1.2
2025-09-03,prod-2,Smart Fitness Watch Ultra,Wearables,WEAR-SFW-002,259.35,135.0,266.13,FitLife Direct,0,0,2,9,0,0,33,8558.55,4103.55,1.2
2025-09-04,prod-2,Smart Fitness Watch Ultra,Wearables,WEAR-SFW-002,238.39,135.0,243.24,FitLife Direct,0,0,3,9,0,0,37,8820.43,3825.43,1.2
2025-09-05,prod-2,Smart Fitness Watch Ultra,Wearables,WEAR-SFW-002,250.04,135.0,249.16,FitLife Direct,0,0,4,9,0,0,35,8751.4,4026.4,1.2
2025-09-06,prod-2,Smart Fitness Watch Ultra,Wearables,WEAR-SFW-002,241.28,135.0,259.06,FitLife Direct,0,0,5,9,1,0,36,8686.08,3826.08,1.2
2025-09-07,prod-2,Smart Fitness Watch Ultra,Wearables,WEAR-SFW-002,236.89,135.0,232.99,FitLife Direct,0,0,6,9,1,0,36,8528.04,3668.04,1.2
2025-09-08,prod-2,Smart Fitness Watch Ultra,Wearables,WEAR-SFW-002,253.24,135.0,261.78,FitLife Direct,5,1,0,9,0,0,34,8179.65,3589.65,1.2
2025-09-09,prod-2,Smart Fitness Watch Ultra,Wearables,WEAR-SFW-002,251.91,135.0,247.01,FitLife Direct,0,0,1,9,0,0,35,8816.85,4091.85,1.2
2025-09-10,prod-2,Smart Fitness Watch Ultra,Wearables,WEAR-SFW-002,244.64,135.0,261.98,FitLife Direct,0,1,2,9,0,0,30,7339.2,3289.2,1.2
2025-09-11,prod-2,Smart Fitness Watch Ultra,Wearables,WEAR-SFW-002,262.93,135.0,276.74,FitLife Direct,0,0,3,9,0,0,28,7362.04,3582.04,1.2
2025-09-12,prod-2,Smart Fitness Watch Ultra,Wearables,WEAR-SFW-002,251.66,135.0,260.26,FitLife Direct,10,1,4,9,0,0,37,8380.28,3385.28,1.2
2025-09-13,prod-2,Smart Fitness Watch Ultra,Wearables,WEAR-SFW-002,243.57,135.0,240.98,FitLife Direct,0,0,5,9,1,0,36,8768.52,3908.52,1.2
2025-09-14,prod-2,Smart Fitness Watch Ultra,Wearables,WEAR-SFW-002,248.11,135.0,258.69,FitLife Direct,0,0,6,9,1,0,36,8931.96,4071.96,1.2
2025-09-15,prod-2,Smart Fitness Watch Ultra,Wearables,WEAR-SFW-002,248.44,135.0,248.64,FitLife Direct,0,0,0,9,0,0,35,8695.4,3970.4,1.2
2025-09-16,prod-2,Smart Fitness Watch Ultra,Wearables,WEAR-SFW-002,244.09,135.0,263.27,FitLife Direct,0,0,1,9,0,0,32,7810.88,3490.88,1.2
2025-09-17,prod-2,Smart Fitness Watch Ultra,Wearables,WEAR-SFW-002,257.3,135.0,262.91,FitLife Direct,5,1,2,9,0,0,33,8066.35,3611.36,1.2
2025-09-18,prod-2,Smart Fitness Watch Ultra,Wearables,WEAR-SFW-002,242.54,135.0,240.05,FitLife Direct,10,1,3,9,0,0,42,9168.01,3498.01,1.2
2025-09-19,prod-2,Smart Fitness Watch Ultra,Wearables,WEAR-SFW-002,260.4,135.0,263.05,FitLife Direct,0,0,4,9,0,0,34,8853.6,4263.6,1.2
2025-09-20,prod-2,Smart Fitness Watch Ultra,Wearables,WEAR-SFW-002,258.89,135.0,277.54,FitLife Direct,0,0,5,9,1,0,32,8284.48,3964.48,1.2
2025-09-21,prod-2,Smart Fitness Watch Ultra,Wearables,WEAR-SFW-002,239.3,135.0,258.33,FitLife Direct,0,0,6,9,1,0,41,9811.3,4276.3,1.2
2025-09-22,prod-2,Smart Fitness Watch Ultra,Wearables,WEAR-SFW-002,249.42,135.0,242.14,FitLife Direct,0,0,0,9,0,0,32,7981.44,3661.44,1.2
2025-09-23,prod-2,Smart Fitness Watch Ultra,Wearables,WEAR-SFW-002,241.74,135.0,248.99,FitLife Direct,10,1,1,9,0,0,38,8267.51,3137.51,1.2
2025-09-24,prod-2,Smart Fitness Watch Ultra,Wearables,WEAR-SFW-002,260.95,135.0,271.0,FitLife Direct,0,0,2,9,0,0,31,8089.45,3904.45,1.2
2025-09-25,prod-2,Smart Fitness Watch Ultra,Wearables,WEAR-SFW-002,259.89,135.0,262.93,FitLife Direct,0,0,3,9,0,0,32,8316.48,3996.48,1.2
2025-09-26,prod-2,Smart Fitness Watch Ultra,Wearables,WEAR-SFW-002,257.4,135.0,258.41,FitLife Direct,0,0,4,9,0,0,31,7979.4,3794.4,1.2
2025-09-27,prod-2,Smart Fitness Watch Ultra,Wearables,WEAR-SFW-002,240.36,135.0,246.7,FitLife Direct,15,1,5,9,1,0,49,10010.99,3395.99,1.2
2025-09-28,prod-2,Smart Fitness Watch Ultra,Wearables,WEAR-SFW-002,242.9,135.0,262.01,FitLife Direct,0,0,6,9,1,0,34,8258.6,3668.6,1.2
2025-09-29,prod-2,Smart Fitness Watch Ultra,Wearables,WEAR-SFW-002,263.72,135.0,265.64,FitLife Direct,0,0,0,9,0,0,29,7647.88,3732.88,1.2
2025-09-30,prod-2,Smart Fitness Watch Ultra,Wearables,WEAR-SFW-002,262.64,135.0,275.93,FitLife Direct,0,0,1,9,0,0,30,7879.2,3829.2,1.2
2025-10-01,prod-2,Smart Fitness Watch Ultra,Wearables,WEAR-SFW-002,249.5,135.0,240.88,FitLife Direct,0,0,2,10,0,0,31,7734.5,3549.5,1.2
2025-10-02,prod-2,Smart Fitness Watch Ultra,Wearables,WEAR-SFW-002,248.71,135.0,252.4,FitLife Direct,0,0,3,10,0,0,32,7958.72,3638.72,1.2
2025-10-03,prod-2,Smart Fitness Watch Ultra,Wearables,WEAR-SFW-002,244.35,135.0,252.55,FitLife Direct,0,0,4,10,0,0,37,9040.95,4045.95,1.2
2025-10-04,prod-2,Smart Fitness Watch Ultra,Wearables,WEAR-SFW-002,256.67,135.0,255.62,FitLife Direct,0,0,5,10,1,0,38,9753.46,4623.46,1.2
2025-10-05,prod-2,Smart Fitness Watch Ultra,Wearables,WEAR-SFW-002,250.47,135.0,261.75,FitLife Direct,0,0,6,10,1,0,39,9768.33,4503.33,1.2
2025-10-06,prod-2,Smart Fitness Watch Ultra,Wearables,WEAR-SFW-002,245.56,135.0,255.59,FitLife Direct,0,0,0,10,0,0,33,8103.48,3648.48,1.2
2025-10-07,prod-2,Smart Fitness Watch Ultra,Wearables,WEAR-SFW-002,258.38,135.0,270.53,FitLife Direct,0,0,1,10,0,0,27,6976.26,3331.26,1.2
2025-10-08,prod-2,Smart Fitness Watch Ultra,Wearables,WEAR-SFW-002,248.74,135.0,267.66,FitLife Direct,0,0,2,10,0,0,34,8457.16,3867.16,1.2
2025-10-09,prod-2,Smart Fitness Watch Ultra,Wearables,WEAR-SFW-002,251.82,135.0,263.55,FitLife Direct,0,0,3,10,0,0,29,7302.78,3387.78,1.2
2025-10-10,prod-2,Smart Fitness Watch Ultra,Wearables,WEAR-SFW-002,253.36,135.0,262.07,FitLife Direct,0,0,4,10,0,0,29,7347.44,3432.44,1.2
2025-10-11,prod-2,Smart Fitness Watch Ultra,Wearables,WEAR-SFW-002,254.91,135.0,245.68,FitLife Direct,0,0,5,10,1,0,32,8157.12,3837.12,1.2
2025-10-12,prod-2,Smart Fitness Watch Ultra,Wearables,WEAR-SFW-002,235.1,135.0,234.55,FitLife Direct,0,0,6,10,1,0,41,9639.1,4104.1,1.2
2025-10-13,prod-2,Smart Fitness Watch Ultra,Wearables,WEAR-SFW-002,246.82,135.0,259.9,FitLife Direct,0,0,0,10,0,0,36,8885.52,4025.52,1.2
2025-10-14,prod-2,Smart Fitness Watch Ultra,Wearables,WEAR-SFW-002,256.56,135.0,248.22,FitLife Direct,0,0,1,10,0,0,29,7440.24,3525.24,1.2
2025-10-15,prod-2,Smart Fitness Watch Ultra,Wearables,WEAR-SFW-002,244.26,135.0,253.9,FitLife Direct,0,0,2,10,0,0,32,7816.32,3496.32,1.2
2025-10-16,prod-2,Smart Fitness Watch Ultra,Wearables,WEAR-SFW-002,239.72,135.0,256.37,FitLife Direct,0,0,3,10,0,0,33,7910.76,3455.76,1.2
2025-10-17,prod-2,Smart Fitness Watch Ultra,Wearables,WEAR-SFW-002,257.64,135.0,269.62,FitLife Direct,0,0,4,10,0,0,32,8244.48,3924.48,1.2
2025-10-18,prod-2,Smart Fitness Watch Ultra,Wearables,WEAR-SFW-002,252.8,135.0,248.52,FitLife Direct,0,0,5,10,1,0,36,9100.8,4240.8,1.2
2025-10-19,prod-2,Smart Fitness Watch Ultra,Wearables,WEAR-SFW-002,241.26,135.0,259.78,FitLife Direct,0,0,6,10,1,0,36,8685.36,3825.36,1.2
2025-10-20,prod-2,Smart Fitness Watch Ultra,Wearables,WEAR-SFW-002,240.74,135.0,251.48,FitLife Direct,0,0,0,10,0,0,32,7703.68,3383.68,1.2
2025-10-21,prod-2,Smart Fitness Watch Ultra,Wearables,WEAR-SFW-002,262.48,135.0,277.03,FitLife Direct,0,0,1,10,0,0,27,7086.96,3441.96,1.2
2025-10-22,prod-2,Smart Fitness Watch Ultra,Wearables,WEAR-SFW-002,254.79,135.0,256.21,FitLife Direct,0,0,2,10,0,0,34,8662.86,4072.86,1.2
2025-10-23,prod-2,Smart Fitness Watch Ultra,Wearables,WEAR-SFW-002,263.11,135.0,277.99,FitLife Direct,0,0,3,10,0,0,29,7630.19,3715.19,1.2
2025-10-24,prod-2,Smart Fitness Watch Ultra,Wearables,WEAR-SFW-002,255.91,135.0,256.31,FitLife Direct,0,0,4,10,0,0,29,7421.39,3506.39,1.2
2025-10-25,prod-2,Smart Fitness Watch Ultra,Wearables,WEAR-SFW-002,248.87,135.0,244.95,FitLife Direct,0,0,5,10,1,0,40,9954.8,4554.8,1.2
2025-10-26,prod-2,Smart Fitness Watch Ultra,Wearables,WEAR-SFW-002,255.37,135.0,249.36,FitLife Direct,0,0,6,10,1,0,36,9193.32,4333.32,1.2
2025-10-27,prod-2,Smart Fitness Watch Ultra,Wearables,WEAR-SFW-002,241.79,135.0,251.55,FitLife Direct,0,0,0,10,0,0,35,8462.65,3737.65,1.2
2025-10-28,prod-2,Smart Fitness Watch Ultra,Wearables,WEAR-SFW-002,236.1,135.0,238.37,FitLife Direct,0,0,1,10,0,0,31,7319.1,3134.1,1.2
2025-10-29,prod-2,Smart Fitness Watch Ultra,Wearables,WEAR-SFW-002,257.61,135.0,247.47,FitLife Direct,0,0,2,10,0,0,34,8758.74,4168.74,1.2
2025-10-30,prod-2,Smart Fitness Watch Ultra,Wearables,WEAR-SFW-002,246.71,135.0,264.52,FitLife Direct,0,0,3,10,0,0,32,7894.72,3574.72,1.2
2025-10-31,prod-2,Smart Fitness Watch Ultra,Wearables,WEAR-SFW-002,240.5,135.0,258.7,FitLife Direct,0,0,4,10,0,0,35,8417.5,3692.5,1.2
2025-11-01,prod-2,Smart Fitness Watch Ultra,Wearables,WEAR-SFW-002,261.71,135.0,254.05,FitLife Direct,0,0,5,11,1,0,34,8898.14,4308.14,1.2
2025-11-02,prod-2,Smart Fitness Watch Ultra,Wearables,WEAR-SFW-002,256.18,135.0,274.73,FitLife Direct,0,0,6,11,1,0,32,8197.76,3877.76,1.2
2025-11-03,prod-2,Smart Fitness Watch Ultra,Wearables,WEAR-SFW-002,260.94,135.0,256.01,FitLife Direct,0,0,0,11,0,0,34,8871.96,4281.96,1.2
2025-11-04,prod-2,Smart Fitness Watch Ultra,Wearables,WEAR-SFW-002,246.42,135.0,251.21,FitLife Direct,0,0,1,11,0,0,36,8871.12,4011.12,1.2
2025-11-05,prod-2,Smart Fitness Watch Ultra,Wearables,WEAR-SFW-002,262.26,135.0,279.36,FitLife Direct,0,1,2,11,0,0,33,8654.58,4199.58,1.2
2025-11-06,prod-2,Smart Fitness Watch Ultra,Wearables,WEAR-SFW-002,244.56,135.0,248.11,FitLife Direct,0,0,3,11,0,0,33,8070.48,3615.48,1.2
2025-11-07,prod-2,Smart Fitness Watch Ultra,Wearables,WEAR-SFW-002,261.15,135.0,254.91,FitLife Direct,0,0,4,11,0,0,29,7573.35,3658.35,1.2
2025-11-08,prod-2,Smart Fitness Watch Ultra,Wearables,WEAR-SFW-002,258.75,135.0,258.67,FitLife Direct,0,0,5,11,1,0,36,9315.0,4455.0,1.2
2025-11-09,prod-2,Smart Fitness Watch Ultra,Wearables,WEAR-SFW-002,256.04,135.0,246.23,FitLife Direct,0,0,6,11,1,0,33,8449.32,3994.32,1.2
2025-11-10,prod-2,Smart Fitness Watch Ultra,Wearables,WEAR-SFW-002,254.72,135.0,250.44,FitLife Direct,0,0,0,11,0,0,32,8151.04,3831.04,1.2
2025-11-11,prod-2,Smart Fitness Watch Ultra,Wearables,WEAR-SFW-002,246.67,135.0,249.46,FitLife Direct,0,0,1,11,0,0,32,7893.44,3573.44,1.2
2025-11-12,prod-2,Smart Fitness Watch Ultra,Wearables,WEAR-SFW-002,237.39,135.0,255.86,FitLife Direct,0,0,2,11,0,0,38,9020.82,3890.82,1.2
2025-11-13,prod-2,Smart Fitness Watch Ultra,Wearables,WEAR-SFW-002,234.73,135.0,236.15,FitLife Direct,0,0,3,11,0,0,33,7746.09,3291.09,1.2
2025-11-14,prod-2,Smart Fitness Watch Ultra,Wearables,WEAR-SFW-002,244.4,135.0,251.71,FitLife Direct,0,0,4,11,0,0,31,7576.4,3391.4,1.2
2025-11-15,prod-2,Smart Fitness Watch Ultra,Wearables,WEAR-SFW-002,245.29,135.0,242.43,FitLife Direct,0,0,5,11,1,0,37,9075.73,4080.73,1.2
2025-11-16,prod-2,Smart Fitness Watch Ultra,Wearables,WEAR-SFW-002,239.31,135.0,249.44,FitLife Direct,0,0,6,11,1,0,42,10051.02,4381.02,1.2
2025-11-17,prod-2,Smart Fitness Watch Ultra,Wearables,WEAR-SFW-002,257.58,135.0,268.61,FitLife Direct,0,0,0,11,0,0,34,8757.72,4167.72,1.2
2025-11-18,prod-2,Smart Fitness Watch Ultra,Wearables,WEAR-SFW-002,245.53,135.0,242.22,FitLife Direct,0,0,1,11,0,0,33,8102.49,3647.49,1.2
2025-11-19,prod-2,Smart Fitness Watch Ultra,Wearables,WEAR-SFW-002,248.15,135.0,267.67,FitLife Direct,0,0,2,11,0,0,34,8437.1,3847.1,1.2
2025-11-20,prod-2,Smart Fitness Watch Ultra,Wearables,WEAR-SFW-002,261.86,135.0,275.18,FitLife Direct,0,0,3,11,0,1,43,11259.98,5454.98,1.2
2025-11-21,prod-2,Smart Fitness Watch Ultra,Wearables,WEAR-SFW-002,257.34,135.0,268.06,FitLife Direct,0,0,4,11,0,1,43,11065.62,5260.62,1.2
2025-11-22,prod-2,Smart Fitness Watch Ultra,Wearables,WEAR-SFW-002,250.26,135.0,256.11,FitLife Direct,0,0,5,11,1,1,50,12513.0,5763.0,1.2
2025-11-23,prod-2,Smart Fitness Watch Ultra,Wearables,WEAR-SFW-002,237.89,135.0,252.03,FitLife Direct,0,0,6,11,1,1,45,10705.05,4630.05,1.2
2025-11-24,prod-2,Smart Fitness Watch Ultra,Wearables,WEAR-SFW-002,250.6,135.0,245.52,FitLife Direct,0,0,0,11,0,1,41,10274.6,4739.6,1.2
2025-11-25,prod-2,Smart Fitness Watch Ultra,Wearables,WEAR-SFW-002,254.9,135.0,266.63,FitLife Direct,0,0,1,11,0,1,45,11470.5,5395.5,1.2
2025-11-26,prod-2,Smart Fitness Watch Ultra,Wearables,WEAR-SFW-002,247.87,135.0,239.61,FitLife Direct,0,0,2,11,0,1,41,10162.67,4627.67,1.2
2025-11-27,prod-2,Smart Fitness Watch Ultra,Wearables,WEAR-SFW-002,251.41,135.0,258.21,FitLife Direct,0,0,3,11,0,1,40,10056.4,4656.4,1.2
2025-11-28,prod-2,Smart Fitness Watch Ultra,Wearables,WEAR-SFW-002,235.18,135.0,232.95,FitLife Direct,5,1,4,11,0,1,49,10947.63,4332.63,1.2
2025-11-29,prod-2,Smart Fitness Watch Ultra,Wearables,WEAR-SFW-002,235.89,135.0,236.21,FitLife Direct,0,1,5,11,1,1,54,12738.06,5448.06,1.2
2025-11-30,prod-2,Smart Fitness Watch Ultra,Wearables,WEAR-SFW-002,236.6,135.0,253.65,FitLife Direct,15,1,6,11,1,1,55,11061.05,3636.05,1.2
2025-12-01,prod-2,Smart Fitness Watch Ultra,Wearables,WEAR-SFW-002,238.58,135.0,247.4,FitLife Direct,0,0,0,12,0,0,38,9066.04,3936.04,1.2
2025-12-02,prod-2,Smart Fitness Watch Ultra,Wearables,WEAR-SFW-002,245.74,135.0,262.19,FitLife Direct,0,0,1,12,0,0,36,8846.64,3986.64,1.2
2025-12-03,prod-2,Smart Fitness Watch Ultra,Wearables,WEAR-SFW-002,245.83,135.0,238.36,FitLife Direct,0,0,2,12,0,0,36,8849.88,3989.88,1.2
2025-12-04,prod-2,Smart Fitness Watch Ultra,Wearables,WEAR-SFW-002,238.51,135.0,253.59,FitLife Direct,15,1,3,12,0,0,42,8514.81,2844.81,1.2
2025-12-05,prod-2,Smart Fitness Watch Ultra,Wearables,WEAR-SFW-002,256.32,135.0,252.92,FitLife Direct,0,1,4,12,0,0,35,8971.2,4246.2,1.2
2025-12-06,prod-2,Smart Fitness Watch Ultra,Wearables,WEAR-SFW-002,248.39,135.0,259.89,FitLife Direct,0,0,5,12,1,0,35,8693.65,3968.65,1.2
2025-12-07,prod-2,Smart Fitness Watch Ultra,Wearables,WEAR-SFW-002,241.41,135.0,245.1,FitLife Direct,0,0,6,12,1,0,35,8449.35,3724.35,1.2
2025-12-08,prod-2,Smart Fitness Watch Ultra,Wearables,WEAR-SFW-002,260.73,135.0,274.25,FitLife Direct,15,1,0,12,0,0,38,8421.58,3291.58,1.2
2025-12-09,prod-2,Smart Fitness Watch Ultra,Wearables,WEAR-SFW-002,262.56,135.0,280.07,FitLife Direct,0,0,1,12,0,0,27,7089.12,3444.12,1.2
2025-12-10,prod-2,Smart Fitness Watch Ultra,Wearables,WEAR-SFW-002,252.31,135.0,255.73,FitLife Direct,0,0,2,12,0,0,35,8830.85,4105.85,1.2
2025-12-11,prod-2,Smart Fitness Watch Ultra,Wearables,WEAR-SFW-002,241.86,135.0,233.47,FitLife Direct,0,0,3,12,0,0,34,8223.24,3633.24,1.2
2025-12-12,prod-2,Smart Fitness Watch Ultra,Wearables,WEAR-SFW-002,257.12,135.0,270.78,FitLife Direct,0,0,4,12,0,0,35,8999.2,4274.2,1.2
2025-12-13,prod-2,Smart Fitness Watch Ultra,Wearables,WEAR-SFW-002,241.54,135.0,258.44,FitLife Direct,0,0,5,12,1,0,38,9178.52,4048.52,1.2
2025-12-14,prod-2,Smart Fitness Watch Ultra,Wearables,WEAR-SFW-002,257.66,135.0,272.66,FitLife Direct,0,0,6,12,1,0,38,9791.08,4661.08,1.2
2025-12-15,prod-2,Smart Fitness Watch Ultra,Wearables,WEAR-SFW-002,264.04,135.0,269.99,FitLife Direct,0,0,0,12,0,1,37,9769.48,4774.48,1.2
2025-12-16,prod-2,Smart Fitness Watch Ultra,Wearables,WEAR-SFW-002,251.2,135.0,258.99,FitLife Direct,0,0,1,12,0,1,38,9545.6,4415.6,1.2
2025-12-17,prod-2,Smart Fitness Watch Ultra,Wearables,WEAR-SFW-002,254.85,135.0,261.66,FitLife Direct,10,1,2,12,0,1,51,11697.61,4812.62,1.2
2025-12-18,prod-2,Smart Fitness Watch Ultra,Wearables,WEAR-SFW-002,254.63,135.0,268.46,FitLife Direct,0,0,3,12,0,1,40,10185.2,4785.2,1.2
2025-12-19,prod-2,Smart Fitness Watch Ultra,Wearables,WEAR-SFW-002,239.0,135.0,240.24,FitLife Direct,0,0,4,12,0,1,44,10516.0,4576.0,1.2
2025-12-20,prod-2,Smart Fitness Watch Ultra,Wearables,WEAR-SFW-002,259.96,135.0,258.94,FitLife Direct,0,0,5,12,1,1,47,12218.12,5873.12,1.2
2025-12-21,prod-2,Smart Fitness Watch Ultra,Wearables,WEAR-SFW-002,261.92,135.0,269.12,FitLife Direct,0,0,6,12,1,1,44,11524.48,5584.48,1.2
2025-12-22,prod-2,Smart Fitness Watch Ultra,Wearables,WEAR-SFW-002,238.54,135.0,235.95,FitLife Direct,0,0,0,12,0,1,46,10972.84,4762.84,1.2
2025-12-23,prod-2,Smart Fitness Watch Ultra,Wearables,WEAR-SFW-002,262.14,135.0,278.3,FitLife Direct,5,1,1,12,0,1,37,9214.22,4219.22,1.2
2025-12-24,prod-2,Smart Fitness Watch Ultra,Wearables,WEAR-SFW-002,245.82,135.0,253.83,FitLife Direct,0,1,2,12,0,1,39,9586.98,4321.98,1.2
2025-12-25,prod-2,Smart Fitness Watch Ultra,Wearables,WEAR-SFW-002,257.34,135.0,269.41,FitLife Direct,0,0,3,12,0,1,40,10293.6,4893.6,1.2
2025-12-26,prod-2,Smart Fitness Watch Ultra,Wearables,WEAR-SFW-002,260.56,135.0,260.55,FitLife Direct,0,0,4,12,0,1,35,9119.6,4394.6,1.2
2025-12-27,prod-2,Smart Fitness Watch Ultra,Wearables,WEAR-SFW-002,262.59,135.0,282.4,FitLife Direct,15,1,5,12,1,1,58,12945.69,5115.69,1.2
2025-12-28,prod-2,Smart Fitness Watch Ultra,Wearables,WEAR-SFW-002,255.36,135.0,266.71,FitLife Direct,0,0,6,12,1,1,42,10725.12,5055.12,1.2
2025-12-29,prod-2,Smart Fitness Watch Ultra,Wearables,WEAR-SFW-002,244.16,135.0,242.69,FitLife Direct,0,0,0,12,0,1,45,10987.2,4912.2,1.2
2025-12-30,prod-2,Smart Fitness Watch Ultra,Wearables,WEAR-SFW-002,243.76,135.0,244.53,FitLife Direct,0,0,1,12,0,1,43,10481.68,4676.68,1.2
2025-12-31,prod-2,Smart Fitness Watch Ultra,Wearables,WEAR-SFW-002,258.57,135.0,270.64,FitLife Direct,0,0,2,12,0,1,38,9825.66,4695.66,1.2
2026-01-01,prod-2,Smart Fitness Watch Ultra,Wearables,WEAR-SFW-002,240.61,135.0,240.02,FitLife Direct,5,1,3,1,0,1,49,11200.4,4585.4,1.2
2026-01-02,prod-2,Smart Fitness Watch Ultra,Wearables,WEAR-SFW-002,235.02,135.0,241.22,FitLife Direct,0,0,4,1,0,1,48,11280.96,4800.96,1.2
2026-01-03,prod-2,Smart Fitness Watch Ultra,Wearables,WEAR-SFW-002,243.37,135.0,239.36,FitLife Direct,0,0,5,1,1,1,48,11681.76,5201.76,1.2
2026-01-04,prod-2,Smart Fitness Watch Ultra,Wearables,WEAR-SFW-002,241.89,135.0,248.2,FitLife Direct,0,0,6,1,1,1,46,11126.94,4916.94,1.2
2026-01-05,prod-2,Smart Fitness Watch Ultra,Wearables,WEAR-SFW-002,257.39,135.0,262.19,FitLife Direct,0,0,0,1,0,1,43,11067.77,5262.77,1.2
2026-01-06,prod-2,Smart Fitness Watch Ultra,Wearables,WEAR-SFW-002,248.33,135.0,260.23,FitLife Direct,0,0,1,1,0,0,30,7449.9,3399.9,1.2
2026-01-07,prod-2,Smart Fitness Watch Ultra,Wearables,WEAR-SFW-002,250.89,135.0,246.4,FitLife Direct,0,0,2,1,0,0,36,9032.04,4172.04,1.2
2026-01-08,prod-2,Smart Fitness Watch Ultra,Wearables,WEAR-SFW-002,263.19,135.0,269.21,FitLife Direct,0,0,3,1,0,0,27,7106.13,3461.13,1.2
2026-01-09,prod-2,Smart Fitness Watch Ultra,Wearables,WEAR-SFW-002,259.02,135.0,250.17,FitLife Direct,5,1,4,1,0,0,35,8612.41,3887.41,1.2
2026-01-10,prod-2,Smart Fitness Watch Ultra,Wearables,WEAR-SFW-002,241.46,135.0,252.29,FitLife Direct,15,1,5,1,1,0,44,9030.6,3090.6,1.2
2026-01-11,prod-2,Smart Fitness Watch Ultra,Wearables,WEAR-SFW-002,253.03,135.0,263.15,FitLife Direct,0,0,6,1,1,0,35,8856.05,4131.05,1.2
2026-01-12,prod-2,Smart Fitness Watch Ultra,Wearables,WEAR-SFW-002,249.14,135.0,239.37,FitLife Direct,0,0,0,1,0,0,28,6975.92,3195.92,1.2
2026-01-13,prod-2,Smart Fitness Watch Ultra,Wearables,WEAR-SFW-002,250.38,135.0,248.62,FitLife Direct,0,0,1,1,0,0,28,7010.64,3230.64,1.2
2026-01-14,prod-2,Smart Fitness Watch Ultra,Wearables,WEAR-SFW-002,258.88,135.0,269.46,FitLife Direct,0,0,2,1,0,0,34,8801.92,4211.92,1.2
2026-01-15,prod-2,Smart Fitness Watch Ultra,Wearables,WEAR-SFW-002,237.73,135.0,230.97,FitLife Direct,0,0,3,1,0,0,32,7607.36,3287.36,1.2
2026-01-16,prod-2,Smart Fitness Watch Ultra,Wearables,WEAR-SFW-002,250.29,135.0,264.76,FitLife Direct,0,0,4,1,0,0,31,7758.99,3573.99,1.2
2026-01-17,prod-2,Smart Fitness Watch Ultra,Wearables,WEAR-SFW-002,245.7,135.0,247.84,FitLife Direct,0,0,5,1,1,0,41,10073.7,4538.7,1.2
2026-01-18,prod-2,Smart Fitness Watch Ultra,Wearables,WEAR-SFW-002,241.29,135.0,251.44,FitLife Direct,0,0,6,1,1,0,39,9410.31,4145.31,1.2
2026-01-19,prod-2,Smart Fitness Watch Ultra,Wearables,WEAR-SFW-002,260.23,135.0,273.54,FitLife Direct,15,1,0,1,0,0,36,7963.04,3103.04,1.2
2026-01-20,prod-2,Smart Fitness Watch Ultra,Wearables,WEAR-SFW-002,248.78,135.0,257.84,FitLife Direct,0,0,1,1,0,0,29,7214.62,3299.62,1.2
2026-01-21,prod-2,Smart Fitness Watch Ultra,Wearables,WEAR-SFW-002,259.84,135.0,269.56,FitLife Direct,0,0,2,1,0,0,34,8834.56,4244.56,1.2
2026-01-22,prod-2,Smart Fitness Watch Ultra,Wearables,WEAR-SFW-002,263.69,135.0,281.46,FitLife Direct,0,0,3,1,0,0,28,7383.32,3603.32,1.2
2026-01-23,prod-2,Smart Fitness Watch Ultra,Wearables,WEAR-SFW-002,261.51,135.0,272.77,FitLife Direct,0,0,4,1,0,0,29,7583.79,3668.79,1.2
2026-01-24,prod-2,Smart Fitness Watch Ultra,Wearables,WEAR-SFW-002,262.2,135.0,273.25,FitLife Direct,0,0,5,1,1,0,34,8914.8,4324.8,1.2
2026-01-25,prod-2,Smart Fitness Watch Ultra,Wearables,WEAR-SFW-002,254.23,135.0,249.53,FitLife Direct,0,0,6,1,1,0,31,7881.13,3696.13,1.2
2026-01-26,prod-2,Smart Fitness Watch Ultra,Wearables,WEAR-SFW-002,240.73,135.0,235.27,FitLife Direct,0,0,0,1,0,0,36,8666.28,3806.28,1.2
2026-01-27,prod-2,Smart Fitness Watch Ultra,Wearables,WEAR-SFW-002,262.34,135.0,261.27,FitLife Direct,0,0,1,1,0,0,31,8132.54,3947.54,1.2
2026-01-28,prod-2,Smart Fitness Watch Ultra,Wearables,WEAR-SFW-002,259.96,135.0,270.68,FitLife Direct,0,0,2,1,0,0,30,7798.8,3748.8,1.2
2026-01-29,prod-2,Smart Fitness Watch Ultra,Wearables,WEAR-SFW-002,256.68,135.0,270.76,FitLife Direct,0,0,3,1,0,0,28,7187.04,3407.04,1.2
2026-01-30,prod-2,Smart Fitness Watch Ultra,Wearables,WEAR-SFW-002,256.85,135.0,257.24,FitLife Direct,5,1,4,1,0,0,36,8784.27,3924.27,1.2
2026-01-31,prod-2,Smart Fitness Watch Ultra,Wearables,WEAR-SFW-002,244.73,135.0,257.52,FitLife Direct,0,0,5,1,1,0,36,8810.28,3950.28,1.2
2026-02-01,prod-2,Smart Fitness Watch Ultra,Wearables,WEAR-SFW-002,257.69,135.0,248.3,FitLife Direct,0,0,6,2,1,0,39,10049.91,4784.91,1.2
2026-02-02,prod-2,Smart Fitness Watch Ultra,Wearables,WEAR-SFW-002,249.22,135.0,249.89,FitLife Direct,0,0,0,2,0,0,32,7975.04,3655.04,1.2
2026-02-03,prod-2,Smart Fitness Watch Ultra,Wearables,WEAR-SFW-002,254.88,135.0,264.89,FitLife Direct,10,1,1,2,0,0,38,8716.9,3586.9,1.2
2026-02-04,prod-2,Smart Fitness Watch Ultra,Wearables,WEAR-SFW-002,255.88,135.0,248.16,FitLife Direct,0,0,2,2,0,0,33,8444.04,3989.04,1.2
2026-02-05,prod-2,Smart Fitness Watch Ultra,Wearables,WEAR-SFW-002,253.51,135.0,265.87,FitLife Direct,0,0,3,2,0,0,29,7351.79,3436.79,1.2
2026-02-06,prod-2,Smart Fitness Watch Ultra,Wearables,WEAR-SFW-002,234.69,135.0,233.98,FitLife Direct,0,0,4,2,0,0,33,7744.77,3289.77,1.2
2026-02-07,prod-2,Smart Fitness Watch Ultra,Wearables,WEAR-SFW-002,238.5,135.0,234.32,FitLife Direct,0,0,5,2,1,0,39,9301.5,4036.5,1.2
2026-02-08,prod-2,Smart Fitness Watch Ultra,Wearables,WEAR-SFW-002,246.75,135.0,237.66,FitLife Direct,0,0,6,2,1,0,33,8142.75,3687.75,1.2
2026-02-09,prod-2,Smart Fitness Watch Ultra,Wearables,WEAR-SFW-002,252.44,135.0,252.17,FitLife Direct,0,0,0,2,0,0,30,7573.2,3523.2,1.2
2026-02-10,prod-2,Smart Fitness Watch Ultra,Wearables,WEAR-SFW-002,246.14,135.0,238.8,FitLife Direct,0,0,1,2,0,0,36,8861.04,4001.04,1.2
2026-02-11,prod-2,Smart Fitness Watch Ultra,Wearables,WEAR-SFW-002,263.82,135.0,271.37,FitLife Direct,0,0,2,2,0,0,29,7650.78,3735.78,1.2
2026-02-12,prod-2,Smart Fitness Watch Ultra,Wearables,WEAR-SFW-002,238.69,135.0,237.77,FitLife Direct,0,0,3,2,0,0,30,7160.7,3110.7,1.2
2026-02-13,prod-2,Smart Fitness Watch Ultra,Wearables,WEAR-SFW-002,247.54,135.0,250.15,FitLife Direct,0,0,4,2,0,0,29,7178.66,3263.66,1.2
2026-02-14,prod-2,Smart Fitness Watch Ultra,Wearables,WEAR-SFW-002,242.07,135.0,239.55,FitLife Direct,0,0,5,2,1,0,38,9198.66,4068.66,1.2
2026-02-15,prod-2,Smart Fitness Watch Ultra,Wearables,WEAR-SFW-002,240.38,135.0,233.85,FitLife Direct,0,0,6,2,1,0,42,10095.96,4425.96,1.2
2026-02-16,prod-2,Smart Fitness Watch Ultra,Wearables,WEAR-SFW-002,244.48,135.0,252.9,FitLife Direct,0,0,0,2,0,0,32,7823.36,3503.36,1.2
2026-02-17,prod-2,Smart Fitness Watch Ultra,Wearables,WEAR-SFW-002,244.55,135.0,258.7,FitLife Direct,0,0,1,2,0,0,37,9048.35,4053.35,1.2
2026-02-18,prod-2,Smart Fitness Watch Ultra,Wearables,WEAR-SFW-002,238.61,135.0,238.25,FitLife Direct,0,0,2,2,0,0,31,7396.91,3211.91,1.2
2026-02-19,prod-2,Smart Fitness Watch Ultra,Wearables,WEAR-SFW-002,243.94,135.0,262.42,FitLife Direct,0,0,3,2,0,0,31,7562.14,3377.14,1.2
2026-02-20,prod-2,Smart Fitness Watch Ultra,Wearables,WEAR-SFW-002,255.34,135.0,260.17,FitLife Direct,0,0,4,2,0,0,29,7404.86,3489.86,1.2
2026-02-21,prod-2,Smart Fitness Watch Ultra,Wearables,WEAR-SFW-002,245.79,135.0,260.04,FitLife Direct,0,0,5,2,1,0,33,8111.07,3656.07,1.2
2026-02-22,prod-2,Smart Fitness Watch Ultra,Wearables,WEAR-SFW-002,251.41,135.0,259.22,FitLife Direct,0,0,6,2,1,0,37,9302.17,4307.17,1.2
2026-02-23,prod-2,Smart Fitness Watch Ultra,Wearables,WEAR-SFW-002,251.0,135.0,269.66,FitLife Direct,0,0,0,2,0,0,34,8534.0,3944.0,1.2
2026-02-24,prod-2,Smart Fitness Watch Ultra,Wearables,WEAR-SFW-002,247.66,135.0,246.41,FitLife Direct,0,0,1,2,0,0,35,8668.1,3943.1,1.2
2026-02-25,prod-2,Smart Fitness Watch Ultra,Wearables,WEAR-SFW-002,258.35,135.0,260.7,FitLife Direct,0,0,2,2,0,0,32,8267.2,3947.2,1.2
2026-02-26,prod-2,Smart Fitness Watch Ultra,Wearables,WEAR-SFW-002,241.78,135.0,251.22,FitLife Direct,0,0,3,2,0,0,36,8704.08,3844.08,1.2
2026-02-27,prod-2,Smart Fitness Watch Ultra,Wearables,WEAR-SFW-002,236.74,135.0,255.42,FitLife Direct,0,0,4,2,0,0,33,7812.42,3357.42,1.2
2026-02-28,prod-2,Smart Fitness Watch Ultra,Wearables,WEAR-SFW-002,249.7,135.0,267.29,FitLife Direct,0,0,5,2,1,0,36,8989.2,4129.2,1.2
2026-03-01,prod-2,Smart Fitness Watch Ultra,Wearables,WEAR-SFW-002,258.2,135.0,259.01,FitLife Direct,0,0,6,3,1,0,35,9037.0,4312.0,1.2
2026-03-02,prod-2,Smart Fitness Watch Ultra,Wearables,WEAR-SFW-002,253.64,135.0,246.08,FitLife Direct,0,0,0,3,0,0,33,8370.12,3915.12,1.2
2026-03-03,prod-2,Smart Fitness Watch Ultra,Wearables,WEAR-SFW-002,245.16,135.0,254.39,FitLife Direct,15,1,1,3,0,0,45,9377.37,3302.37,1.2
2026-03-04,prod-2,Smart Fitness Watch Ultra,Wearables,WEAR-SFW-002,244.46,135.0,258.04,FitLife Direct,0,1,2,3,0,0,31,7578.26,3393.26,1.2
2026-03-05,prod-2,Smart Fitness Watch Ultra,Wearables,WEAR-SFW-002,249.82,135.0,255.38,FitLife Direct,0,0,3,3,0,0,33,8244.06,3789.06,1.2
2026-03-06,prod-2,Smart Fitness Watch Ultra,Wearables,WEAR-SFW-002,247.88,135.0,249.6,FitLife Direct,0,0,4,3,0,0,33,8180.04,3725.04,1.2
2026-03-07,prod-2,Smart Fitness Watch Ultra,Wearables,WEAR-SFW-002,249.51,135.0,249.86,FitLife Direct,0,1,5,3,1,0,34,8483.34,3893.34,1.2
2026-03-08,prod-2,Smart Fitness Watch Ultra,Wearables,WEAR-SFW-002,262.09,135.0,254.31,FitLife Direct,0,0,6,3,1,0,36,9435.24,4575.24,1.2
2026-03-09,prod-2,Smart Fitness Watch Ultra,Wearables,WEAR-SFW-002,244.96,135.0,245.25,FitLife Direct,0,0,0,3,0,0,33,8083.68,3628.68,1.2
2026-03-10,prod-2,Smart Fitness Watch Ultra,Wearables,WEAR-SFW-002,244.96,135.0,238.03,FitLife Direct,0,0,1,3,0,0,33,8083.68,3628.68,1.2
2026-03-11,prod-2,Smart Fitness Watch Ultra,Wearables,WEAR-SFW-002,236.54,135.0,228.35,FitLife Direct,0,0,2,3,0,0,30,7096.2,3046.2,1.2
2026-03-12,prod-2,Smart Fitness Watch Ultra,Wearables,WEAR-SFW-002,244.8,135.0,238.22,FitLife Direct,0,0,3,3,0,0,36,8812.8,3952.8,1.2
2026-03-13,prod-2,Smart Fitness Watch Ultra,Wearables,WEAR-SFW-002,256.7,135.0,262.33,FitLife Direct,0,0,4,3,0,0,30,7701.0,3651.0,1.2
2026-03-14,prod-2,Smart Fitness Watch Ultra,Wearables,WEAR-SFW-002,247.3,135.0,251.12,FitLife Direct,0,0,5,3,1,0,38,9397.4,4267.4,1.2
2026-03-15,prod-2,Smart Fitness Watch Ultra,Wearables,WEAR-SFW-002,240.11,135.0,249.44,FitLife Direct,0,0,6,3,1,0,40,9604.4,4204.4,1.2
2026-03-16,prod-2,Smart Fitness Watch Ultra,Wearables,WEAR-SFW-002,260.97,135.0,264.61,FitLife Direct,0,0,0,3,0,0,27,7046.19,3401.19,1.2
2026-03-17,prod-2,Smart Fitness Watch Ultra,Wearables,WEAR-SFW-002,240.96,135.0,239.37,FitLife Direct,0,0,1,3,0,0,36,8674.56,3814.56,1.2
2026-03-18,prod-2,Smart Fitness Watch Ultra,Wearables,WEAR-SFW-002,251.82,135.0,265.91,FitLife Direct,0,0,2,3,0,0,31,7806.42,3621.42,1.2
2026-03-19,prod-2,Smart Fitness Watch Ultra,Wearables,WEAR-SFW-002,240.43,135.0,234.1,FitLife Direct,0,0,3,3,0,0,34,8174.62,3584.62,1.2
2026-03-20,prod-2,Smart Fitness Watch Ultra,Wearables,WEAR-SFW-002,263.45,135.0,262.82,FitLife Direct,0,0,4,3,0,0,29,7640.05,3725.05,1.2
2026-03-21,prod-2,Smart Fitness Watch Ultra,Wearables,WEAR-SFW-002,237.95,135.0,238.48,FitLife Direct,0,0,5,3,1,0,35,8328.25,3603.25,1.2
2026-03-22,prod-2,Smart Fitness Watch Ultra,Wearables,WEAR-SFW-002,254.7,135.0,268.98,FitLife Direct,0,0,6,3,1,0,36,9169.2,4309.2,1.2
2026-03-23,prod-2,Smart Fitness Watch Ultra,Wearables,WEAR-SFW-002,254.65,135.0,254.03,FitLife Direct,0,0,0,3,0,0,28,7130.2,3350.2,1.2
2026-03-24,prod-2,Smart Fitness Watch Ultra,Wearables,WEAR-SFW-002,245.71,135.0,240.05,FitLife Direct,0,0,1,3,0,0,34,8354.14,3764.14,1.2
2026-03-25,prod-2,Smart Fitness Watch Ultra,Wearables,WEAR-SFW-002,251.74,135.0,254.45,FitLife Direct,0,0,2,3,0,0,32,8055.68,3735.68,1.2
2026-03-26,prod-2,Smart Fitness Watch Ultra,Wearables,WEAR-SFW-002,262.05,135.0,280.83,FitLife Direct,0,0,3,3,0,0,28,7337.4,3557.4,1.2
2026-03-27,prod-2,Smart Fitness Watch Ultra,Wearables,WEAR-SFW-002,243.18,135.0,238.91,FitLife Direct,0,0,4,3,0,0,34,8268.12,3678.12,1.2
2026-03-28,prod-2,Smart Fitness Watch Ultra,Wearables,WEAR-SFW-002,260.44,135.0,279.77,FitLife Direct,0,0,5,3,1,0,32,8334.08,4014.08,1.2
2026-03-29,prod-2,Smart Fitness Watch Ultra,Wearables,WEAR-SFW-002,246.03,135.0,252.77,FitLife Direct,0,0,6,3,1,0,36,8857.08,3997.08,1.2
2026-03-30,prod-2,Smart Fitness Watch Ultra,Wearables,WEAR-SFW-002,249.25,135.0,260.52,FitLife Direct,0,0,0,3,0,0,30,7477.5,3427.5,1.2
2026-03-31,prod-2,Smart Fitness Watch Ultra,Wearables,WEAR-SFW-002,251.46,135.0,265.42,FitLife Direct,0,0,1,3,0,0,28,7040.88,3260.88,1.2
2026-04-01,prod-2,Smart Fitness Watch Ultra,Wearables,WEAR-SFW-002,241.26,135.0,239.97,FitLife Direct,0,0,2,4,0,0,34,8202.84,3612.84,1.2
2026-04-02,prod-2,Smart Fitness Watch Ultra,Wearables,WEAR-SFW-002,257.66,135.0,262.67,FitLife Direct,0,0,3,4,0,0,31,7987.46,3802.46,1.2
2026-04-03,prod-2,Smart Fitness Watch Ultra,Wearables,WEAR-SFW-002,242.55,135.0,248.66,FitLife Direct,0,0,4,4,0,0,34,8246.7,3656.7,1.2
2026-04-04,prod-2,Smart Fitness Watch Ultra,Wearables,WEAR-SFW-002,257.19,135.0,270.36,FitLife Direct,0,0,5,4,1,0,32,8230.08,3910.08,1.2
2026-04-05,prod-2,Smart Fitness Watch Ultra,Wearables,WEAR-SFW-002,247.26,135.0,259.21,FitLife Direct,0,0,6,4,1,0,34,8406.84,3816.84,1.2
2026-04-06,prod-2,Smart Fitness Watch Ultra,Wearables,WEAR-SFW-002,260.72,135.0,251.3,FitLife Direct,0,0,0,4,0,0,33,8603.76,4148.76,1.2
2026-04-07,prod-2,Smart Fitness Watch Ultra,Wearables,WEAR-SFW-002,237.13,135.0,252.27,FitLife Direct,5,1,1,4,0,0,34,7659.3,3069.3,1.2
2026-04-08,prod-2,Smart Fitness Watch Ultra,Wearables,WEAR-SFW-002,256.61,135.0,267.57,FitLife Direct,0,0,2,4,0,0,32,8211.52,3891.52,1.2
2026-04-09,prod-2,Smart Fitness Watch Ultra,Wearables,WEAR-SFW-002,247.35,135.0,255.74,FitLife Direct,0,0,3,4,0,0,35,8657.25,3932.25,1.2
2026-04-10,prod-2,Smart Fitness Watch Ultra,Wearables,WEAR-SFW-002,258.64,135.0,265.99,FitLife Direct,0,0,4,4,0,0,32,8276.48,3956.48,1.2
2026-04-11,prod-2,Smart Fitness Watch Ultra,Wearables,WEAR-SFW-002,239.57,135.0,258.13,FitLife Direct,0,0,5,4,1,0,39,9343.23,4078.23,1.2
2026-04-12,prod-2,Smart Fitness Watch Ultra,Wearables,WEAR-SFW-002,263.04,135.0,268.76,FitLife Direct,0,0,6,4,1,0,36,9469.44,4609.44,1.2
2026-04-13,prod-2,Smart Fitness Watch Ultra,Wearables,WEAR-SFW-002,238.59,135.0,250.52,FitLife Direct,0,0,0,4,0,0,30,7157.7,3107.7,1.2
2026-04-14,prod-2,Smart Fitness Watch Ultra,Wearables,WEAR-SFW-002,242.83,135.0,252.23,FitLife Direct,0,0,1,4,0,0,30,7284.9,3234.9,1.2
2026-04-15,prod-2,Smart Fitness Watch Ultra,Wearables,WEAR-SFW-002,238.91,135.0,238.59,FitLife Direct,0,0,2,4,0,0,37,8839.67,3844.67,1.2
2026-04-16,prod-2,Smart Fitness Watch Ultra,Wearables,WEAR-SFW-002,246.29,135.0,240.64,FitLife Direct,0,0,3,4,0,0,34,8373.86,3783.86,1.2
2026-04-17,prod-2,Smart Fitness Watch Ultra,Wearables,WEAR-SFW-002,245.76,135.0,238.16,FitLife Direct,0,0,4,4,0,0,35,8601.6,3876.6,1.2
2026-04-18,prod-2,Smart Fitness Watch Ultra,Wearables,WEAR-SFW-002,246.59,135.0,258.91,FitLife Direct,0,0,5,4,1,0,40,9863.6,4463.6,1.2
2026-04-19,prod-2,Smart Fitness Watch Ultra,Wearables,WEAR-SFW-002,248.14,135.0,252.75,FitLife Direct,0,0,6,4,1,0,40,9925.6,4525.6,1.2
2026-04-20,prod-2,Smart Fitness Watch Ultra,Wearables,WEAR-SFW-002,259.89,135.0,252.4,FitLife Direct,0,0,0,4,0,0,32,8316.48,3996.48,1.2
2026-04-21,prod-2,Smart Fitness Watch Ultra,Wearables,WEAR-SFW-002,255.41,135.0,271.25,FitLife Direct,0,0,1,4,0,0,30,7662.3,3612.3,1.2
2026-04-22,prod-2,Smart Fitness Watch Ultra,Wearables,WEAR-SFW-002,263.52,135.0,279.06,FitLife Direct,0,0,2,4,0,0,29,7642.08,3727.08,1.2
2026-04-23,prod-2,Smart Fitness Watch Ultra,Wearables,WEAR-SFW-002,243.02,135.0,249.26,FitLife Direct,0,0,3,4,0,0,36,8748.72,3888.72,1.2
2026-04-24,prod-2,Smart Fitness Watch Ultra,Wearables,WEAR-SFW-002,258.13,135.0,275.5,FitLife Direct,0,0,4,4,0,0,27,6969.51,3324.51,1.2
2026-04-25,prod-2,Smart Fitness Watch Ultra,Wearables,WEAR-SFW-002,253.28,135.0,268.58,FitLife Direct,5,1,5,4,1,0,37,8902.79,3907.79,1.2
2026-04-26,prod-2,Smart Fitness Watch Ultra,Wearables,WEAR-SFW-002,234.55,135.0,252.13,FitLife Direct,0,0,6,4,1,0,41,9616.55,4081.55,1.2
2026-04-27,prod-2,Smart Fitness Watch Ultra,Wearables,WEAR-SFW-002,238.48,135.0,247.54,FitLife Direct,0,0,0,4,0,0,38,9062.24,3932.24,1.2
2026-04-28,prod-2,Smart Fitness Watch Ultra,Wearables,WEAR-SFW-002,242.73,135.0,252.09,FitLife Direct,0,0,1,4,0,0,32,7767.36,3447.36,1.2
2026-04-29,prod-2,Smart Fitness Watch Ultra,Wearables,WEAR-SFW-002,261.59,135.0,256.32,FitLife Direct,0,0,2,4,0,0,29,7586.11,3671.11,1.2
2026-04-30,prod-2,Smart Fitness Watch Ultra,Wearables,WEAR-SFW-002,255.47,135.0,252.43,FitLife Direct,0,0,3,4,0,0,33,8430.51,3975.51,1.2
2026-05-01,prod-2,Smart Fitness Watch Ultra,Wearables,WEAR-SFW-002,234.56,135.0,238.6,FitLife Direct,0,0,4,5,0,0,32,7505.92,3185.92,1.2
2026-05-02,prod-2,Smart Fitness Watch Ultra,Wearables,WEAR-SFW-002,254.89,135.0,244.98,FitLife Direct,0,0,5,5,1,0,38,9685.82,4555.82,1.2
2026-05-03,prod-2,Smart Fitness Watch Ultra,Wearables,WEAR-SFW-002,264.12,135.0,266.94,FitLife Direct,0,0,6,5,1,0,30,7923.6,3873.6,1.2
2026-05-04,prod-2,Smart Fitness Watch Ultra,Wearables,WEAR-SFW-002,246.0,135.0,257.73,FitLife Direct,10,1,0,5,0,0,36,7970.4,3110.4,1.2
2026-05-05,prod-2,Smart Fitness Watch Ultra,Wearables,WEAR-SFW-002,243.49,135.0,244.93,FitLife Direct,0,0,1,5,0,0,36,8765.64,3905.64,1.2
2026-05-06,prod-2,Smart Fitness Watch Ultra,Wearables,WEAR-SFW-002,253.74,135.0,264.21,FitLife Direct,0,1,2,5,0,0,32,8119.68,3799.68,1.2
2026-05-07,prod-2,Smart Fitness Watch Ultra,Wearables,WEAR-SFW-002,239.44,135.0,239.95,FitLife Direct,0,0,3,5,0,0,36,8619.84,3759.84,1.2
2026-05-08,prod-2,Smart Fitness Watch Ultra,Wearables,WEAR-SFW-002,262.07,135.0,270.96,FitLife Direct,0,0,4,5,0,0,28,7337.96,3557.96,1.2
2026-05-09,prod-2,Smart Fitness Watch Ultra,Wearables,WEAR-SFW-002,261.37,135.0,255.31,FitLife Direct,0,0,5,5,1,0,36,9409.32,4549.32,1.2
2026-05-10,prod-2,Smart Fitness Watch Ultra,Wearables,WEAR-SFW-002,245.05,135.0,247.87,FitLife Direct,0,0,6,5,1,0,35,8576.75,3851.75,1.2
2026-05-11,prod-2,Smart Fitness Watch Ultra,Wearables,WEAR-SFW-002,253.83,135.0,251.24,FitLife Direct,0,0,0,5,0,0,33,8376.39,3921.39,1.2
2026-05-12,prod-2,Smart Fitness Watch Ultra,Wearables,WEAR-SFW-002,243.06,135.0,260.79,FitLife Direct,10,1,1,5,0,0,35,7656.39,2931.39,1.2
2026-05-13,prod-2,Smart Fitness Watch Ultra,Wearables,WEAR-SFW-002,252.7,135.0,248.31,FitLife Direct,0,0,2,5,0,0,33,8339.1,3884.1,1.2
2026-05-14,prod-2,Smart Fitness Watch Ultra,Wearables,WEAR-SFW-002,258.0,135.0,272.26,FitLife Direct,0,0,3,5,0,0,30,7740.0,3690.0,1.2
2026-05-15,prod-2,Smart Fitness Watch Ultra,Wearables,WEAR-SFW-002,241.75,135.0,250.59,FitLife Direct,0,1,4,5,0,0,37,8944.75,3949.75,1.2
2026-05-16,prod-2,Smart Fitness Watch Ultra,Wearables,WEAR-SFW-002,262.49,135.0,256.15,FitLife Direct,0,0,5,5,1,0,34,8924.66,4334.66,1.2
2026-05-17,prod-2,Smart Fitness Watch Ultra,Wearables,WEAR-SFW-002,245.47,135.0,255.77,FitLife Direct,0,0,6,5,1,0,41,10064.27,4529.27,1.2
2026-05-18,prod-2,Smart Fitness Watch Ultra,Wearables,WEAR-SFW-002,257.59,135.0,247.8,FitLife Direct,10,1,0,5,0,0,33,7650.42,3195.42,1.2
2026-05-19,prod-2,Smart Fitness Watch Ultra,Wearables,WEAR-SFW-002,262.15,135.0,281.51,FitLife Direct,0,0,1,5,0,0,29,7602.35,3687.35,1.2
2026-05-20,prod-2,Smart Fitness Watch Ultra,Wearables,WEAR-SFW-002,255.87,135.0,269.19,FitLife Direct,0,0,2,5,0,0,30,7676.1,3626.1,1.2
2026-05-21,prod-2,Smart Fitness Watch Ultra,Wearables,WEAR-SFW-002,253.71,135.0,259.93,FitLife Direct,0,0,3,5,0,0,28,7103.88,3323.88,1.2
2026-05-22,prod-2,Smart Fitness Watch Ultra,Wearables,WEAR-SFW-002,236.9,135.0,253.6,FitLife Direct,0,0,4,5,0,0,31,7343.9,3158.9,1.2
2026-05-23,prod-2,Smart Fitness Watch Ultra,Wearables,WEAR-SFW-002,244.31,135.0,251.73,FitLife Direct,0,0,5,5,1,0,38,9283.78,4153.78,1.2
2026-05-24,prod-2,Smart Fitness Watch Ultra,Wearables,WEAR-SFW-002,253.79,135.0,253.08,FitLife Direct,0,0,6,5,1,0,39,9897.81,4632.81,1.2
2026-05-25,prod-2,Smart Fitness Watch Ultra,Wearables,WEAR-SFW-002,241.67,135.0,239.09,FitLife Direct,0,0,0,5,0,0,30,7250.1,3200.1,1.2
2026-05-26,prod-2,Smart Fitness Watch Ultra,Wearables,WEAR-SFW-002,252.86,135.0,244.42,FitLife Direct,0,0,1,5,0,0,33,8344.38,3889.38,1.2
2026-05-27,prod-2,Smart Fitness Watch Ultra,Wearables,WEAR-SFW-002,239.79,135.0,230.56,FitLife Direct,0,0,2,5,0,0,30,7193.7,3143.7,1.2
2026-05-28,prod-2,Smart Fitness Watch Ultra,Wearables,WEAR-SFW-002,249.39,135.0,249.79,FitLife Direct,0,0,3,5,0,0,35,8728.65,4003.65,1.2
2026-05-29,prod-2,Smart Fitness Watch Ultra,Wearables,WEAR-SFW-002,242.29,135.0,243.41,FitLife Direct,0,0,4,5,0,0,36,8722.44,3862.44,1.2
2026-05-30,prod-2,Smart Fitness Watch Ultra,Wearables,WEAR-SFW-002,256.47,135.0,249.84,FitLife Direct,0,0,5,5,1,0,33,8463.51,4008.51,1.2
2026-05-31,prod-2,Smart Fitness Watch Ultra,Wearables,WEAR-SFW-002,247.38,135.0,253.04,FitLife Direct,0,0,6,5,1,0,41,10142.58,4607.58,1.2
2026-06-01,prod-2,Smart Fitness Watch Ultra,Wearables,WEAR-SFW-002,253.32,135.0,258.27,FitLife Direct,0,0,0,6,0,0,28,7092.96,3312.96,1.2
2026-06-02,prod-2,Smart Fitness Watch Ultra,Wearables,WEAR-SFW-002,260.26,135.0,255.06,FitLife Direct,0,0,1,6,0,0,33,8588.58,4133.58,1.2
2026-06-03,prod-2,Smart Fitness Watch Ultra,Wearables,WEAR-SFW-002,261.3,135.0,271.99,FitLife Direct,0,1,2,6,0,0,27,7055.1,3410.1,1.2
2026-06-04,prod-2,Smart Fitness Watch Ultra,Wearables,WEAR-SFW-002,260.37,135.0,257.6,FitLife Direct,0,0,3,6,0,0,30,7811.1,3761.1,1.2
2026-06-05,prod-2,Smart Fitness Watch Ultra,Wearables,WEAR-SFW-002,239.02,135.0,256.17,FitLife Direct,0,0,4,6,0,0,34,8126.68,3536.68,1.2
2026-06-06,prod-2,Smart Fitness Watch Ultra,Wearables,WEAR-SFW-002,261.89,135.0,274.69,FitLife Direct,0,0,5,6,1,0,33,8642.37,4187.37,1.2
2026-06-07,prod-2,Smart Fitness Watch Ultra,Wearables,WEAR-SFW-002,246.99,135.0,258.46,FitLife Direct,0,0,6,6,1,0,33,8150.67,3695.67,1.2
2026-06-08,prod-2,Smart Fitness Watch Ultra,Wearables,WEAR-SFW-002,245.69,135.0,250.66,FitLife Direct,0,0,0,6,0,0,30,7370.7,3320.7,1.2
2026-06-09,prod-2,Smart Fitness Watch Ultra,Wearables,WEAR-SFW-002,258.61,135.0,278.72,FitLife Direct,0,0,1,6,0,0,28,7241.08,3461.08,1.2
2026-06-10,prod-2,Smart Fitness Watch Ultra,Wearables,WEAR-SFW-002,248.45,135.0,246.93,FitLife Direct,0,0,2,6,0,0,31,7701.95,3516.95,1.2
2026-06-11,prod-2,Smart Fitness Watch Ultra,Wearables,WEAR-SFW-002,251.09,135.0,241.29,FitLife Direct,0,0,3,6,0,0,32,8034.88,3714.88,1.2
2026-06-12,prod-2,Smart Fitness Watch Ultra,Wearables,WEAR-SFW-002,243.63,135.0,252.09,FitLife Direct,0,0,4,6,0,0,34,8283.42,3693.42,1.2
2026-06-13,prod-2,Smart Fitness Watch Ultra,Wearables,WEAR-SFW-002,249.3,135.0,262.44,FitLife Direct,0,0,5,6,1,0,40,9972.0,4572.0,1.2
2026-06-14,prod-2,Smart Fitness Watch Ultra,Wearables,WEAR-SFW-002,257.3,135.0,254.58,FitLife Direct,15,1,6,6,1,0,37,8092.09,3097.09,1.2
2026-06-15,prod-2,Smart Fitness Watch Ultra,Wearables,WEAR-SFW-002,250.74,135.0,259.85,FitLife Direct,0,0,0,6,0,0,28,7020.72,3240.72,1.2
2026-06-16,prod-2,Smart Fitness Watch Ultra,Wearables,WEAR-SFW-002,244.56,135.0,257.05,FitLife Direct,0,0,1,6,0,0,35,8559.6,3834.6,1.2
2026-06-17,prod-2,Smart Fitness Watch Ultra,Wearables,WEAR-SFW-002,243.74,135.0,239.99,FitLife Direct,0,0,2,6,0,0,32,7799.68,3479.68,1.2
2026-06-18,prod-2,Smart Fitness Watch Ultra,Wearables,WEAR-SFW-002,263.31,135.0,283.51,FitLife Direct,0,0,3,6,0,0,29,7635.99,3720.99,1.2
2026-06-19,prod-2,Smart Fitness Watch Ultra,Wearables,WEAR-SFW-002,235.84,135.0,232.96,FitLife Direct,0,0,4,6,0,0,34,8018.56,3428.56,1.2
2026-06-20,prod-2,Smart Fitness Watch Ultra,Wearables,WEAR-SFW-002,261.34,135.0,265.26,FitLife Direct,0,0,5,6,1,0,35,9146.9,4421.9,1.2
2026-06-21,prod-2,Smart Fitness Watch Ultra,Wearables,WEAR-SFW-002,249.66,135.0,258.76,FitLife Direct,0,0,6,6,1,0,37,9237.42,4242.42,1.2
2026-06-22,prod-2,Smart Fitness Watch Ultra,Wearables,WEAR-SFW-002,236.39,135.0,245.73,FitLife Direct,0,0,0,6,0,0,33,7800.87,3345.87,1.2
2026-06-23,prod-2,Smart Fitness Watch Ultra,Wearables,WEAR-SFW-002,260.01,135.0,278.5,FitLife Direct,0,0,1,6,0,0,33,8580.33,4125.33,1.2
2026-06-24,prod-2,Smart Fitness Watch Ultra,Wearables,WEAR-SFW-002,244.3,135.0,247.8,FitLife Direct,0,0,2,6,0,0,37,9039.1,4044.1,1.2
2026-06-25,prod-2,Smart Fitness Watch Ultra,Wearables,WEAR-SFW-002,238.61,135.0,251.12,FitLife Direct,0,1,3,6,0,0,31,7396.91,3211.91,1.2
2026-06-26,prod-2,Smart Fitness Watch Ultra,Wearables,WEAR-SFW-002,248.48,135.0,250.66,FitLife Direct,0,0,4,6,0,0,36,8945.28,4085.28,1.2
2026-06-27,prod-2,Smart Fitness Watch Ultra,Wearables,WEAR-SFW-002,240.75,135.0,240.03,FitLife Direct,0,0,5,6,1,0,34,8185.5,3595.5,1.2
2026-06-28,prod-2,Smart Fitness Watch Ultra,Wearables,WEAR-SFW-002,239.25,135.0,249.38,FitLife Direct,0,0,6,6,1,0,40,9570.0,4170.0,1.2
2026-06-29,prod-2,Smart Fitness Watch Ultra,Wearables,WEAR-SFW-002,235.74,135.0,249.96,FitLife Direct,0,0,0,6,0,0,31,7307.94,3122.94,1.2
2026-06-30,prod-2,Smart Fitness Watch Ultra,Wearables,WEAR-SFW-002,241.96,135.0,242.61,FitLife Direct,0,0,1,6,0,0,35,8468.6,3743.6,1.2
2026-07-01,prod-2,Smart Fitness Watch Ultra,Wearables,WEAR-SFW-002,242.32,135.0,261.43,FitLife Direct,15,1,2,7,0,0,44,9062.77,3122.77,1.2
2026-07-02,prod-2,Smart Fitness Watch Ultra,Wearables,WEAR-SFW-002,251.18,135.0,257.71,FitLife Direct,0,1,3,7,0,0,34,8540.12,3950.12,1.2
2026-07-03,prod-2,Smart Fitness Watch Ultra,Wearables,WEAR-SFW-002,238.72,135.0,229.51,FitLife Direct,0,0,4,7,0,0,38,9071.36,3941.36,1.2
2026-07-04,prod-2,Smart Fitness Watch Ultra,Wearables,WEAR-SFW-002,238.44,135.0,252.47,FitLife Direct,0,0,5,7,1,0,39,9299.16,4034.16,1.2
2026-07-05,prod-2,Smart Fitness Watch Ultra,Wearables,WEAR-SFW-002,253.83,135.0,261.41,FitLife Direct,0,0,6,7,1,0,38,9645.54,4515.54,1.2
2026-07-06,prod-2,Smart Fitness Watch Ultra,Wearables,WEAR-SFW-002,235.18,135.0,227.59,FitLife Direct,0,0,0,7,0,0,34,7996.12,3406.12,1.2
2026-07-07,prod-2,Smart Fitness Watch Ultra,Wearables,WEAR-SFW-002,238.39,135.0,254.75,FitLife Direct,0,0,1,7,0,0,33,7866.87,3411.87,1.2
2026-07-08,prod-2,Smart Fitness Watch Ultra,Wearables,WEAR-SFW-002,235.81,135.0,239.42,FitLife Direct,0,0,2,7,0,0,35,8253.35,3528.35,1.2
2026-07-09,prod-2,Smart Fitness Watch Ultra,Wearables,WEAR-SFW-002,259.13,135.0,261.05,FitLife Direct,15,1,3,7,0,0,34,7488.86,2898.86,1.2
2026-07-10,prod-2,Smart Fitness Watch Ultra,Wearables,WEAR-SFW-002,240.96,135.0,236.73,FitLife Direct,0,0,4,7,0,0,37,8915.52,3920.52,1.2
2026-07-11,prod-2,Smart Fitness Watch Ultra,Wearables,WEAR-SFW-002,235.57,135.0,243.65,FitLife Direct,0,0,5,7,1,0,37,8716.09,3721.09,1.2
2026-07-12,prod-2,Smart Fitness Watch Ultra,Wearables,WEAR-SFW-002,246.87,135.0,253.31,FitLife Direct,10,1,6,7,1,0,40,8887.32,3487.32,1.2
2026-07-13,prod-2,Smart Fitness Watch Ultra,Wearables,WEAR-SFW-002,247.08,135.0,256.25,FitLife Direct,0,0,0,7,0,0,31,7659.48,3474.48,1.2
2026-07-14,prod-2,Smart Fitness Watch Ultra,Wearables,WEAR-SFW-002,264.29,135.0,270.96,FitLife Direct,15,1,1,7,0,0,39,8761.21,3496.21,1.2
2026-07-15,prod-2,Smart Fitness Watch Ultra,Wearables,WEAR-SFW-002,245.28,135.0,251.5,FitLife Direct,0,0,2,7,0,0,36,8830.08,3970.08,1.2
2026-07-16,prod-2,Smart Fitness Watch Ultra,Wearables,WEAR-SFW-002,249.57,135.0,251.22,FitLife Direct,0,0,3,7,0,0,31,7736.67,3551.67,1.2
2026-07-17,prod-2,Smart Fitness Watch Ultra,Wearables,WEAR-SFW-002,241.09,135.0,257.36,FitLife Direct,0,0,4,7,0,0,30,7232.7,3182.7,1.2
2026-07-18,prod-2,Smart Fitness Watch Ultra,Wearables,WEAR-SFW-002,264.22,135.0,270.44,FitLife Direct,0,0,5,7,1,0,38,10040.36,4910.36,1.2
2026-07-19,prod-2,Smart Fitness Watch Ultra,Wearables,WEAR-SFW-002,263.69,135.0,256.31,FitLife Direct,0,0,6,7,1,0,32,8438.08,4118.08,1.2
2026-07-20,prod-2,Smart Fitness Watch Ultra,Wearables,WEAR-SFW-002,258.97,135.0,277.12,FitLife Direct,5,1,0,7,0,0,33,8118.71,3663.71,1.2
2026-07-21,prod-2,Smart Fitness Watch Ultra,Wearables,WEAR-SFW-002,263.95,135.0,265.69,FitLife Direct,0,0,1,7,0,0,34,8974.3,4384.3,1.2
2026-07-22,prod-2,Smart Fitness Watch Ultra,Wearables,WEAR-SFW-002,239.73,135.0,236.95,FitLife Direct,0,0,2,7,0,0,36,8630.28,3770.28,1.2
2026-07-23,prod-2,Smart Fitness Watch Ultra,Wearables,WEAR-SFW-002,245.27,135.0,252.87,FitLife Direct,0,0,3,7,0,0,32,7848.64,3528.64,1.2
2026-07-24,prod-2,Smart Fitness Watch Ultra,Wearables,WEAR-SFW-002,251.53,135.0,245.76,FitLife Direct,0,0,4,7,0,0,34,8552.02,3962.02,1.2
2026-07-25,prod-2,Smart Fitness Watch Ultra,Wearables,WEAR-SFW-002,258.79,135.0,278.57,FitLife Direct,0,0,5,7,1,0,32,8281.28,3961.28,1.2
2026-07-26,prod-2,Smart Fitness Watch Ultra,Wearables,WEAR-SFW-002,235.67,135.0,227.83,FitLife Direct,0,0,6,7,1,0,34,8012.78,3422.78,1.2
2026-07-27,prod-2,Smart Fitness Watch Ultra,Wearables,WEAR-SFW-002,248.84,135.0,248.79,FitLife Direct,0,0,0,7,0,0,35,8709.4,3984.4,1.2
2026-07-28,prod-2,Smart Fitness Watch Ultra,Wearables,WEAR-SFW-002,244.73,135.0,240.15,FitLife Direct,0,0,1,7,0,0,36,8810.28,3950.28,1.2
2026-07-29,prod-2,Smart Fitness Watch Ultra,Wearables,WEAR-SFW-002,236.31,135.0,231.05,FitLife Direct,0,0,2,7,0,0,31,7325.61,3140.61,1.2
2026-07-30,prod-2,Smart Fitness Watch Ultra,Wearables,WEAR-SFW-002,237.85,135.0,243.36,FitLife Direct,0,0,3,7,0,0,31,7373.35,3188.35,1.2
2026-07-31,prod-2,Smart Fitness Watch Ultra,Wearables,WEAR-SFW-002,255.62,135.0,265.71,FitLife Direct,0,0,4,7,0,0,30,7668.6,3618.6,1.2
2026-08-01,prod-2,Smart Fitness Watch Ultra,Wearables,WEAR-SFW-002,244.19,135.0,263.02,FitLife Direct,0,0,5,8,1,0,36,8790.84,3930.84,1.2
2026-08-02,prod-2,Smart Fitness Watch Ultra,Wearables,WEAR-SFW-002,253.67,135.0,258.35,FitLife Direct,0,0,6,8,1,0,37,9385.79,4390.79,1.2
2026-08-03,prod-2,Smart Fitness Watch Ultra,Wearables,WEAR-SFW-002,251.36,135.0,268.14,FitLife Direct,0,0,0,8,0,0,31,7792.16,3607.16,1.2
2026-08-04,prod-2,Smart Fitness Watch Ultra,Wearables,WEAR-SFW-002,254.46,135.0,269.15,FitLife Direct,0,0,1,8,0,0,33,8397.18,3942.18,1.2
2026-08-05,prod-2,Smart Fitness Watch Ultra,Wearables,WEAR-SFW-002,243.35,135.0,238.81,FitLife Direct,15,1,2,8,0,0,44,9101.29,3161.29,1.2
2026-08-06,prod-2,Smart Fitness Watch Ultra,Wearables,WEAR-SFW-002,257.61,135.0,264.85,FitLife Direct,0,0,3,8,0,0,30,7728.3,3678.3,1.2
2026-08-07,prod-2,Smart Fitness Watch Ultra,Wearables,WEAR-SFW-002,258.75,135.0,267.38,FitLife Direct,0,0,4,8,0,0,28,7245.0,3465.0,1.2
2026-08-08,prod-2,Smart Fitness Watch Ultra,Wearables,WEAR-SFW-002,249.39,135.0,249.33,FitLife Direct,10,1,5,8,1,0,46,10324.75,4114.75,1.2
2026-08-09,prod-2,Smart Fitness Watch Ultra,Wearables,WEAR-SFW-002,239.56,135.0,255.43,FitLife Direct,10,1,6,8,1,0,43,9270.97,3465.97,1.2
2026-08-10,prod-2,Smart Fitness Watch Ultra,Wearables,WEAR-SFW-002,242.47,135.0,240.03,FitLife Direct,10,1,0,8,0,0,41,8947.14,3412.14,1.2
2026-08-11,prod-2,Smart Fitness Watch Ultra,Wearables,WEAR-SFW-002,256.1,135.0,247.34,FitLife Direct,0,0,1,8,0,0,31,7939.1,3754.1,1.2
2026-08-12,prod-2,Smart Fitness Watch Ultra,Wearables,WEAR-SFW-002,239.51,135.0,241.83,FitLife Direct,0,0,2,8,0,0,33,7903.83,3448.83,1.2
2026-08-13,prod-2,Smart Fitness Watch Ultra,Wearables,WEAR-SFW-002,245.77,135.0,260.38,FitLife Direct,0,0,3,8,0,0,33,8110.41,3655.41,1.2
2026-08-14,prod-2,Smart Fitness Watch Ultra,Wearables,WEAR-SFW-002,257.23,135.0,253.9,FitLife Direct,0,0,4,8,0,0,33,8488.59,4033.59,1.2
2026-08-15,prod-2,Smart Fitness Watch Ultra,Wearables,WEAR-SFW-002,235.53,135.0,226.68,FitLife Direct,0,0,5,8,1,0,35,8243.55,3518.55,1.2
2026-08-16,prod-2,Smart Fitness Watch Ultra,Wearables,WEAR-SFW-002,244.76,135.0,261.05,FitLife Direct,0,0,6,8,1,0,33,8077.08,3622.08,1.2
2026-08-17,prod-2,Smart Fitness Watch Ultra,Wearables,WEAR-SFW-002,262.73,135.0,283.06,FitLife Direct,0,0,0,8,0,0,34,8932.82,4342.82,1.2
2025-08-18,prod-3,Ergonomic Mesh Office Chair,Office & Furniture,FURN-EMC-003,344.52,170.0,359.87,OfficeDepot Hub,0,0,0,8,0,0,16,5512.32,2792.32,0.85
2025-08-19,prod-3,Ergonomic Mesh Office Chair,Office & Furniture,FURN-EMC-003,333.24,170.0,337.27,OfficeDepot Hub,10,1,1,8,0,0,16,4798.66,2078.66,0.85
2025-08-20,prod-3,Ergonomic Mesh Office Chair,Office & Furniture,FURN-EMC-003,316.76,170.0,330.59,OfficeDepot Hub,0,0,2,8,0,0,17,5384.92,2494.92,0.85
2025-08-21,prod-3,Ergonomic Mesh Office Chair,Office & Furniture,FURN-EMC-003,319.73,170.0,317.74,OfficeDepot Hub,0,0,3,8,0,0,14,4476.22,2096.22,0.85
2025-08-22,prod-3,Ergonomic Mesh Office Chair,Office & Furniture,FURN-EMC-003,331.83,170.0,352.0,OfficeDepot Hub,0,0,4,8,0,0,15,4977.45,2427.45,0.85
2025-08-23,prod-3,Ergonomic Mesh Office Chair,Office & Furniture,FURN-EMC-003,326.14,170.0,324.62,OfficeDepot Hub,0,0,5,8,1,0,18,5870.52,2810.52,0.85
2025-08-24,prod-3,Ergonomic Mesh Office Chair,Office & Furniture,FURN-EMC-003,317.14,170.0,305.43,OfficeDepot Hub,0,0,6,8,1,0,17,5391.38,2501.38,0.85
2025-08-25,prod-3,Ergonomic Mesh Office Chair,Office & Furniture,FURN-EMC-003,312.49,170.0,331.63,OfficeDepot Hub,0,0,0,8,0,0,16,4999.84,2279.84,0.85
2025-08-26,prod-3,Ergonomic Mesh Office Chair,Office & Furniture,FURN-EMC-003,328.57,170.0,341.49,OfficeDepot Hub,15,1,1,8,0,0,17,4747.84,1857.84,0.85
2025-08-27,prod-3,Ergonomic Mesh Office Chair,Office & Furniture,FURN-EMC-003,344.22,170.0,345.71,OfficeDepot Hub,0,0,2,8,0,0,14,4819.08,2439.08,0.85
2025-08-28,prod-3,Ergonomic Mesh Office Chair,Office & Furniture,FURN-EMC-003,327.62,170.0,323.41,OfficeDepot Hub,0,0,3,8,0,0,14,4586.68,2206.68,0.85
2025-08-29,prod-3,Ergonomic Mesh Office Chair,Office & Furniture,FURN-EMC-003,338.96,170.0,352.55,OfficeDepot Hub,10,1,4,8,0,0,18,5491.15,2431.15,0.85
2025-08-30,prod-3,Ergonomic Mesh Office Chair,Office & Furniture,FURN-EMC-003,325.6,170.0,342.13,OfficeDepot Hub,0,0,5,8,1,0,16,5209.6,2489.6,0.85
2025-08-31,prod-3,Ergonomic Mesh Office Chair,Office & Furniture,FURN-EMC-003,324.54,170.0,331.91,OfficeDepot Hub,0,0,6,8,1,0,19,6166.26,2936.26,0.85
2025-09-01,prod-3,Ergonomic Mesh Office Chair,Office & Furniture,FURN-EMC-003,346.23,170.0,356.18,OfficeDepot Hub,0,0,0,9,0,0,14,4847.22,2467.22,0.85
2025-09-02,prod-3,Ergonomic Mesh Office Chair,Office & Furniture,FURN-EMC-003,324.85,170.0,345.14,OfficeDepot Hub,5,1,1,9,0,0,15,4629.11,2079.11,0.85
2025-09-03,prod-3,Ergonomic Mesh Office Chair,Office & Furniture,FURN-EMC-003,339.15,170.0,332.62,OfficeDepot Hub,0,0,2,9,0,0,17,5765.55,2875.55,0.85
2025-09-04,prod-3,Ergonomic Mesh Office Chair,Office & Furniture,FURN-EMC-003,341.18,170.0,332.7,OfficeDepot Hub,0,0,3,9,0,0,17,5800.06,2910.06,0.85
2025-09-05,prod-3,Ergonomic Mesh Office Chair,Office & Furniture,FURN-EMC-003,326.45,170.0,352.46,OfficeDepot Hub,0,0,4,9,0,0,17,5549.65,2659.65,0.85
2025-09-06,prod-3,Ergonomic Mesh Office Chair,Office & Furniture,FURN-EMC-003,319.44,170.0,341.58,OfficeDepot Hub,0,0,5,9,1,0,16,5111.04,2391.04,0.85
2025-09-07,prod-3,Ergonomic Mesh Office Chair,Office & Furniture,FURN-EMC-003,324.58,170.0,327.07,OfficeDepot Hub,0,0,6,9,1,0,17,5517.86,2627.86,0.85
2025-09-08,prod-3,Ergonomic Mesh Office Chair,Office & Furniture,FURN-EMC-003,327.35,170.0,348.57,OfficeDepot Hub,0,0,0,9,0,0,16,5237.6,2517.6,0.85
2025-09-09,prod-3,Ergonomic Mesh Office Chair,Office & Furniture,FURN-EMC-003,329.89,170.0,333.3,OfficeDepot Hub,0,0,1,9,0,0,14,4618.46,2238.46,0.85
2025-09-10,prod-3,Ergonomic Mesh Office Chair,Office & Furniture,FURN-EMC-003,332.47,170.0,349.43,OfficeDepot Hub,0,0,2,9,0,0,17,5651.99,2761.99,0.85
2025-09-11,prod-3,Ergonomic Mesh Office Chair,Office & Furniture,FURN-EMC-003,331.47,170.0,322.23,OfficeDepot Hub,0,0,3,9,0,0,16,5303.52,2583.52,0.85
2025-09-12,prod-3,Ergonomic Mesh Office Chair,Office & Furniture,FURN-EMC-003,322.84,170.0,325.84,OfficeDepot Hub,0,0,4,9,0,0,16,5165.44,2445.44,0.85
2025-09-13,prod-3,Ergonomic Mesh Office Chair,Office & Furniture,FURN-EMC-003,333.3,170.0,321.47,OfficeDepot Hub,0,0,5,9,1,0,16,5332.8,2612.8,0.85
2025-09-14,prod-3,Ergonomic Mesh Office Chair,Office & Furniture,FURN-EMC-003,333.29,170.0,347.7,OfficeDepot Hub,10,1,6,9,1,0,20,5999.22,2599.22,0.85
2025-09-15,prod-3,Ergonomic Mesh Office Chair,Office & Furniture,FURN-EMC-003,311.21,170.0,316.51,OfficeDepot Hub,0,0,0,9,0,0,16,4979.36,2259.36,0.85
2025-09-16,prod-3,Ergonomic Mesh Office Chair,Office & Furniture,FURN-EMC-003,322.6,170.0,340.42,OfficeDepot Hub,0,0,1,9,0,0,18,5806.8,2746.8,0.85
2025-09-17,prod-3,Ergonomic Mesh Office Chair,Office & Furniture,FURN-EMC-003,343.14,170.0,357.61,OfficeDepot Hub,0,0,2,9,0,0,14,4803.96,2423.96,0.85
2025-09-18,prod-3,Ergonomic Mesh Office Chair,Office & Furniture,FURN-EMC-003,321.12,170.0,336.93,OfficeDepot Hub,0,0,3,9,0,0,16,5137.92,2417.92,0.85
2025-09-19,prod-3,Ergonomic Mesh Office Chair,Office & Furniture,FURN-EMC-003,338.03,170.0,349.05,OfficeDepot Hub,15,1,4,9,0,0,17,4884.53,1994.53,0.85
2025-09-20,prod-3,Ergonomic Mesh Office Chair,Office & Furniture,FURN-EMC-003,341.79,170.0,358.51,OfficeDepot Hub,0,0,5,9,1,0,19,6494.01,3264.01,0.85
2025-09-21,prod-3,Ergonomic Mesh Office Chair,Office & Furniture,FURN-EMC-003,341.67,170.0,349.13,OfficeDepot Hub,0,0,6,9,1,0,16,5466.72,2746.72,0.85
2025-09-22,prod-3,Ergonomic Mesh Office Chair,Office & Furniture,FURN-EMC-003,329.27,170.0,321.46,OfficeDepot Hub,0,0,0,9,0,0,17,5597.59,2707.59,0.85
2025-09-23,prod-3,Ergonomic Mesh Office Chair,Office & Furniture,FURN-EMC-003,310.4,170.0,305.16,OfficeDepot Hub,0,0,1,9,0,0,18,5587.2,2527.2,0.85
2025-09-24,prod-3,Ergonomic Mesh Office Chair,Office & Furniture,FURN-EMC-003,319.11,170.0,323.82,OfficeDepot Hub,0,0,2,9,0,0,17,5424.87,2534.87,0.85
2025-09-25,prod-3,Ergonomic Mesh Office Chair,Office & Furniture,FURN-EMC-003,320.08,170.0,338.91,OfficeDepot Hub,0,0,3,9,0,0,17,5441.36,2551.36,0.85
2025-09-26,prod-3,Ergonomic Mesh Office Chair,Office & Furniture,FURN-EMC-003,314.15,170.0,302.74,OfficeDepot Hub,0,0,4,9,0,0,17,5340.55,2450.55,0.85
2025-09-27,prod-3,Ergonomic Mesh Office Chair,Office & Furniture,FURN-EMC-003,316.27,170.0,336.66,OfficeDepot Hub,0,0,5,9,1,0,17,5376.59,2486.59,0.85
2025-09-28,prod-3,Ergonomic Mesh Office Chair,Office & Furniture,FURN-EMC-003,315.72,170.0,336.98,OfficeDepot Hub,0,0,6,9,1,0,19,5998.68,2768.68,0.85
2025-09-29,prod-3,Ergonomic Mesh Office Chair,Office & Furniture,FURN-EMC-003,320.51,170.0,322.56,OfficeDepot Hub,0,0,0,9,0,0,17,5448.67,2558.67,0.85
2025-09-30,prod-3,Ergonomic Mesh Office Chair,Office & Furniture,FURN-EMC-003,347.35,170.0,369.18,OfficeDepot Hub,0,0,1,9,0,0,16,5557.6,2837.6,0.85
2025-10-01,prod-3,Ergonomic Mesh Office Chair,Office & Furniture,FURN-EMC-003,319.88,170.0,322.8,OfficeDepot Hub,0,1,2,10,0,0,13,4158.44,1948.44,0.85
2025-10-02,prod-3,Ergonomic Mesh Office Chair,Office & Furniture,FURN-EMC-003,314.48,170.0,308.44,OfficeDepot Hub,0,0,3,10,0,0,13,4088.24,1878.24,0.85
2025-10-03,prod-3,Ergonomic Mesh Office Chair,Office & Furniture,FURN-EMC-003,333.28,170.0,357.66,OfficeDepot Hub,0,0,4,10,0,0,14,4665.92,2285.92,0.85
2025-10-04,prod-3,Ergonomic Mesh Office Chair,Office & Furniture,FURN-EMC-003,320.13,170.0,341.73,OfficeDepot Hub,0,0,5,10,1,0,15,4801.95,2251.95,0.85
2025-10-05,prod-3,Ergonomic Mesh Office Chair,Office & Furniture,FURN-EMC-003,317.87,170.0,316.68,OfficeDepot Hub,0,0,6,10,1,0,16,5085.92,2365.92,0.85
2025-10-06,prod-3,Ergonomic Mesh Office Chair,Office & Furniture,FURN-EMC-003,332.34,170.0,319.34,OfficeDepot Hub,0,0,0,10,0,0,15,4985.1,2435.1,0.85
2025-10-07,prod-3,Ergonomic Mesh Office Chair,Office & Furniture,FURN-EMC-003,342.4,170.0,351.77,OfficeDepot Hub,0,0,1,10,0,0,12,4108.8,2068.8,0.85
2025-10-08,prod-3,Ergonomic Mesh Office Chair,Office & Furniture,FURN-EMC-003,336.28,170.0,342.27,OfficeDepot Hub,0,0,2,10,0,0,12,4035.36,1995.36,0.85
2025-10-09,prod-3,Ergonomic Mesh Office Chair,Office & Furniture,FURN-EMC-003,322.1,170.0,319.92,OfficeDepot Hub,0,0,3,10,0,0,15,4831.5,2281.5,0.85
2025-10-10,prod-3,Ergonomic Mesh Office Chair,Office & Furniture,FURN-EMC-003,334.98,170.0,329.15,OfficeDepot Hub,0,0,4,10,0,0,12,4019.76,1979.76,0.85
2025-10-11,prod-3,Ergonomic Mesh Office Chair,Office & Furniture,FURN-EMC-003,311.5,170.0,331.09,OfficeDepot Hub,0,0,5,10,1,0,15,4672.5,2122.5,0.85
2025-10-12,prod-3,Ergonomic Mesh Office Chair,Office & Furniture,FURN-EMC-003,321.88,170.0,314.41,OfficeDepot Hub,15,1,6,10,1,0,20,5471.96,2071.96,0.85
2025-10-13,prod-3,Ergonomic Mesh Office Chair,Office & Furniture,FURN-EMC-003,319.5,170.0,322.77,OfficeDepot Hub,0,0,0,10,0,0,12,3834.0,1794.0,0.85
2025-10-14,prod-3,Ergonomic Mesh Office Chair,Office & Furniture,FURN-EMC-003,337.21,170.0,346.87,OfficeDepot Hub,0,0,1,10,0,0,14,4720.94,2340.94,0.85
2025-10-15,prod-3,Ergonomic Mesh Office Chair,Office & Furniture,FURN-EMC-003,318.04,170.0,325.72,OfficeDepot Hub,0,0,2,10,0,0,15,4770.6,2220.6,0.85
2025-10-16,prod-3,Ergonomic Mesh Office Chair,Office & Furniture,FURN-EMC-003,335.79,170.0,342.8,OfficeDepot Hub,0,0,3,10,0,0,14,4701.06,2321.06,0.85
2025-10-17,prod-3,Ergonomic Mesh Office Chair,Office & Furniture,FURN-EMC-003,343.86,170.0,337.58,OfficeDepot Hub,5,1,4,10,0,0,14,4573.34,2193.34,0.85
2025-10-18,prod-3,Ergonomic Mesh Office Chair,Office & Furniture,FURN-EMC-003,337.89,170.0,347.04,OfficeDepot Hub,0,0,5,10,1,0,16,5406.24,2686.24,0.85
2025-10-19,prod-3,Ergonomic Mesh Office Chair,Office & Furniture,FURN-EMC-003,344.78,170.0,358.07,OfficeDepot Hub,0,0,6,10,1,0,13,4482.14,2272.14,0.85
2025-10-20,prod-3,Ergonomic Mesh Office Chair,Office & Furniture,FURN-EMC-003,343.66,170.0,347.25,OfficeDepot Hub,0,0,0,10,0,0,12,4123.92,2083.92,0.85
2025-10-21,prod-3,Ergonomic Mesh Office Chair,Office & Furniture,FURN-EMC-003,332.38,170.0,337.58,OfficeDepot Hub,0,1,1,10,0,0,14,4653.32,2273.32,0.85
2025-10-22,prod-3,Ergonomic Mesh Office Chair,Office & Furniture,FURN-EMC-003,332.3,170.0,356.66,OfficeDepot Hub,5,1,2,10,0,0,14,4419.59,2039.59,0.85
2025-10-23,prod-3,Ergonomic Mesh Office Chair,Office & Furniture,FURN-EMC-003,343.51,170.0,345.5,OfficeDepot Hub,0,0,3,10,0,0,11,3778.61,1908.61,0.85
2025-10-24,prod-3,Ergonomic Mesh Office Chair,Office & Furniture,FURN-EMC-003,342.99,170.0,334.92,OfficeDepot Hub,0,0,4,10,0,0,12,4115.88,2075.88,0.85
2025-10-25,prod-3,Ergonomic Mesh Office Chair,Office & Furniture,FURN-EMC-003,331.74,170.0,354.56,OfficeDepot Hub,0,0,5,10,1,0,14,4644.36,2264.36,0.85
2025-10-26,prod-3,Ergonomic Mesh Office Chair,Office & Furniture,FURN-EMC-003,337.51,170.0,355.56,OfficeDepot Hub,0,0,6,10,1,0,15,5062.65,2512.65,0.85
2025-10-27,prod-3,Ergonomic Mesh Office Chair,Office & Furniture,FURN-EMC-003,316.24,170.0,327.67,OfficeDepot Hub,10,1,0,10,0,0,14,3984.62,1604.62,0.85
2025-10-28,prod-3,Ergonomic Mesh Office Chair,Office & Furniture,FURN-EMC-003,339.8,170.0,349.71,OfficeDepot Hub,0,0,1,10,0,0,14,4757.2,2377.2,0.85
2025-10-29,prod-3,Ergonomic Mesh Office Chair,Office & Furniture,FURN-EMC-003,340.04,170.0,331.72,OfficeDepot Hub,0,0,2,10,0,0,13,4420.52,2210.52,0.85
2025-10-30,prod-3,Ergonomic Mesh Office Chair,Office & Furniture,FURN-EMC-003,326.2,170.0,331.84,OfficeDepot Hub,5,1,3,10,0,0,15,4648.35,2098.35,0.85
2025-10-31,prod-3,Ergonomic Mesh Office Chair,Office & Furniture,FURN-EMC-003,346.77,170.0,370.02,OfficeDepot Hub,0,0,4,10,0,0,13,4508.01,2298.01,0.85
2025-11-01,prod-3,Ergonomic Mesh Office Chair,Office & Furniture,FURN-EMC-003,309.97,170.0,297.72,OfficeDepot Hub,0,0,5,11,1,0,15,4649.55,2099.55,0.85
2025-11-02,prod-3,Ergonomic Mesh Office Chair,Office & Furniture,FURN-EMC-003,343.88,170.0,343.0,OfficeDepot Hub,10,1,6,11,1,0,14,4332.89,1952.89,0.85
2025-11-03,prod-3,Ergonomic Mesh Office Chair,Office & Furniture,FURN-EMC-003,341.79,170.0,340.35,OfficeDepot Hub,0,0,0,11,0,0,13,4443.27,2233.27,0.85
2025-11-04,prod-3,Ergonomic Mesh Office Chair,Office & Furniture,FURN-EMC-003,332.8,170.0,332.98,OfficeDepot Hub,0,0,1,11,0,0,15,4992.0,2442.0,0.85
2025-11-05,prod-3,Ergonomic Mesh Office Chair,Office & Furniture,FURN-EMC-003,322.79,170.0,344.79,OfficeDepot Hub,0,0,2,11,0,0,12,3873.48,1833.48,0.85
2025-11-06,prod-3,Ergonomic Mesh Office Chair,Office & Furniture,FURN-EMC-003,346.69,170.0,371.02,OfficeDepot Hub,0,0,3,11,0,0,12,4160.28,2120.28,0.85
2025-11-07,prod-3,Ergonomic Mesh Office Chair,Office & Furniture,FURN-EMC-003,337.97,170.0,329.77,OfficeDepot Hub,0,0,4,11,0,0,13,4393.61,2183.61,0.85
2025-11-08,prod-3,Ergonomic Mesh Office Chair,Office & Furniture,FURN-EMC-003,315.93,170.0,317.19,OfficeDepot Hub,0,0,5,11,1,0,14,4423.02,2043.02,0.85
2025-11-09,prod-3,Ergonomic Mesh Office Chair,Office & Furniture,FURN-EMC-003,343.87,170.0,340.67,OfficeDepot Hub,0,0,6,11,1,0,13,4470.31,2260.31,0.85
2025-11-10,prod-3,Ergonomic Mesh Office Chair,Office & Furniture,FURN-EMC-003,348.53,170.0,362.27,OfficeDepot Hub,0,0,0,11,0,0,11,3833.83,1963.83,0.85
2025-11-11,prod-3,Ergonomic Mesh Office Chair,Office & Furniture,FURN-EMC-003,336.49,170.0,339.86,OfficeDepot Hub,0,0,1,11,0,0,13,4374.37,2164.37,0.85
2025-11-12,prod-3,Ergonomic Mesh Office Chair,Office & Furniture,FURN-EMC-003,327.99,170.0,320.9,OfficeDepot Hub,0,0,2,11,0,0,14,4591.86,2211.86,0.85
2025-11-13,prod-3,Ergonomic Mesh Office Chair,Office & Furniture,FURN-EMC-003,321.15,170.0,333.8,OfficeDepot Hub,0,0,3,11,0,0,13,4174.95,1964.95,0.85
2025-11-14,prod-3,Ergonomic Mesh Office Chair,Office & Furniture,FURN-EMC-003,333.17,170.0,325.33,OfficeDepot Hub,0,0,4,11,0,0,12,3998.04,1958.04,0.85
2025-11-15,prod-3,Ergonomic Mesh Office Chair,Office & Furniture,FURN-EMC-003,337.64,170.0,328.9,OfficeDepot Hub,0,1,5,11,1,0,14,4726.96,2346.96,0.85
2025-11-16,prod-3,Ergonomic Mesh Office Chair,Office & Furniture,FURN-EMC-003,333.3,170.0,351.08,OfficeDepot Hub,0,0,6,11,1,0,16,5332.8,2612.8,0.85
2025-11-17,prod-3,Ergonomic Mesh Office Chair,Office & Furniture,FURN-EMC-003,323.39,170.0,326.36,OfficeDepot Hub,0,0,0,11,0,0,14,4527.46,2147.46,0.85
2025-11-18,prod-3,Ergonomic Mesh Office Chair,Office & Furniture,FURN-EMC-003,345.2,170.0,359.9,OfficeDepot Hub,0,0,1,11,0,0,12,4142.4,2102.4,0.85
2025-11-19,prod-3,Ergonomic Mesh Office Chair,Office & Furniture,FURN-EMC-003,309.76,170.0,300.68,OfficeDepot Hub,15,1,2,11,0,0,15,3949.44,1399.44,0.85
2025-11-20,prod-3,Ergonomic Mesh Office Chair,Office & Furniture,FURN-EMC-003,312.82,170.0,319.52,OfficeDepot Hub,0,0,3,11,0,1,16,5005.12,2285.12,0.85
2025-11-21,prod-3,Ergonomic Mesh Office Chair,Office & Furniture,FURN-EMC-003,319.36,170.0,315.44,OfficeDepot Hub,0,0,4,11,0,1,17,5429.12,2539.12,0.85
2025-11-22,prod-3,Ergonomic Mesh Office Chair,Office & Furniture,FURN-EMC-003,327.59,170.0,318.41,OfficeDepot Hub,0,0,5,11,1,1,17,5569.03,2679.03,0.85
2025-11-23,prod-3,Ergonomic Mesh Office Chair,Office & Furniture,FURN-EMC-003,320.73,170.0,338.75,OfficeDepot Hub,0,0,6,11,1,1,20,6414.6,3014.6,0.85
2025-11-24,prod-3,Ergonomic Mesh Office Chair,Office & Furniture,FURN-EMC-003,313.01,170.0,328.97,OfficeDepot Hub,5,1,0,11,0,1,20,5947.19,2547.19,0.85
2025-11-25,prod-3,Ergonomic Mesh Office Chair,Office & Furniture,FURN-EMC-003,315.99,170.0,316.91,OfficeDepot Hub,0,0,1,11,0,1,18,5687.82,2627.82,0.85
2025-11-26,prod-3,Ergonomic Mesh Office Chair,Office & Furniture,FURN-EMC-003,343.94,170.0,334.02,OfficeDepot Hub,0,0,2,11,0,1,15,5159.1,2609.1,0.85
2025-11-27,prod-3,Ergonomic Mesh Office Chair,Office & Furniture,FURN-EMC-003,325.08,170.0,349.62,OfficeDepot Hub,0,0,3,11,0,1,17,5526.36,2636.36,0.85
2025-11-28,prod-3,Ergonomic Mesh Office Chair,Office & Furniture,FURN-EMC-003,342.84,170.0,362.03,OfficeDepot Hub,0,0,4,11,0,1,18,6171.12,3111.12,0.85
2025-11-29,prod-3,Ergonomic Mesh Office Chair,Office & Furniture,FURN-EMC-003,313.72,170.0,327.38,OfficeDepot Hub,5,1,5,11,1,1,19,5662.65,2432.65,0.85
2025-11-30,prod-3,Ergonomic Mesh Office Chair,Office & Furniture,FURN-EMC-003,345.24,170.0,351.43,OfficeDepot Hub,0,0,6,11,1,1,18,6214.32,3154.32,0.85
2025-12-01,prod-3,Ergonomic Mesh Office Chair,Office & Furniture,FURN-EMC-003,333.4,170.0,351.24,OfficeDepot Hub,0,0,0,12,0,0,14,4667.6,2287.6,0.85
2025-12-02,prod-3,Ergonomic Mesh Office Chair,Office & Furniture,FURN-EMC-003,344.0,170.0,360.26,OfficeDepot Hub,0,0,1,12,0,0,13,4472.0,2262.0,0.85
2025-12-03,prod-3,Ergonomic Mesh Office Chair,Office & Furniture,FURN-EMC-003,328.53,170.0,350.38,OfficeDepot Hub,0,0,2,12,0,0,12,3942.36,1902.36,0.85
2025-12-04,prod-3,Ergonomic Mesh Office Chair,Office & Furniture,FURN-EMC-003,335.12,170.0,322.21,OfficeDepot Hub,0,0,3,12,0,0,13,4356.56,2146.56,0.85
2025-12-05,prod-3,Ergonomic Mesh Office Chair,Office & Furniture,FURN-EMC-003,338.62,170.0,354.49,OfficeDepot Hub,0,0,4,12,0,0,14,4740.68,2360.68,0.85
2025-12-06,prod-3,Ergonomic Mesh Office Chair,Office & Furniture,FURN-EMC-003,343.73,170.0,351.39,OfficeDepot Hub,0,0,5,12,1,0,15,5155.95,2605.95,0.85
2025-12-07,prod-3,Ergonomic Mesh Office Chair,Office & Furniture,FURN-EMC-003,326.35,170.0,341.75,OfficeDepot Hub,0,0,6,12,1,0,16,5221.6,2501.6,0.85
2025-12-08,prod-3,Ergonomic Mesh Office Chair,Office & Furniture,FURN-EMC-003,334.58,170.0,327.17,OfficeDepot Hub,0,0,0,12,0,0,14,4684.12,2304.12,0.85
2025-12-09,prod-3,Ergonomic Mesh Office Chair,Office & Furniture,FURN-EMC-003,333.46,170.0,320.59,OfficeDepot Hub,0,0,1,12,0,0,13,4334.98,2124.98,0.85
2025-12-10,prod-3,Ergonomic Mesh Office Chair,Office & Furniture,FURN-EMC-003,327.79,170.0,334.18,OfficeDepot Hub,0,0,2,12,0,0,14,4589.06,2209.06,0.85
2025-12-11,prod-3,Ergonomic Mesh Office Chair,Office & Furniture,FURN-EMC-003,321.92,170.0,321.83,OfficeDepot Hub,0,0,3,12,0,0,13,4184.96,1974.96,0.85
2025-12-12,prod-3,Ergonomic Mesh Office Chair,Office & Furniture,FURN-EMC-003,330.99,170.0,332.79,OfficeDepot Hub,0,0,4,12,0,0,12,3971.88,1931.88,0.85
2025-12-13,prod-3,Ergonomic Mesh Office Chair,Office & Furniture,FURN-EMC-003,326.8,170.0,336.2,OfficeDepot Hub,15,1,5,12,1,0,17,4722.26,1832.26,0.85
2025-12-14,prod-3,Ergonomic Mesh Office Chair,Office & Furniture,FURN-EMC-003,313.95,170.0,320.13,OfficeDepot Hub,0,0,6,12,1,0,14,4395.3,2015.3,0.85
2025-12-15,prod-3,Ergonomic Mesh Office Chair,Office & Furniture,FURN-EMC-003,325.54,170.0,334.28,OfficeDepot Hub,0,1,0,12,0,1,19,6185.26,2955.26,0.85
2025-12-16,prod-3,Ergonomic Mesh Office Chair,Office & Furniture,FURN-EMC-003,347.29,170.0,359.97,OfficeDepot Hub,0,0,1,12,0,1,17,5903.93,3013.93,0.85
2025-12-17,prod-3,Ergonomic Mesh Office Chair,Office & Furniture,FURN-EMC-003,335.1,170.0,340.04,OfficeDepot Hub,0,0,2,12,0,1,18,6031.8,2971.8,0.85
2025-12-18,prod-3,Ergonomic Mesh Office Chair,Office & Furniture,FURN-EMC-003,341.5,170.0,362.44,OfficeDepot Hub,0,0,3,12,0,1,18,6147.0,3087.0,0.85
2025-12-19,prod-3,Ergonomic Mesh Office Chair,Office & Furniture,FURN-EMC-003,332.95,170.0,348.27,OfficeDepot Hub,0,0,4,12,0,1,17,5660.15,2770.15,0.85
2025-12-20,prod-3,Ergonomic Mesh Office Chair,Office & Furniture,FURN-EMC-003,313.11,170.0,325.34,OfficeDepot Hub,10,1,5,12,1,1,23,6481.38,2571.38,0.85
2025-12-21,prod-3,Ergonomic Mesh Office Chair,Office & Furniture,FURN-EMC-003,347.34,170.0,345.62,OfficeDepot Hub,0,0,6,12,1,1,19,6599.46,3369.46,0.85
2025-12-22,prod-3,Ergonomic Mesh Office Chair,Office & Furniture,FURN-EMC-003,311.07,170.0,304.75,OfficeDepot Hub,0,0,0,12,0,1,19,5910.33,2680.33,0.85
2025-12-23,prod-3,Ergonomic Mesh Office Chair,Office & Furniture,FURN-EMC-003,337.75,170.0,328.58,OfficeDepot Hub,0,0,1,12,0,1,16,5404.0,2684.0,0.85
2025-12-24,prod-3,Ergonomic Mesh Office Chair,Office & Furniture,FURN-EMC-003,345.98,170.0,348.45,OfficeDepot Hub,0,0,2,12,0,1,18,6227.64,3167.64,0.85
2025-12-25,prod-3,Ergonomic Mesh Office Chair,Office & Furniture,FURN-EMC-003,337.56,170.0,328.42,OfficeDepot Hub,0,0,3,12,0,1,19,6413.64,3183.64,0.85
2025-12-26,prod-3,Ergonomic Mesh Office Chair,Office & Furniture,FURN-EMC-003,342.32,170.0,352.81,OfficeDepot Hub,0,0,4,12,0,1,16,5477.12,2757.12,0.85
2025-12-27,prod-3,Ergonomic Mesh Office Chair,Office & Furniture,FURN-EMC-003,335.26,170.0,360.32,OfficeDepot Hub,0,0,5,12,1,1,19,6369.94,3139.94,0.85
2025-12-28,prod-3,Ergonomic Mesh Office Chair,Office & Furniture,FURN-EMC-003,330.2,170.0,318.92,OfficeDepot Hub,0,0,6,12,1,1,20,6604.0,3204.0,0.85
2025-12-29,prod-3,Ergonomic Mesh Office Chair,Office & Furniture,FURN-EMC-003,328.33,170.0,335.22,OfficeDepot Hub,0,0,0,12,0,1,16,5253.28,2533.28,0.85
2025-12-30,prod-3,Ergonomic Mesh Office Chair,Office & Furniture,FURN-EMC-003,332.1,170.0,347.93,OfficeDepot Hub,0,0,1,12,0,1,17,5645.7,2755.7,0.85
2025-12-31,prod-3,Ergonomic Mesh Office Chair,Office & Furniture,FURN-EMC-003,332.97,170.0,354.92,OfficeDepot Hub,0,0,2,12,0,1,17,5660.49,2770.49,0.85
2026-01-01,prod-3,Ergonomic Mesh Office Chair,Office & Furniture,FURN-EMC-003,347.93,170.0,372.25,OfficeDepot Hub,0,0,3,1,0,1,16,5566.88,2846.88,0.85
2026-01-02,prod-3,Ergonomic Mesh Office Chair,Office & Furniture,FURN-EMC-003,347.3,170.0,373.85,OfficeDepot Hub,0,0,4,1,0,1,15,5209.5,2659.5,0.85
2026-01-03,prod-3,Ergonomic Mesh Office Chair,Office & Furniture,FURN-EMC-003,325.56,170.0,339.89,OfficeDepot Hub,0,0,5,1,1,1,18,5860.08,2800.08,0.85
2026-01-04,prod-3,Ergonomic Mesh Office Chair,Office & Furniture,FURN-EMC-003,336.95,170.0,358.27,OfficeDepot Hub,0,0,6,1,1,1,21,7075.95,3505.95,0.85
2026-01-05,prod-3,Ergonomic Mesh Office Chair,Office & Furniture,FURN-EMC-003,334.23,170.0,328.92,OfficeDepot Hub,0,0,0,1,0,1,16,5347.68,2627.68,0.85
2026-01-06,prod-3,Ergonomic Mesh Office Chair,Office & Furniture,FURN-EMC-003,322.89,170.0,336.03,OfficeDepot Hub,0,0,1,1,0,0,14,4520.46,2140.46,0.85
2026-01-07,prod-3,Ergonomic Mesh Office Chair,Office & Furniture,FURN-EMC-003,347.09,170.0,354.19,OfficeDepot Hub,0,0,2,1,0,0,12,4165.08,2125.08,0.85
2026-01-08,prod-3,Ergonomic Mesh Office Chair,Office & Furniture,FURN-EMC-003,313.82,170.0,314.53,OfficeDepot Hub,0,0,3,1,0,0,14,4393.48,2013.48,0.85
2026-01-09,prod-3,Ergonomic Mesh Office Chair,Office & Furniture,FURN-EMC-003,335.6,170.0,338.99,OfficeDepot Hub,0,0,4,1,0,0,14,4698.4,2318.4,0.85
2026-01-10,prod-3,Ergonomic Mesh Office Chair,Office & Furniture,FURN-EMC-003,320.55,170.0,340.32,OfficeDepot Hub,0,0,5,1,1,0,15,4808.25,2258.25,0.85
2026-01-11,prod-3,Ergonomic Mesh Office Chair,Office & Furniture,FURN-EMC-003,310.26,170.0,303.26,OfficeDepot Hub,0,0,6,1,1,0,14,4343.64,1963.64,0.85
2026-01-12,prod-3,Ergonomic Mesh Office Chair,Office & Furniture,FURN-EMC-003,338.88,170.0,331.87,OfficeDepot Hub,0,0,0,1,0,0,12,4066.56,2026.56,0.85
2026-01-13,prod-3,Ergonomic Mesh Office Chair,Office & Furniture,FURN-EMC-003,342.4,170.0,357.08,OfficeDepot Hub,0,0,1,1,0,0,14,4793.6,2413.6,0.85
2026-01-14,prod-3,Ergonomic Mesh Office Chair,Office & Furniture,FURN-EMC-003,310.54,170.0,328.45,OfficeDepot Hub,5,1,2,1,0,0,15,4425.19,1875.2,0.85
2026-01-15,prod-3,Ergonomic Mesh Office Chair,Office & Furniture,FURN-EMC-003,331.42,170.0,327.61,OfficeDepot Hub,0,0,3,1,0,0,14,4639.88,2259.88,0.85
2026-01-16,prod-3,Ergonomic Mesh Office Chair,Office & Furniture,FURN-EMC-003,320.62,170.0,333.36,OfficeDepot Hub,0,0,4,1,0,0,13,4168.06,1958.06,0.85
2026-01-17,prod-3,Ergonomic Mesh Office Chair,Office & Furniture,FURN-EMC-003,347.03,170.0,373.79,OfficeDepot Hub,0,0,5,1,1,0,14,4858.42,2478.42,0.85
2026-01-18,prod-3,Ergonomic Mesh Office Chair,Office & Furniture,FURN-EMC-003,309.77,170.0,306.72,OfficeDepot Hub,0,0,6,1,1,0,17,5266.09,2376.09,0.85
2026-01-19,prod-3,Ergonomic Mesh Office Chair,Office & Furniture,FURN-EMC-003,343.61,170.0,364.09,OfficeDepot Hub,0,0,0,1,0,0,13,4466.93,2256.93,0.85
2026-01-20,prod-3,Ergonomic Mesh Office Chair,Office & Furniture,FURN-EMC-003,334.83,170.0,351.78,OfficeDepot Hub,0,0,1,1,0,0,13,4352.79,2142.79,0.85
2026-01-21,prod-3,Ergonomic Mesh Office Chair,Office & Furniture,FURN-EMC-003,339.9,170.0,365.64,OfficeDepot Hub,0,0,2,1,0,0,12,4078.8,2038.8,0.85
2026-01-22,prod-3,Ergonomic Mesh Office Chair,Office & Furniture,FURN-EMC-003,336.21,170.0,330.31,OfficeDepot Hub,0,0,3,1,0,0,13,4370.73,2160.73,0.85
2026-01-23,prod-3,Ergonomic Mesh Office Chair,Office & Furniture,FURN-EMC-003,324.15,170.0,327.85,OfficeDepot Hub,0,0,4,1,0,0,12,3889.8,1849.8,0.85
2026-01-24,prod-3,Ergonomic Mesh Office Chair,Office & Furniture,FURN-EMC-003,332.32,170.0,329.2,OfficeDepot Hub,0,0,5,1,1,0,15,4984.8,2434.8,0.85
2026-01-25,prod-3,Ergonomic Mesh Office Chair,Office & Furniture,FURN-EMC-003,315.37,170.0,308.57,OfficeDepot Hub,0,0,6,1,1,0,14,4415.18,2035.18,0.85
2026-01-26,prod-3,Ergonomic Mesh Office Chair,Office & Furniture,FURN-EMC-003,346.07,170.0,357.79,OfficeDepot Hub,0,0,0,1,0,0,13,4498.91,2288.91,0.85
2026-01-27,prod-3,Ergonomic Mesh Office Chair,Office & Furniture,FURN-EMC-003,331.87,170.0,332.86,OfficeDepot Hub,0,0,1,1,0,0,12,3982.44,1942.44,0.85
2026-01-28,prod-3,Ergonomic Mesh Office Chair,Office & Furniture,FURN-EMC-003,317.94,170.0,312.24,OfficeDepot Hub,5,1,2,1,0,0,14,4228.6,1848.6,0.85
2026-01-29,prod-3,Ergonomic Mesh Office Chair,Office & Furniture,FURN-EMC-003,330.46,170.0,320.89,OfficeDepot Hub,0,0,3,1,0,0,12,3965.52,1925.52,0.85
2026-01-30,prod-3,Ergonomic Mesh Office Chair,Office & Furniture,FURN-EMC-003,322.36,170.0,323.42,OfficeDepot Hub,0,0,4,1,0,0,14,4513.04,2133.04,0.85
2026-01-31,prod-3,Ergonomic Mesh Office Chair,Office & Furniture,FURN-EMC-003,330.2,170.0,356.48,OfficeDepot Hub,0,0,5,1,1,0,17,5613.4,2723.4,0.85
2026-02-01,prod-3,Ergonomic Mesh Office Chair,Office & Furniture,FURN-EMC-003,309.61,170.0,322.08,OfficeDepot Hub,0,0,6,2,1,0,17,5263.37,2373.37,0.85
2026-02-02,prod-3,Ergonomic Mesh Office Chair,Office & Furniture,FURN-EMC-003,333.49,170.0,345.01,OfficeDepot Hub,0,0,0,2,0,0,14,4668.86,2288.86,0.85
2026-02-03,prod-3,Ergonomic Mesh Office Chair,Office & Furniture,FURN-EMC-003,321.93,170.0,344.44,OfficeDepot Hub,0,0,1,2,0,0,13,4185.09,1975.09,0.85
2026-02-04,prod-3,Ergonomic Mesh Office Chair,Office & Furniture,FURN-EMC-003,330.59,170.0,328.59,OfficeDepot Hub,0,0,2,2,0,0,14,4628.26,2248.26,0.85
2026-02-05,prod-3,Ergonomic Mesh Office Chair,Office & Furniture,FURN-EMC-003,324.06,170.0,342.32,OfficeDepot Hub,0,0,3,2,0,0,12,3888.72,1848.72,0.85
2026-02-06,prod-3,Ergonomic Mesh Office Chair,Office & Furniture,FURN-EMC-003,344.72,170.0,338.89,OfficeDepot Hub,0,0,4,2,0,0,14,4826.08,2446.08,0.85
2026-02-07,prod-3,Ergonomic Mesh Office Chair,Office & Furniture,FURN-EMC-003,315.87,170.0,339.48,OfficeDepot Hub,0,0,5,2,1,0,13,4106.31,1896.31,0.85
2026-02-08,prod-3,Ergonomic Mesh Office Chair,Office & Furniture,FURN-EMC-003,311.84,170.0,324.45,OfficeDepot Hub,0,0,6,2,1,0,17,5301.28,2411.28,0.85
2026-02-09,prod-3,Ergonomic Mesh Office Chair,Office & Furniture,FURN-EMC-003,326.01,170.0,317.04,OfficeDepot Hub,0,0,0,2,0,0,14,4564.14,2184.14,0.85
2026-02-10,prod-3,Ergonomic Mesh Office Chair,Office & Furniture,FURN-EMC-003,347.8,170.0,366.24,OfficeDepot Hub,0,0,1,2,0,0,14,4869.2,2489.2,0.85
2026-02-11,prod-3,Ergonomic Mesh Office Chair,Office & Furniture,FURN-EMC-003,338.75,170.0,331.45,OfficeDepot Hub,0,0,2,2,0,0,12,4065.0,2025.0,0.85
2026-02-12,prod-3,Ergonomic Mesh Office Chair,Office & Furniture,FURN-EMC-003,312.72,170.0,302.25,OfficeDepot Hub,0,0,3,2,0,0,14,4378.08,1998.08,0.85
2026-02-13,prod-3,Ergonomic Mesh Office Chair,Office & Furniture,FURN-EMC-003,331.96,170.0,327.75,OfficeDepot Hub,0,0,4,2,0,0,13,4315.48,2105.48,0.85
2026-02-14,prod-3,Ergonomic Mesh Office Chair,Office & Furniture,FURN-EMC-003,334.14,170.0,338.14,OfficeDepot Hub,0,1,5,2,1,0,15,5012.1,2462.1,0.85
2026-02-15,prod-3,Ergonomic Mesh Office Chair,Office & Furniture,FURN-EMC-003,334.58,170.0,346.02,OfficeDepot Hub,0,0,6,2,1,0,15,5018.7,2468.7,0.85
2026-02-16,prod-3,Ergonomic Mesh Office Chair,Office & Furniture,FURN-EMC-003,336.93,170.0,326.39,OfficeDepot Hub,0,0,0,2,0,0,12,4043.16,2003.16,0.85
2026-02-17,prod-3,Ergonomic Mesh Office Chair,Office & Furniture,FURN-EMC-003,340.33,170.0,339.02,OfficeDepot Hub,15,1,1,2,0,0,14,4049.93,1669.93,0.85
2026-02-18,prod-3,Ergonomic Mesh Office Chair,Office & Furniture,FURN-EMC-003,341.72,170.0,329.31,OfficeDepot Hub,0,0,2,2,0,0,12,4100.64,2060.64,0.85
2026-02-19,prod-3,Ergonomic Mesh Office Chair,Office & Furniture,FURN-EMC-003,338.74,170.0,357.58,OfficeDepot Hub,0,0,3,2,0,0,12,4064.88,2024.88,0.85
2026-02-20,prod-3,Ergonomic Mesh Office Chair,Office & Furniture,FURN-EMC-003,334.29,170.0,332.87,OfficeDepot Hub,0,0,4,2,0,0,14,4680.06,2300.06,0.85
2026-02-21,prod-3,Ergonomic Mesh Office Chair,Office & Furniture,FURN-EMC-003,343.49,170.0,356.46,OfficeDepot Hub,0,0,5,2,1,0,13,4465.37,2255.37,0.85
2026-02-22,prod-3,Ergonomic Mesh Office Chair,Office & Furniture,FURN-EMC-003,343.8,170.0,335.88,OfficeDepot Hub,15,1,6,2,1,0,17,4967.91,2077.91,0.85
2026-02-23,prod-3,Ergonomic Mesh Office Chair,Office & Furniture,FURN-EMC-003,346.65,170.0,345.46,OfficeDepot Hub,0,0,0,2,0,0,14,4853.1,2473.1,0.85
2026-02-24,prod-3,Ergonomic Mesh Office Chair,Office & Furniture,FURN-EMC-003,322.84,170.0,325.91,OfficeDepot Hub,0,0,1,2,0,0,13,4196.92,1986.92,0.85
2026-02-25,prod-3,Ergonomic Mesh Office Chair,Office & Furniture,FURN-EMC-003,315.61,170.0,311.35,OfficeDepot Hub,0,0,2,2,0,0,13,4102.93,1892.93,0.85
2026-02-26,prod-3,Ergonomic Mesh Office Chair,Office & Furniture,FURN-EMC-003,316.42,170.0,334.13,OfficeDepot Hub,0,0,3,2,0,0,15,4746.3,2196.3,0.85
2026-02-27,prod-3,Ergonomic Mesh Office Chair,Office & Furniture,FURN-EMC-003,346.07,170.0,373.52,OfficeDepot Hub,0,0,4,2,0,0,13,4498.91,2288.91,0.85
2026-02-28,prod-3,Ergonomic Mesh Office Chair,Office & Furniture,FURN-EMC-003,320.73,170.0,310.49,OfficeDepot Hub,15,1,5,2,1,0,19,5179.79,1949.79,0.85
2026-03-01,prod-3,Ergonomic Mesh Office Chair,Office & Furniture,FURN-EMC-003,323.36,170.0,336.47,OfficeDepot Hub,0,0,6,3,1,0,14,4527.04,2147.04,0.85
2026-03-02,prod-3,Ergonomic Mesh Office Chair,Office & Furniture,FURN-EMC-003,312.02,170.0,306.78,OfficeDepot Hub,0,0,0,3,0,0,13,4056.26,1846.26,0.85
2026-03-03,prod-3,Ergonomic Mesh Office Chair,Office & Furniture,FURN-EMC-003,335.29,170.0,349.78,OfficeDepot Hub,0,0,1,3,0,0,13,4358.77,2148.77,0.85
2026-03-04,prod-3,Ergonomic Mesh Office Chair,Office & Furniture,FURN-EMC-003,341.15,170.0,366.75,OfficeDepot Hub,0,0,2,3,0,0,12,4093.8,2053.8,0.85
2026-03-05,prod-3,Ergonomic Mesh Office Chair,Office & Furniture,FURN-EMC-003,340.28,170.0,355.75,OfficeDepot Hub,0,0,3,3,0,0,12,4083.36,2043.36,0.85
2026-03-06,prod-3,Ergonomic Mesh Office Chair,Office & Furniture,FURN-EMC-003,323.45,170.0,336.89,OfficeDepot Hub,0,0,4,3,0,0,13,4204.85,1994.85,0.85
2026-03-07,prod-3,Ergonomic Mesh Office Chair,Office & Furniture,FURN-EMC-003,326.84,170.0,344.15,OfficeDepot Hub,0,0,5,3,1,0,13,4248.92,2038.92,0.85
2026-03-08,prod-3,Ergonomic Mesh Office Chair,Office & Furniture,FURN-EMC-003,334.75,170.0,324.65,OfficeDepot Hub,0,0,6,3,1,0,16,5356.0,2636.0,0.85
2026-03-09,prod-3,Ergonomic Mesh Office Chair,Office & Furniture,FURN-EMC-003,344.45,170.0,338.79,OfficeDepot Hub,0,0,0,3,0,0,13,4477.85,2267.85,0.85
2026-03-10,prod-3,Ergonomic Mesh Office Chair,Office & Furniture,FURN-EMC-003,337.98,170.0,360.64,OfficeDepot Hub,0,0,1,3,0,0,13,4393.74,2183.74,0.85
2026-03-11,prod-3,Ergonomic Mesh Office Chair,Office & Furniture,FURN-EMC-003,341.34,170.0,351.4,OfficeDepot Hub,0,0,2,3,0,0,12,4096.08,2056.08,0.85
2026-03-12,prod-3,Ergonomic Mesh Office Chair,Office & Furniture,FURN-EMC-003,310.71,170.0,308.0,OfficeDepot Hub,0,0,3,3,0,0,14,4349.94,1969.94,0.85
2026-03-13,prod-3,Ergonomic Mesh Office Chair,Office & Furniture,FURN-EMC-003,335.08,170.0,327.65,OfficeDepot Hub,0,0,4,3,0,0,14,4691.12,2311.12,0.85
2026-03-14,prod-3,Ergonomic Mesh Office Chair,Office & Furniture,FURN-EMC-003,332.54,170.0,353.44,OfficeDepot Hub,0,0,5,3,1,0,15,4988.1,2438.1,0.85
2026-03-15,prod-3,Ergonomic Mesh Office Chair,Office & Furniture,FURN-EMC-003,312.84,170.0,313.99,OfficeDepot Hub,5,1,6,3,1,0,18,5349.56,2289.56,0.85
2026-03-16,prod-3,Ergonomic Mesh Office Chair,Office & Furniture,FURN-EMC-003,341.1,170.0,352.59,OfficeDepot Hub,0,0,0,3,0,0,13,4434.3,2224.3,0.85
2026-03-17,prod-3,Ergonomic Mesh Office Chair,Office & Furniture,FURN-EMC-003,326.88,170.0,320.83,OfficeDepot Hub,0,0,1,3,0,0,14,4576.32,2196.32,0.85
2026-03-18,prod-3,Ergonomic Mesh Office Chair,Office & Furniture,FURN-EMC-003,347.47,170.0,364.26,OfficeDepot Hub,0,0,2,3,0,0,12,4169.64,2129.64,0.85
2026-03-19,prod-3,Ergonomic Mesh Office Chair,Office & Furniture,FURN-EMC-003,317.9,170.0,323.79,OfficeDepot Hub,10,1,3,3,0,0,14,4005.54,1625.54,0.85
2026-03-20,prod-3,Ergonomic Mesh Office Chair,Office & Furniture,FURN-EMC-003,335.66,170.0,343.09,OfficeDepot Hub,0,0,4,3,0,0,13,4363.58,2153.58,0.85
2026-03-21,prod-3,Ergonomic Mesh Office Chair,Office & Furniture,FURN-EMC-003,345.5,170.0,368.23,OfficeDepot Hub,10,1,5,3,1,0,14,4353.3,1973.3,0.85
2026-03-22,prod-3,Ergonomic Mesh Office Chair,Office & Furniture,FURN-EMC-003,347.49,170.0,360.01,OfficeDepot Hub,0,0,6,3,1,0,15,5212.35,2662.35,0.85
2026-03-23,prod-3,Ergonomic Mesh Office Chair,Office & Furniture,FURN-EMC-003,332.1,170.0,341.54,OfficeDepot Hub,0,0,0,3,0,0,13,4317.3,2107.3,0.85
2026-03-24,prod-3,Ergonomic Mesh Office Chair,Office & Furniture,FURN-EMC-003,332.46,170.0,355.0,OfficeDepot Hub,10,1,1,3,0,0,14,4189.0,1809.0,0.85
2026-03-25,prod-3,Ergonomic Mesh Office Chair,Office & Furniture,FURN-EMC-003,345.08,170.0,352.66,OfficeDepot Hub,0,0,2,3,0,0,14,4831.12,2451.12,0.85
2026-03-26,prod-3,Ergonomic Mesh Office Chair,Office & Furniture,FURN-EMC-003,328.48,170.0,334.34,OfficeDepot Hub,0,0,3,3,0,0,13,4270.24,2060.24,0.85
2026-03-27,prod-3,Ergonomic Mesh Office Chair,Office & Furniture,FURN-EMC-003,314.75,170.0,308.41,OfficeDepot Hub,10,1,4,3,0,0,14,3965.85,1585.85,0.85
2026-03-28,prod-3,Ergonomic Mesh Office Chair,Office & Furniture,FURN-EMC-003,316.64,170.0,317.74,OfficeDepot Hub,0,0,5,3,1,0,14,4432.96,2052.96,0.85
2026-03-29,prod-3,Ergonomic Mesh Office Chair,Office & Furniture,FURN-EMC-003,318.35,170.0,336.6,OfficeDepot Hub,0,0,6,3,1,0,15,4775.25,2225.25,0.85
2026-03-30,prod-3,Ergonomic Mesh Office Chair,Office & Furniture,FURN-EMC-003,328.16,170.0,323.33,OfficeDepot Hub,0,0,0,3,0,0,14,4594.24,2214.24,0.85
2026-03-31,prod-3,Ergonomic Mesh Office Chair,Office & Furniture,FURN-EMC-003,310.15,170.0,299.35,OfficeDepot Hub,0,0,1,3,0,0,13,4031.95,1821.95,0.85
2026-04-01,prod-3,Ergonomic Mesh Office Chair,Office & Furniture,FURN-EMC-003,334.11,170.0,322.32,OfficeDepot Hub,0,0,2,4,0,0,12,4009.32,1969.32,0.85
2026-04-02,prod-3,Ergonomic Mesh Office Chair,Office & Furniture,FURN-EMC-003,319.46,170.0,313.58,OfficeDepot Hub,0,0,3,4,0,0,14,4472.44,2092.44,0.85
2026-04-03,prod-3,Ergonomic Mesh Office Chair,Office & Furniture,FURN-EMC-003,331.51,170.0,318.99,OfficeDepot Hub,0,0,4,4,0,0,14,4641.14,2261.14,0.85
2026-04-04,prod-3,Ergonomic Mesh Office Chair,Office & Furniture,FURN-EMC-003,320.45,170.0,310.93,OfficeDepot Hub,0,0,5,4,1,0,17,5447.65,2557.65,0.85
2026-04-05,prod-3,Ergonomic Mesh Office Chair,Office & Furniture,FURN-EMC-003,343.5,170.0,336.79,OfficeDepot Hub,0,0,6,4,1,0,15,5152.5,2602.5,0.85
2026-04-06,prod-3,Ergonomic Mesh Office Chair,Office & Furniture,FURN-EMC-003,340.63,170.0,360.54,OfficeDepot Hub,0,0,0,4,0,0,13,4428.19,2218.19,0.85
2026-04-07,prod-3,Ergonomic Mesh Office Chair,Office & Furniture,FURN-EMC-003,319.7,170.0,334.69,OfficeDepot Hub,0,0,1,4,0,0,13,4156.1,1946.1,0.85
2026-04-08,prod-3,Ergonomic Mesh Office Chair,Office & Furniture,FURN-EMC-003,332.58,170.0,328.45,OfficeDepot Hub,0,0,2,4,0,0,12,3990.96,1950.96,0.85
2026-04-09,prod-3,Ergonomic Mesh Office Chair,Office & Furniture,FURN-EMC-003,317.25,170.0,337.28,OfficeDepot Hub,0,0,3,4,0,0,13,4124.25,1914.25,0.85
2026-04-10,prod-3,Ergonomic Mesh Office Chair,Office & Furniture,FURN-EMC-003,315.16,170.0,306.2,OfficeDepot Hub,0,0,4,4,0,0,14,4412.24,2032.24,0.85
2026-04-11,prod-3,Ergonomic Mesh Office Chair,Office & Furniture,FURN-EMC-003,310.8,170.0,327.6,OfficeDepot Hub,0,0,5,4,1,0,14,4351.2,1971.2,0.85
2026-04-12,prod-3,Ergonomic Mesh Office Chair,Office & Furniture,FURN-EMC-003,328.3,170.0,320.3,OfficeDepot Hub,0,0,6,4,1,0,16,5252.8,2532.8,0.85
2026-04-13,prod-3,Ergonomic Mesh Office Chair,Office & Furniture,FURN-EMC-003,344.67,170.0,362.93,OfficeDepot Hub,0,0,0,4,0,0,13,4480.71,2270.71,0.85
2026-04-14,prod-3,Ergonomic Mesh Office Chair,Office & Furniture,FURN-EMC-003,323.88,170.0,312.61,OfficeDepot Hub,0,0,1,4,0,0,12,3886.56,1846.56,0.85
2026-04-15,prod-3,Ergonomic Mesh Office Chair,Office & Furniture,FURN-EMC-003,340.93,170.0,359.59,OfficeDepot Hub,0,0,2,4,0,0,13,4432.09,2222.09,0.85
2026-04-16,prod-3,Ergonomic Mesh Office Chair,Office & Furniture,FURN-EMC-003,338.53,170.0,355.93,OfficeDepot Hub,0,0,3,4,0,0,12,4062.36,2022.36,0.85
2026-04-17,prod-3,Ergonomic Mesh Office Chair,Office & Furniture,FURN-EMC-003,314.55,170.0,319.98,OfficeDepot Hub,0,0,4,4,0,0,15,4718.25,2168.25,0.85
2026-04-18,prod-3,Ergonomic Mesh Office Chair,Office & Furniture,FURN-EMC-003,320.44,170.0,341.34,OfficeDepot Hub,0,0,5,4,1,0,14,4486.16,2106.16,0.85
2026-04-19,prod-3,Ergonomic Mesh Office Chair,Office & Furniture,FURN-EMC-003,337.26,170.0,355.72,OfficeDepot Hub,0,0,6,4,1,0,13,4384.38,2174.38,0.85
2026-04-20,prod-3,Ergonomic Mesh Office Chair,Office & Furniture,FURN-EMC-003,309.54,170.0,321.47,OfficeDepot Hub,0,0,0,4,0,0,13,4024.02,1814.02,0.85
2026-04-21,prod-3,Ergonomic Mesh Office Chair,Office & Furniture,FURN-EMC-003,323.56,170.0,316.63,OfficeDepot Hub,0,0,1,4,0,0,13,4206.28,1996.28,0.85
2026-04-22,prod-3,Ergonomic Mesh Office Chair,Office & Furniture,FURN-EMC-003,343.01,170.0,346.72,OfficeDepot Hub,0,0,2,4,0,0,12,4116.12,2076.12,0.85
2026-04-23,prod-3,Ergonomic Mesh Office Chair,Office & Furniture,FURN-EMC-003,336.13,170.0,353.14,OfficeDepot Hub,0,0,3,4,0,0,14,4705.82,2325.82,0.85
2026-04-24,prod-3,Ergonomic Mesh Office Chair,Office & Furniture,FURN-EMC-003,328.31,170.0,329.76,OfficeDepot Hub,0,0,4,4,0,0,12,3939.72,1899.72,0.85
2026-04-25,prod-3,Ergonomic Mesh Office Chair,Office & Furniture,FURN-EMC-003,321.37,170.0,321.8,OfficeDepot Hub,0,0,5,4,1,0,16,5141.92,2421.92,0.85
2026-04-26,prod-3,Ergonomic Mesh Office Chair,Office & Furniture,FURN-EMC-003,343.02,170.0,356.44,OfficeDepot Hub,0,0,6,4,1,0,14,4802.28,2422.28,0.85
2026-04-27,prod-3,Ergonomic Mesh Office Chair,Office & Furniture,FURN-EMC-003,336.87,170.0,329.94,OfficeDepot Hub,0,0,0,4,0,0,13,4379.31,2169.31,0.85
2026-04-28,prod-3,Ergonomic Mesh Office Chair,Office & Furniture,FURN-EMC-003,322.62,170.0,331.03,OfficeDepot Hub,0,0,1,4,0,0,14,4516.68,2136.68,0.85
2026-04-29,prod-3,Ergonomic Mesh Office Chair,Office & Furniture,FURN-EMC-003,315.61,170.0,339.52,OfficeDepot Hub,0,1,2,4,0,0,15,4734.15,2184.15,0.85
2026-04-30,prod-3,Ergonomic Mesh Office Chair,Office & Furniture,FURN-EMC-003,327.88,170.0,338.38,OfficeDepot Hub,10,1,3,4,0,0,13,3836.2,1626.2,0.85
2026-05-01,prod-3,Ergonomic Mesh Office Chair,Office & Furniture,FURN-EMC-003,312.42,170.0,301.34,OfficeDepot Hub,0,0,4,5,0,0,15,4686.3,2136.3,0.85
2026-05-02,prod-3,Ergonomic Mesh Office Chair,Office & Furniture,FURN-EMC-003,333.5,170.0,341.01,OfficeDepot Hub,0,0,5,5,1,0,15,5002.5,2452.5,0.85
2026-05-03,prod-3,Ergonomic Mesh Office Chair,Office & Furniture,FURN-EMC-003,346.6,170.0,366.85,OfficeDepot Hub,0,0,6,5,1,0,14,4852.4,2472.4,0.85
2026-05-04,prod-3,Ergonomic Mesh Office Chair,Office & Furniture,FURN-EMC-003,317.22,170.0,329.54,OfficeDepot Hub,0,0,0,5,0,0,13,4123.86,1913.86,0.85
2026-05-05,prod-3,Ergonomic Mesh Office Chair,Office & Furniture,FURN-EMC-003,310.59,170.0,320.51,OfficeDepot Hub,0,0,1,5,0,0,13,4037.67,1827.67,0.85
2026-05-06,prod-3,Ergonomic Mesh Office Chair,Office & Furniture,FURN-EMC-003,315.95,170.0,304.68,OfficeDepot Hub,0,0,2,5,0,0,12,3791.4,1751.4,0.85
2026-05-07,prod-3,Ergonomic Mesh Office Chair,Office & Furniture,FURN-EMC-003,315.48,170.0,340.6,OfficeDepot Hub,0,0,3,5,0,0,13,4101.24,1891.24,0.85
2026-05-08,prod-3,Ergonomic Mesh Office Chair,Office & Furniture,FURN-EMC-003,324.86,170.0,334.71,OfficeDepot Hub,0,0,4,5,0,0,14,4548.04,2168.04,0.85
2026-05-09,prod-3,Ergonomic Mesh Office Chair,Office & Furniture,FURN-EMC-003,311.97,170.0,302.87,OfficeDepot Hub,0,0,5,5,1,0,17,5303.49,2413.49,0.85
2026-05-10,prod-3,Ergonomic Mesh Office Chair,Office & Furniture,FURN-EMC-003,345.38,170.0,345.99,OfficeDepot Hub,0,0,6,5,1,0,13,4489.94,2279.94,0.85
2026-05-11,prod-3,Ergonomic Mesh Office Chair,Office & Furniture,FURN-EMC-003,333.2,170.0,327.65,OfficeDepot Hub,0,0,0,5,0,0,13,4331.6,2121.6,0.85
2026-05-12,prod-3,Ergonomic Mesh Office Chair,Office & Furniture,FURN-EMC-003,319.57,170.0,322.4,OfficeDepot Hub,0,1,1,5,0,0,14,4473.98,2093.98,0.85
2026-05-13,prod-3,Ergonomic Mesh Office Chair,Office & Furniture,FURN-EMC-003,322.68,170.0,314.3,OfficeDepot Hub,0,0,2,5,0,0,13,4194.84,1984.84,0.85
2026-05-14,prod-3,Ergonomic Mesh Office Chair,Office & Furniture,FURN-EMC-003,330.5,170.0,348.75,OfficeDepot Hub,0,0,3,5,0,0,13,4296.5,2086.5,0.85
2026-05-15,prod-3,Ergonomic Mesh Office Chair,Office & Furniture,FURN-EMC-003,324.15,170.0,330.0,OfficeDepot Hub,0,0,4,5,0,0,13,4213.95,2003.95,0.85
2026-05-16,prod-3,Ergonomic Mesh Office Chair,Office & Furniture,FURN-EMC-003,339.88,170.0,354.08,OfficeDepot Hub,0,0,5,5,1,0,16,5438.08,2718.08,0.85
2026-05-17,prod-3,Ergonomic Mesh Office Chair,Office & Furniture,FURN-EMC-003,328.29,170.0,325.32,OfficeDepot Hub,0,0,6,5,1,0,16,5252.64,2532.64,0.85
2026-05-18,prod-3,Ergonomic Mesh Office Chair,Office & Furniture,FURN-EMC-003,317.96,170.0,332.0,OfficeDepot Hub,0,0,0,5,0,0,13,4133.48,1923.48,0.85
2026-05-19,prod-3,Ergonomic Mesh Office Chair,Office & Furniture,FURN-EMC-003,323.2,170.0,331.05,OfficeDepot Hub,0,0,1,5,0,0,13,4201.6,1991.6,0.85
2026-05-20,prod-3,Ergonomic Mesh Office Chair,Office & Furniture,FURN-EMC-003,320.6,170.0,323.12,OfficeDepot Hub,0,0,2,5,0,0,13,4167.8,1957.8,0.85
2026-05-21,prod-3,Ergonomic Mesh Office Chair,Office & Furniture,FURN-EMC-003,331.15,170.0,325.0,OfficeDepot Hub,0,0,3,5,0,0,12,3973.8,1933.8,0.85
2026-05-22,prod-3,Ergonomic Mesh Office Chair,Office & Furniture,FURN-EMC-003,331.91,170.0,325.91,OfficeDepot Hub,0,0,4,5,0,0,14,4646.74,2266.74,0.85
2026-05-23,prod-3,Ergonomic Mesh Office Chair,Office & Furniture,FURN-EMC-003,316.77,170.0,332.12,OfficeDepot Hub,0,0,5,5,1,0,14,4434.78,2054.78,0.85
2026-05-24,prod-3,Ergonomic Mesh Office Chair,Office & Furniture,FURN-EMC-003,319.74,170.0,315.74,OfficeDepot Hub,0,0,6,5,1,0,16,5115.84,2395.84,0.85
2026-05-25,prod-3,Ergonomic Mesh Office Chair,Office & Furniture,FURN-EMC-003,323.32,170.0,340.61,OfficeDepot Hub,0,1,0,5,0,0,14,4526.48,2146.48,0.85
2026-05-26,prod-3,Ergonomic Mesh Office Chair,Office & Furniture,FURN-EMC-003,335.45,170.0,346.74,OfficeDepot Hub,0,0,1,5,0,0,13,4360.85,2150.85,0.85
2026-05-27,prod-3,Ergonomic Mesh Office Chair,Office & Furniture,FURN-EMC-003,310.93,170.0,316.49,OfficeDepot Hub,0,0,2,5,0,0,14,4353.02,1973.02,0.85
2026-05-28,prod-3,Ergonomic Mesh Office Chair,Office & Furniture,FURN-EMC-003,348.16,170.0,371.71,OfficeDepot Hub,0,0,3,5,0,0,12,4177.92,2137.92,0.85
2026-05-29,prod-3,Ergonomic Mesh Office Chair,Office & Furniture,FURN-EMC-003,348.12,170.0,372.46,OfficeDepot Hub,0,0,4,5,0,0,12,4177.44,2137.44,0.85
2026-05-30,prod-3,Ergonomic Mesh Office Chair,Office & Furniture,FURN-EMC-003,332.03,170.0,320.91,OfficeDepot Hub,0,0,5,5,1,0,15,4980.45,2430.45,0.85
2026-05-31,prod-3,Ergonomic Mesh Office Chair,Office & Furniture,FURN-EMC-003,330.61,170.0,337.32,OfficeDepot Hub,0,0,6,5,1,0,15,4959.15,2409.15,0.85
2026-06-01,prod-3,Ergonomic Mesh Office Chair,Office & Furniture,FURN-EMC-003,316.16,170.0,340.56,OfficeDepot Hub,0,0,0,6,0,0,14,4426.24,2046.24,0.85
2026-06-02,prod-3,Ergonomic Mesh Office Chair,Office & Furniture,FURN-EMC-003,336.47,170.0,323.49,OfficeDepot Hub,0,0,1,6,0,0,13,4374.11,2164.11,0.85
2026-06-03,prod-3,Ergonomic Mesh Office Chair,Office & Furniture,FURN-EMC-003,322.11,170.0,332.91,OfficeDepot Hub,0,0,2,6,0,0,14,4509.54,2129.54,0.85
2026-06-04,prod-3,Ergonomic Mesh Office Chair,Office & Furniture,FURN-EMC-003,318.62,170.0,323.9,OfficeDepot Hub,0,0,3,6,0,0,13,4142.06,1932.06,0.85
2026-06-05,prod-3,Ergonomic Mesh Office Chair,Office & Furniture,FURN-EMC-003,328.95,170.0,324.1,OfficeDepot Hub,0,0,4,6,0,0,13,4276.35,2066.35,0.85
2026-06-06,prod-3,Ergonomic Mesh Office Chair,Office & Furniture,FURN-EMC-003,342.99,170.0,340.78,OfficeDepot Hub,0,0,5,6,1,0,13,4458.87,2248.87,0.85
2026-06-07,prod-3,Ergonomic Mesh Office Chair,Office & Furniture,FURN-EMC-003,332.0,170.0,327.83,OfficeDepot Hub,10,1,6,6,1,0,17,5079.6,2189.6,0.85
2026-06-08,prod-3,Ergonomic Mesh Office Chair,Office & Furniture,FURN-EMC-003,331.18,170.0,351.96,OfficeDepot Hub,0,0,0,6,0,0,14,4636.52,2256.52,0.85
2026-06-09,prod-3,Ergonomic Mesh Office Chair,Office & Furniture,FURN-EMC-003,338.42,170.0,344.09,OfficeDepot Hub,15,1,1,6,0,0,15,4314.86,1764.85,0.85
2026-06-10,prod-3,Ergonomic Mesh Office Chair,Office & Furniture,FURN-EMC-003,348.56,170.0,370.15,OfficeDepot Hub,0,0,2,6,0,0,13,4531.28,2321.28,0.85
2026-06-11,prod-3,Ergonomic Mesh Office Chair,Office & Furniture,FURN-EMC-003,340.26,170.0,338.9,OfficeDepot Hub,0,0,3,6,0,0,13,4423.38,2213.38,0.85
2026-06-12,prod-3,Ergonomic Mesh Office Chair,Office & Furniture,FURN-EMC-003,324.99,170.0,338.92,OfficeDepot Hub,10,1,4,6,0,0,15,4387.37,1837.37,0.85
2026-06-13,prod-3,Ergonomic Mesh Office Chair,Office & Furniture,FURN-EMC-003,334.13,170.0,338.8,OfficeDepot Hub,0,0,5,6,1,0,14,4677.82,2297.82,0.85
2026-06-14,prod-3,Ergonomic Mesh Office Chair,Office & Furniture,FURN-EMC-003,331.38,170.0,355.18,OfficeDepot Hub,0,0,6,6,1,0,13,4307.94,2097.94,0.85
2026-06-15,prod-3,Ergonomic Mesh Office Chair,Office & Furniture,FURN-EMC-003,314.05,170.0,334.18,OfficeDepot Hub,0,0,0,6,0,0,13,4082.65,1872.65,0.85
2026-06-16,prod-3,Ergonomic Mesh Office Chair,Office & Furniture,FURN-EMC-003,332.0,170.0,344.58,OfficeDepot Hub,0,0,1,6,0,0,14,4648.0,2268.0,0.85
2026-06-17,prod-3,Ergonomic Mesh Office Chair,Office & Furniture,FURN-EMC-003,323.28,170.0,336.46,OfficeDepot Hub,0,0,2,6,0,0,14,4525.92,2145.92,0.85
2026-06-18,prod-3,Ergonomic Mesh Office Chair,Office & Furniture,FURN-EMC-003,344.38,170.0,346.35,OfficeDepot Hub,0,0,3,6,0,0,13,4476.94,2266.94,0.85
2026-06-19,prod-3,Ergonomic Mesh Office Chair,Office & Furniture,FURN-EMC-003,314.98,170.0,308.71,OfficeDepot Hub,0,0,4,6,0,0,13,4094.74,1884.74,0.85
2026-06-20,prod-3,Ergonomic Mesh Office Chair,Office & Furniture,FURN-EMC-003,334.18,170.0,343.74,OfficeDepot Hub,0,0,5,6,1,0,13,4344.34,2134.34,0.85
2026-06-21,prod-3,Ergonomic Mesh Office Chair,Office & Furniture,FURN-EMC-003,315.66,170.0,311.68,OfficeDepot Hub,0,0,6,6,1,0,15,4734.9,2184.9,0.85
2026-06-22,prod-3,Ergonomic Mesh Office Chair,Office & Furniture,FURN-EMC-003,319.82,170.0,331.77,OfficeDepot Hub,0,0,0,6,0,0,13,4157.66,1947.66,0.85
2026-06-23,prod-3,Ergonomic Mesh Office Chair,Office & Furniture,FURN-EMC-003,343.32,170.0,344.55,OfficeDepot Hub,0,0,1,6,0,0,14,4806.48,2426.48,0.85
2026-06-24,prod-3,Ergonomic Mesh Office Chair,Office & Furniture,FURN-EMC-003,325.6,170.0,319.76,OfficeDepot Hub,5,1,2,6,0,0,14,4330.48,1950.48,0.85
2026-06-25,prod-3,Ergonomic Mesh Office Chair,Office & Furniture,FURN-EMC-003,346.39,170.0,361.66,OfficeDepot Hub,5,1,3,6,0,0,13,4277.92,2067.92,0.85
2026-06-26,prod-3,Ergonomic Mesh Office Chair,Office & Furniture,FURN-EMC-003,313.03,170.0,335.7,OfficeDepot Hub,0,0,4,6,0,0,12,3756.36,1716.36,0.85
2026-06-27,prod-3,Ergonomic Mesh Office Chair,Office & Furniture,FURN-EMC-003,339.7,170.0,347.47,OfficeDepot Hub,0,0,5,6,1,0,13,4416.1,2206.1,0.85
2026-06-28,prod-3,Ergonomic Mesh Office Chair,Office & Furniture,FURN-EMC-003,333.66,170.0,323.69,OfficeDepot Hub,0,0,6,6,1,0,14,4671.24,2291.24,0.85
2026-06-29,prod-3,Ergonomic Mesh Office Chair,Office & Furniture,FURN-EMC-003,318.31,170.0,333.75,OfficeDepot Hub,0,0,0,6,0,0,12,3819.72,1779.72,0.85
2026-06-30,prod-3,Ergonomic Mesh Office Chair,Office & Furniture,FURN-EMC-003,330.06,170.0,323.61,OfficeDepot Hub,10,1,1,6,0,0,16,4752.86,2032.86,0.85
2026-07-01,prod-3,Ergonomic Mesh Office Chair,Office & Furniture,FURN-EMC-003,322.1,170.0,327.62,OfficeDepot Hub,0,0,2,7,0,0,14,4509.4,2129.4,0.85
2026-07-02,prod-3,Ergonomic Mesh Office Chair,Office & Furniture,FURN-EMC-003,320.01,170.0,324.29,OfficeDepot Hub,0,0,3,7,0,0,14,4480.14,2100.14,0.85
2026-07-03,prod-3,Ergonomic Mesh Office Chair,Office & Furniture,FURN-EMC-003,316.25,170.0,326.28,OfficeDepot Hub,0,0,4,7,0,0,14,4427.5,2047.5,0.85
2026-07-04,prod-3,Ergonomic Mesh Office Chair,Office & Furniture,FURN-EMC-003,331.53,170.0,339.09,OfficeDepot Hub,0,0,5,7,1,0,14,4641.42,2261.42,0.85
2026-07-05,prod-3,Ergonomic Mesh Office Chair,Office & Furniture,FURN-EMC-003,322.97,170.0,330.97,OfficeDepot Hub,0,0,6,7,1,0,15,4844.55,2294.55,0.85
2026-07-06,prod-3,Ergonomic Mesh Office Chair,Office & Furniture,FURN-EMC-003,323.7,170.0,320.84,OfficeDepot Hub,0,0,0,7,0,0,12,3884.4,1844.4,0.85
2026-07-07,prod-3,Ergonomic Mesh Office Chair,Office & Furniture,FURN-EMC-003,341.45,170.0,362.54,OfficeDepot Hub,0,0,1,7,0,0,13,4438.85,2228.85,0.85
2026-07-08,prod-3,Ergonomic Mesh Office Chair,Office & Furniture,FURN-EMC-003,309.59,170.0,331.46,OfficeDepot Hub,0,0,2,7,0,0,14,4334.26,1954.26,0.85
2026-07-09,prod-3,Ergonomic Mesh Office Chair,Office & Furniture,FURN-EMC-003,309.62,170.0,313.23,OfficeDepot Hub,0,0,3,7,0,0,13,4025.06,1815.06,0.85
2026-07-10,prod-3,Ergonomic Mesh Office Chair,Office & Furniture,FURN-EMC-003,309.54,170.0,311.04,OfficeDepot Hub,0,0,4,7,0,0,14,4333.56,1953.56,0.85
2026-07-11,prod-3,Ergonomic Mesh Office Chair,Office & Furniture,FURN-EMC-003,324.84,170.0,318.21,OfficeDepot Hub,0,0,5,7,1,0,15,4872.6,2322.6,0.85
2026-07-12,prod-3,Ergonomic Mesh Office Chair,Office & Furniture,FURN-EMC-003,324.2,170.0,321.46,OfficeDepot Hub,0,0,6,7,1,0,14,4538.8,2158.8,0.85
2026-07-13,prod-3,Ergonomic Mesh Office Chair,Office & Furniture,FURN-EMC-003,339.44,170.0,362.93,OfficeDepot Hub,0,0,0,7,0,0,13,4412.72,2202.72,0.85
2026-07-14,prod-3,Ergonomic Mesh Office Chair,Office & Furniture,FURN-EMC-003,320.5,170.0,336.25,OfficeDepot Hub,0,0,1,7,0,0,13,4166.5,1956.5,0.85
2026-07-15,prod-3,Ergonomic Mesh Office Chair,Office & Furniture,FURN-EMC-003,342.96,170.0,336.75,OfficeDepot Hub,0,0,2,7,0,0,13,4458.48,2248.48,0.85
2026-07-16,prod-3,Ergonomic Mesh Office Chair,Office & Furniture,FURN-EMC-003,333.65,170.0,331.2,OfficeDepot Hub,0,0,3,7,0,0,12,4003.8,1963.8,0.85
2026-07-17,prod-3,Ergonomic Mesh Office Chair,Office & Furniture,FURN-EMC-003,310.03,170.0,299.48,OfficeDepot Hub,0,0,4,7,0,0,13,4030.39,1820.39,0.85
2026-07-18,prod-3,Ergonomic Mesh Office Chair,Office & Furniture,FURN-EMC-003,313.3,170.0,310.89,OfficeDepot Hub,0,0,5,7,1,0,16,5012.8,2292.8,0.85
2026-07-19,prod-3,Ergonomic Mesh Office Chair,Office & Furniture,FURN-EMC-003,318.45,170.0,311.47,OfficeDepot Hub,0,0,6,7,1,0,15,4776.75,2226.75,0.85
2026-07-20,prod-3,Ergonomic Mesh Office Chair,Office & Furniture,FURN-EMC-003,321.56,170.0,339.55,OfficeDepot Hub,0,0,0,7,0,0,13,4180.28,1970.28,0.85
2026-07-21,prod-3,Ergonomic Mesh Office Chair,Office & Furniture,FURN-EMC-003,340.51,170.0,340.38,OfficeDepot Hub,0,0,1,7,0,0,14,4767.14,2387.14,0.85
2026-07-22,prod-3,Ergonomic Mesh Office Chair,Office & Furniture,FURN-EMC-003,311.47,170.0,328.0,OfficeDepot Hub,15,1,2,7,0,0,15,3971.24,1421.24,0.85
2026-07-23,prod-3,Ergonomic Mesh Office Chair,Office & Furniture,FURN-EMC-003,344.62,170.0,341.18,OfficeDepot Hub,0,0,3,7,0,0,11,3790.82,1920.82,0.85
2026-07-24,prod-3,Ergonomic Mesh Office Chair,Office & Furniture,FURN-EMC-003,347.74,170.0,363.65,OfficeDepot Hub,0,0,4,7,0,0,14,4868.36,2488.36,0.85
2026-07-25,prod-3,Ergonomic Mesh Office Chair,Office & Furniture,FURN-EMC-003,319.02,170.0,344.33,OfficeDepot Hub,0,0,5,7,1,0,16,5104.32,2384.32,0.85
2026-07-26,prod-3,Ergonomic Mesh Office Chair,Office & Furniture,FURN-EMC-003,312.97,170.0,325.46,OfficeDepot Hub,0,0,6,7,1,0,15,4694.55,2144.55,0.85
2026-07-27,prod-3,Ergonomic Mesh Office Chair,Office & Furniture,FURN-EMC-003,347.21,170.0,372.33,OfficeDepot Hub,0,0,0,7,0,0,13,4513.73,2303.73,0.85
2026-07-28,prod-3,Ergonomic Mesh Office Chair,Office & Furniture,FURN-EMC-003,338.66,170.0,347.45,OfficeDepot Hub,0,0,1,7,0,0,13,4402.58,2192.58,0.85
2026-07-29,prod-3,Ergonomic Mesh Office Chair,Office & Furniture,FURN-EMC-003,321.06,170.0,322.1,OfficeDepot Hub,5,1,2,7,0,0,16,4880.11,2160.11,0.85
2026-07-30,prod-3,Ergonomic Mesh Office Chair,Office & Furniture,FURN-EMC-003,318.58,170.0,322.43,OfficeDepot Hub,10,1,3,7,0,0,15,4300.83,1750.83,0.85
2026-07-31,prod-3,Ergonomic Mesh Office Chair,Office & Furniture,FURN-EMC-003,324.89,170.0,321.37,OfficeDepot Hub,0,0,4,7,0,0,14,4548.46,2168.46,0.85
2026-08-01,prod-3,Ergonomic Mesh Office Chair,Office & Furniture,FURN-EMC-003,336.53,170.0,350.87,OfficeDepot Hub,0,0,5,8,1,0,18,6057.54,2997.54,0.85
2026-08-02,prod-3,Ergonomic Mesh Office Chair,Office & Furniture,FURN-EMC-003,319.08,170.0,325.46,OfficeDepot Hub,0,0,6,8,1,0,17,5424.36,2534.36,0.85
2026-08-03,prod-3,Ergonomic Mesh Office Chair,Office & Furniture,FURN-EMC-003,347.54,170.0,365.32,OfficeDepot Hub,10,1,0,8,0,0,17,5317.36,2427.36,0.85
2026-08-04,prod-3,Ergonomic Mesh Office Chair,Office & Furniture,FURN-EMC-003,336.95,170.0,355.47,OfficeDepot Hub,0,0,1,8,0,0,15,5054.25,2504.25,0.85
2026-08-05,prod-3,Ergonomic Mesh Office Chair,Office & Furniture,FURN-EMC-003,348.02,170.0,367.03,OfficeDepot Hub,0,0,2,8,0,0,16,5568.32,2848.32,0.85
2026-08-06,prod-3,Ergonomic Mesh Office Chair,Office & Furniture,FURN-EMC-003,326.58,170.0,321.08,OfficeDepot Hub,0,0,3,8,0,0,15,4898.7,2348.7,0.85
2026-08-07,prod-3,Ergonomic Mesh Office Chair,Office & Furniture,FURN-EMC-003,314.58,170.0,335.92,OfficeDepot Hub,0,0,4,8,0,0,16,5033.28,2313.28,0.85
2026-08-08,prod-3,Ergonomic Mesh Office Chair,Office & Furniture,FURN-EMC-003,320.9,170.0,334.91,OfficeDepot Hub,0,0,5,8,1,0,17,5455.3,2565.3,0.85
2026-08-09,prod-3,Ergonomic Mesh Office Chair,Office & Furniture,FURN-EMC-003,322.99,170.0,338.46,OfficeDepot Hub,0,0,6,8,1,0,19,6136.81,2906.81,0.85
2026-08-10,prod-3,Ergonomic Mesh Office Chair,Office & Furniture,FURN-EMC-003,345.36,170.0,354.53,OfficeDepot Hub,5,1,0,8,0,0,16,5249.47,2529.47,0.85
2026-08-11,prod-3,Ergonomic Mesh Office Chair,Office & Furniture,FURN-EMC-003,341.61,170.0,350.15,OfficeDepot Hub,0,0,1,8,0,0,16,5465.76,2745.76,0.85
2026-08-12,prod-3,Ergonomic Mesh Office Chair,Office & Furniture,FURN-EMC-003,329.24,170.0,345.06,OfficeDepot Hub,0,0,2,8,0,0,16,5267.84,2547.84,0.85
2026-08-13,prod-3,Ergonomic Mesh Office Chair,Office & Furniture,FURN-EMC-003,323.63,170.0,334.77,OfficeDepot Hub,0,0,3,8,0,0,14,4530.82,2150.82,0.85
2026-08-14,prod-3,Ergonomic Mesh Office Chair,Office & Furniture,FURN-EMC-003,347.44,170.0,367.69,OfficeDepot Hub,0,0,4,8,0,0,16,5559.04,2839.04,0.85
2026-08-15,prod-3,Ergonomic Mesh Office Chair,Office & Furniture,FURN-EMC-003,339.49,170.0,332.19,OfficeDepot Hub,0,0,5,8,1,0,17,5771.33,2881.33,0.85
2026-08-16,prod-3,Ergonomic Mesh Office Chair,Office & Furniture,FURN-EMC-003,321.97,170.0,312.81,OfficeDepot Hub,0,0,6,8,1,0,16,5151.52,2431.52,0.85
2026-08-17,prod-3,Ergonomic Mesh Office Chair,Office & Furniture,FURN-EMC-003,346.28,170.0,339.85,OfficeDepot Hub,0,1,0,8,0,0,15,5194.2,2644.2,0.85
2025-08-18,prod-4,Mechanical Gaming Keyboard RGB,Gaming & PC,GAME-MGK-004,85.66,42.0,88.1,CyberGear World,0,0,0,8,0,0,79,6767.14,3449.14,1.7
2025-08-19,prod-4,Mechanical Gaming Keyboard RGB,Gaming & PC,GAME-MGK-004,90.27,42.0,94.26,CyberGear World,0,0,1,8,0,0,67,6048.09,3234.09,1.7
2025-08-20,prod-4,Mechanical Gaming Keyboard RGB,Gaming & PC,GAME-MGK-004,91.13,42.0,88.26,CyberGear World,0,0,2,8,0,0,63,5741.19,3095.19,1.7
2025-08-21,prod-4,Mechanical Gaming Keyboard RGB,Gaming & PC,GAME-MGK-004,89.9,42.0,95.9,CyberGear World,0,1,3,8,0,0,67,6023.3,3209.3,1.7
2025-08-22,prod-4,Mechanical Gaming Keyboard RGB,Gaming & PC,GAME-MGK-004,92.62,42.0,98.81,CyberGear World,0,0,4,8,0,0,71,6576.02,3594.02,1.7
2025-08-23,prod-4,Mechanical Gaming Keyboard RGB,Gaming & PC,GAME-MGK-004,85.22,42.0,88.12,CyberGear World,0,0,5,8,1,0,90,7669.8,3889.8,1.7
2025-08-24,prod-4,Mechanical Gaming Keyboard RGB,Gaming & PC,GAME-MGK-004,93.6,42.0,90.73,CyberGear World,0,0,6,8,1,0,73,6832.8,3766.8,1.7
2025-08-25,prod-4,Mechanical Gaming Keyboard RGB,Gaming & PC,GAME-MGK-004,85.68,42.0,84.63,CyberGear World,0,0,0,8,0,0,70,5997.6,3057.6,1.7
2025-08-26,prod-4,Mechanical Gaming Keyboard RGB,Gaming & PC,GAME-MGK-004,91.68,42.0,94.28,CyberGear World,0,0,1,8,0,0,68,6234.24,3378.24,1.7
2025-08-27,prod-4,Mechanical Gaming Keyboard RGB,Gaming & PC,GAME-MGK-004,90.62,42.0,95.11,CyberGear World,0,0,2,8,0,0,70,6343.4,3403.4,1.7
2025-08-28,prod-4,Mechanical Gaming Keyboard RGB,Gaming & PC,GAME-MGK-004,91.87,42.0,95.94,CyberGear World,0,0,3,8,0,0,61,5604.07,3042.07,1.7
2025-08-29,prod-4,Mechanical Gaming Keyboard RGB,Gaming & PC,GAME-MGK-004,93.15,42.0,95.57,CyberGear World,0,0,4,8,0,0,68,6334.2,3478.2,1.7
2025-08-30,prod-4,Mechanical Gaming Keyboard RGB,Gaming & PC,GAME-MGK-004,90.36,42.0,93.25,CyberGear World,0,0,5,8,1,0,85,7680.6,4110.6,1.7
2025-08-31,prod-4,Mechanical Gaming Keyboard RGB,Gaming & PC,GAME-MGK-004,90.53,42.0,97.74,CyberGear World,0,0,6,8,1,0,75,6789.75,3639.75,1.7
2025-09-01,prod-4,Mechanical Gaming Keyboard RGB,Gaming & PC,GAME-MGK-004,91.43,42.0,96.84,CyberGear World,0,0,0,9,0,0,63,5760.09,3114.09,1.7
2025-09-02,prod-4,Mechanical Gaming Keyboard RGB,Gaming & PC,GAME-MGK-004,90.48,42.0,90.93,CyberGear World,0,0,1,9,0,0,73,6605.04,3539.04,1.7
2025-09-03,prod-4,Mechanical Gaming Keyboard RGB,Gaming & PC,GAME-MGK-004,88.48,42.0,89.74,CyberGear World,0,0,2,9,0,0,63,5574.24,2928.24,1.7
2025-09-04,prod-4,Mechanical Gaming Keyboard RGB,Gaming & PC,GAME-MGK-004,84.96,42.0,84.46,CyberGear World,5,1,3,9,0,0,94,7586.93,3638.93,1.7
2025-09-05,prod-4,Mechanical Gaming Keyboard RGB,Gaming & PC,GAME-MGK-004,87.85,42.0,87.5,CyberGear World,0,0,4,9,0,0,79,6940.15,3622.15,1.7
2025-09-06,prod-4,Mechanical Gaming Keyboard RGB,Gaming & PC,GAME-MGK-004,84.82,42.0,89.79,CyberGear World,0,0,5,9,1,0,82,6955.24,3511.24,1.7
2025-09-07,prod-4,Mechanical Gaming Keyboard RGB,Gaming & PC,GAME-MGK-004,90.57,42.0,92.99,CyberGear World,0,0,6,9,1,0,71,6430.47,3448.47,1.7
2025-09-08,prod-4,Mechanical Gaming Keyboard RGB,Gaming & PC,GAME-MGK-004,85.0,42.0,85.23,CyberGear World,0,0,0,9,0,0,74,6290.0,3182.0,1.7
2025-09-09,prod-4,Mechanical Gaming Keyboard RGB,Gaming & PC,GAME-MGK-004,90.88,42.0,89.79,CyberGear World,0,0,1,9,0,0,62,5634.56,3030.56,1.7
2025-09-10,prod-4,Mechanical Gaming Keyboard RGB,Gaming & PC,GAME-MGK-004,88.91,42.0,95.15,CyberGear World,0,0,2,9,0,0,75,6668.25,3518.25,1.7
2025-09-11,prod-4,Mechanical Gaming Keyboard RGB,Gaming & PC,GAME-MGK-004,93.15,42.0,91.36,CyberGear World,0,0,3,9,0,0,69,6427.35,3529.35,1.7
2025-09-12,prod-4,Mechanical Gaming Keyboard RGB,Gaming & PC,GAME-MGK-004,90.81,42.0,97.07,CyberGear World,0,0,4,9,0,0,65,5902.65,3172.65,1.7
2025-09-13,prod-4,Mechanical Gaming Keyboard RGB,Gaming & PC,GAME-MGK-004,92.48,42.0,95.18,CyberGear World,0,1,5,9,1,0,82,7583.36,4139.36,1.7
2025-09-14,prod-4,Mechanical Gaming Keyboard RGB,Gaming & PC,GAME-MGK-004,88.2,42.0,93.98,CyberGear World,0,0,6,9,1,0,89,7849.8,4111.8,1.7
2025-09-15,prod-4,Mechanical Gaming Keyboard RGB,Gaming & PC,GAME-MGK-004,85.89,42.0,90.39,CyberGear World,0,0,0,9,0,0,82,7042.98,3598.98,1.7
2025-09-16,prod-4,Mechanical Gaming Keyboard RGB,Gaming & PC,GAME-MGK-004,94.62,42.0,98.03,CyberGear World,0,0,1,9,0,0,57,5393.34,2999.34,1.7
2025-09-17,prod-4,Mechanical Gaming Keyboard RGB,Gaming & PC,GAME-MGK-004,90.25,42.0,90.1,CyberGear World,0,0,2,9,0,0,66,5956.5,3184.5,1.7
2025-09-18,prod-4,Mechanical Gaming Keyboard RGB,Gaming & PC,GAME-MGK-004,92.13,42.0,90.14,CyberGear World,0,0,3,9,0,0,75,6909.75,3759.75,1.7
2025-09-19,prod-4,Mechanical Gaming Keyboard RGB,Gaming & PC,GAME-MGK-004,95.08,42.0,99.87,CyberGear World,0,0,4,9,0,0,57,5419.56,3025.56,1.7
2025-09-20,prod-4,Mechanical Gaming Keyboard RGB,Gaming & PC,GAME-MGK-004,89.25,42.0,94.1,CyberGear World,0,0,5,9,1,0,76,6783.0,3591.0,1.7
2025-09-21,prod-4,Mechanical Gaming Keyboard RGB,Gaming & PC,GAME-MGK-004,89.73,42.0,94.17,CyberGear World,0,0,6,9,1,0,74,6640.02,3532.02,1.7
2025-09-22,prod-4,Mechanical Gaming Keyboard RGB,Gaming & PC,GAME-MGK-004,88.89,42.0,89.97,CyberGear World,0,0,0,9,0,0,75,6666.75,3516.75,1.7
2025-09-23,prod-4,Mechanical Gaming Keyboard RGB,Gaming & PC,GAME-MGK-004,89.78,42.0,88.32,CyberGear World,0,0,1,9,0,0,71,6374.38,3392.38,1.7
2025-09-24,prod-4,Mechanical Gaming Keyboard RGB,Gaming & PC,GAME-MGK-004,90.65,42.0,97.87,CyberGear World,0,0,2,9,0,0,64,5801.6,3113.6,1.7
2025-09-25,prod-4,Mechanical Gaming Keyboard RGB,Gaming & PC,GAME-MGK-004,87.47,42.0,88.49,CyberGear World,0,0,3,9,0,0,74,6472.78,3364.78,1.7
2025-09-26,prod-4,Mechanical Gaming Keyboard RGB,Gaming & PC,GAME-MGK-004,85.81,42.0,86.64,CyberGear World,0,0,4,9,0,0,70,6006.7,3066.7,1.7
2025-09-27,prod-4,Mechanical Gaming Keyboard RGB,Gaming & PC,GAME-MGK-004,88.31,42.0,91.72,CyberGear World,0,0,5,9,1,0,74,6534.94,3426.94,1.7
2025-09-28,prod-4,Mechanical Gaming Keyboard RGB,Gaming & PC,GAME-MGK-004,88.37,42.0,93.55,CyberGear World,0,0,6,9,1,0,83,7334.71,3848.71,1.7
2025-09-29,prod-4,Mechanical Gaming Keyboard RGB,Gaming & PC,GAME-MGK-004,89.35,42.0,95.69,CyberGear World,0,0,0,9,0,0,74,6611.9,3503.9,1.7
2025-09-30,prod-4,Mechanical Gaming Keyboard RGB,Gaming & PC,GAME-MGK-004,86.28,42.0,90.37,CyberGear World,0,1,1,9,0,0,70,6039.6,3099.6,1.7
2025-10-01,prod-4,Mechanical Gaming Keyboard RGB,Gaming & PC,GAME-MGK-004,91.3,42.0,89.27,CyberGear World,0,0,2,10,0,0,64,5843.2,3155.2,1.7
2025-10-02,prod-4,Mechanical Gaming Keyboard RGB,Gaming & PC,GAME-MGK-004,88.3,42.0,93.29,CyberGear World,0,0,3,10,0,0,71,6269.3,3287.3,1.7
2025-10-03,prod-4,Mechanical Gaming Keyboard RGB,Gaming & PC,GAME-MGK-004,88.17,42.0,92.47,CyberGear World,0,0,4,10,0,0,73,6436.41,3370.41,1.7
2025-10-04,prod-4,Mechanical Gaming Keyboard RGB,Gaming & PC,GAME-MGK-004,92.69,42.0,95.09,CyberGear World,0,0,5,10,1,0,83,7693.27,4207.27,1.7
2025-10-05,prod-4,Mechanical Gaming Keyboard RGB,Gaming & PC,GAME-MGK-004,92.1,42.0,95.8,CyberGear World,0,0,6,10,1,0,82,7552.2,4108.2,1.7
2025-10-06,prod-4,Mechanical Gaming Keyboard RGB,Gaming & PC,GAME-MGK-004,90.28,42.0,89.44,CyberGear World,5,1,0,10,0,0,81,6947.05,3545.05,1.7
2025-10-07,prod-4,Mechanical Gaming Keyboard RGB,Gaming & PC,GAME-MGK-004,91.26,42.0,88.19,CyberGear World,0,0,1,10,0,0,60,5475.6,2955.6,1.7
2025-10-08,prod-4,Mechanical Gaming Keyboard RGB,Gaming & PC,GAME-MGK-004,88.79,42.0,88.13,CyberGear World,0,0,2,10,0,0,74,6570.46,3462.46,1.7
2025-10-09,prod-4,Mechanical Gaming Keyboard RGB,Gaming & PC,GAME-MGK-004,93.92,42.0,90.38,CyberGear World,0,0,3,10,0,0,67,6292.64,3478.64,1.7
2025-10-10,prod-4,Mechanical Gaming Keyboard RGB,Gaming & PC,GAME-MGK-004,87.09,42.0,87.59,CyberGear World,0,0,4,10,0,0,66,5747.94,2975.94,1.7
2025-10-11,prod-4,Mechanical Gaming Keyboard RGB,Gaming & PC,GAME-MGK-004,88.0,42.0,93.63,CyberGear World,0,0,5,10,1,0,75,6600.0,3450.0,1.7
2025-10-12,prod-4,Mechanical Gaming Keyboard RGB,Gaming & PC,GAME-MGK-004,90.0,42.0,91.35,CyberGear World,0,0,6,10,1,0,69,6210.0,3312.0,1.7
2025-10-13,prod-4,Mechanical Gaming Keyboard RGB,Gaming & PC,GAME-MGK-004,87.26,42.0,89.31,CyberGear World,0,0,0,10,0,0,71,6195.46,3213.46,1.7
2025-10-14,prod-4,Mechanical Gaming Keyboard RGB,Gaming & PC,GAME-MGK-004,86.29,42.0,86.43,CyberGear World,0,0,1,10,0,0,77,6644.33,3410.33,1.7
2025-10-15,prod-4,Mechanical Gaming Keyboard RGB,Gaming & PC,GAME-MGK-004,87.14,42.0,93.88,CyberGear World,0,0,2,10,0,0,79,6884.06,3566.06,1.7
2025-10-16,prod-4,Mechanical Gaming Keyboard RGB,Gaming & PC,GAME-MGK-004,91.35,42.0,97.33,CyberGear World,0,0,3,10,0,0,73,6668.55,3602.55,1.7
2025-10-17,prod-4,Mechanical Gaming Keyboard RGB,Gaming & PC,GAME-MGK-004,84.91,42.0,87.17,CyberGear World,0,0,4,10,0,0,70,5943.7,3003.7,1.7
2025-10-18,prod-4,Mechanical Gaming Keyboard RGB,Gaming & PC,GAME-MGK-004,94.28,42.0,97.94,CyberGear World,15,1,5,10,1,0,95,7613.11,3623.11,1.7
2025-10-19,prod-4,Mechanical Gaming Keyboard RGB,Gaming & PC,GAME-MGK-004,91.91,42.0,97.86,CyberGear World,0,0,6,10,1,0,74,6801.34,3693.34,1.7
2025-10-20,prod-4,Mechanical Gaming Keyboard RGB,Gaming & PC,GAME-MGK-004,90.78,42.0,91.79,CyberGear World,0,0,0,10,0,0,70,6354.6,3414.6,1.7
2025-10-21,prod-4,Mechanical Gaming Keyboard RGB,Gaming & PC,GAME-MGK-004,89.44,42.0,87.28,CyberGear World,0,0,1,10,0,0,72,6439.68,3415.68,1.7
2025-10-22,prod-4,Mechanical Gaming Keyboard RGB,Gaming & PC,GAME-MGK-004,91.98,42.0,90.53,CyberGear World,0,0,2,10,0,0,70,6438.6,3498.6,1.7
2025-10-23,prod-4,Mechanical Gaming Keyboard RGB,Gaming & PC,GAME-MGK-004,94.29,42.0,100.81,CyberGear World,0,0,3,10,0,0,71,6694.59,3712.59,1.7
2025-10-24,prod-4,Mechanical Gaming Keyboard RGB,Gaming & PC,GAME-MGK-004,92.91,42.0,96.51,CyberGear World,0,0,4,10,0,0,60,5574.6,3054.6,1.7
2025-10-25,prod-4,Mechanical Gaming Keyboard RGB,Gaming & PC,GAME-MGK-004,85.32,42.0,87.36,CyberGear World,0,0,5,10,1,0,79,6740.28,3422.28,1.7
2025-10-26,prod-4,Mechanical Gaming Keyboard RGB,Gaming & PC,GAME-MGK-004,93.66,42.0,91.55,CyberGear World,10,1,6,10,1,0,95,8007.93,4017.93,1.7
2025-10-27,prod-4,Mechanical Gaming Keyboard RGB,Gaming & PC,GAME-MGK-004,89.06,42.0,89.89,CyberGear World,0,0,0,10,0,0,78,6946.68,3670.68,1.7
2025-10-28,prod-4,Mechanical Gaming Keyboard RGB,Gaming & PC,GAME-MGK-004,94.25,42.0,101.04,CyberGear World,0,0,1,10,0,0,69,6503.25,3605.25,1.7
2025-10-29,prod-4,Mechanical Gaming Keyboard RGB,Gaming & PC,GAME-MGK-004,85.74,42.0,84.21,CyberGear World,0,0,2,10,0,0,78,6687.72,3411.72,1.7
2025-10-30,prod-4,Mechanical Gaming Keyboard RGB,Gaming & PC,GAME-MGK-004,87.47,42.0,89.92,CyberGear World,0,0,3,10,0,0,68,5947.96,3091.96,1.7
2025-10-31,prod-4,Mechanical Gaming Keyboard RGB,Gaming & PC,GAME-MGK-004,92.01,42.0,92.3,CyberGear World,0,0,4,10,0,0,67,6164.67,3350.67,1.7
2025-11-01,prod-4,Mechanical Gaming Keyboard RGB,Gaming & PC,GAME-MGK-004,90.02,42.0,92.95,CyberGear World,0,0,5,11,1,0,75,6751.5,3601.5,1.7
2025-11-02,prod-4,Mechanical Gaming Keyboard RGB,Gaming & PC,GAME-MGK-004,93.79,42.0,95.57,CyberGear World,0,0,6,11,1,0,67,6283.93,3469.93,1.7
2025-11-03,prod-4,Mechanical Gaming Keyboard RGB,Gaming & PC,GAME-MGK-004,84.94,42.0,89.34,CyberGear World,10,1,0,11,0,0,102,7797.49,3513.49,1.7
2025-11-04,prod-4,Mechanical Gaming Keyboard RGB,Gaming & PC,GAME-MGK-004,86.99,42.0,90.52,CyberGear World,0,0,1,11,0,0,68,5915.32,3059.32,1.7
2025-11-05,prod-4,Mechanical Gaming Keyboard RGB,Gaming & PC,GAME-MGK-004,86.5,42.0,92.95,CyberGear World,0,0,2,11,0,0,76,6574.0,3382.0,1.7
2025-11-06,prod-4,Mechanical Gaming Keyboard RGB,Gaming & PC,GAME-MGK-004,92.02,42.0,97.91,CyberGear World,0,0,3,11,0,0,66,6073.32,3301.32,1.7
2025-11-07,prod-4,Mechanical Gaming Keyboard RGB,Gaming & PC,GAME-MGK-004,92.97,42.0,96.03,CyberGear World,0,0,4,11,0,0,69,6414.93,3516.93,1.7
2025-11-08,prod-4,Mechanical Gaming Keyboard RGB,Gaming & PC,GAME-MGK-004,88.85,42.0,95.31,CyberGear World,0,0,5,11,1,0,80,7108.0,3748.0,1.7
2025-11-09,prod-4,Mechanical Gaming Keyboard RGB,Gaming & PC,GAME-MGK-004,91.52,42.0,95.59,CyberGear World,0,1,6,11,1,0,75,6864.0,3714.0,1.7
2025-11-10,prod-4,Mechanical Gaming Keyboard RGB,Gaming & PC,GAME-MGK-004,93.52,42.0,90.26,CyberGear World,0,0,0,11,0,0,65,6078.8,3348.8,1.7
2025-11-11,prod-4,Mechanical Gaming Keyboard RGB,Gaming & PC,GAME-MGK-004,88.86,42.0,93.14,CyberGear World,0,0,1,11,0,0,71,6309.06,3327.06,1.7
2025-11-12,prod-4,Mechanical Gaming Keyboard RGB,Gaming & PC,GAME-MGK-004,91.4,42.0,88.28,CyberGear World,0,0,2,11,0,0,66,6032.4,3260.4,1.7
2025-11-13,prod-4,Mechanical Gaming Keyboard RGB,Gaming & PC,GAME-MGK-004,87.88,42.0,93.09,CyberGear World,0,0,3,11,0,0,71,6239.48,3257.48,1.7
2025-11-14,prod-4,Mechanical Gaming Keyboard RGB,Gaming & PC,GAME-MGK-004,91.21,42.0,88.16,CyberGear World,0,0,4,11,0,0,62,5655.02,3051.02,1.7
2025-11-15,prod-4,Mechanical Gaming Keyboard RGB,Gaming & PC,GAME-MGK-004,93.55,42.0,94.88,CyberGear World,0,0,5,11,1,0,66,6174.3,3402.3,1.7
2025-11-16,prod-4,Mechanical Gaming Keyboard RGB,Gaming & PC,GAME-MGK-004,93.0,42.0,99.75,CyberGear World,0,0,6,11,1,0,67,6231.0,3417.0,1.7
2025-11-17,prod-4,Mechanical Gaming Keyboard RGB,Gaming & PC,GAME-MGK-004,89.06,42.0,90.32,CyberGear World,0,0,0,11,0,0,72,6412.32,3388.32,1.7
2025-11-18,prod-4,Mechanical Gaming Keyboard RGB,Gaming & PC,GAME-MGK-004,92.29,42.0,90.83,CyberGear World,0,0,1,11,0,0,63,5814.27,3168.27,1.7
2025-11-19,prod-4,Mechanical Gaming Keyboard RGB,Gaming & PC,GAME-MGK-004,92.06,42.0,98.4,CyberGear World,0,0,2,11,0,0,70,6444.2,3504.2,1.7
2025-11-20,prod-4,Mechanical Gaming Keyboard RGB,Gaming & PC,GAME-MGK-004,85.92,42.0,83.66,CyberGear World,0,0,3,11,0,1,95,8162.4,4172.4,1.7
2025-11-21,prod-4,Mechanical Gaming Keyboard RGB,Gaming & PC,GAME-MGK-004,90.25,42.0,90.8,CyberGear World,0,0,4,11,0,1,90,8122.5,4342.5,1.7
2025-11-22,prod-4,Mechanical Gaming Keyboard RGB,Gaming & PC,GAME-MGK-004,94.85,42.0,95.37,CyberGear World,0,0,5,11,1,1,96,9105.6,5073.6,1.7
2025-11-23,prod-4,Mechanical Gaming Keyboard RGB,Gaming & PC,GAME-MGK-004,94.44,42.0,97.07,CyberGear World,0,0,6,11,1,1,83,7838.52,4352.52,1.7
2025-11-24,prod-4,Mechanical Gaming Keyboard RGB,Gaming & PC,GAME-MGK-004,93.97,42.0,92.23,CyberGear World,0,0,0,11,0,1,82,7705.54,4261.54,1.7
2025-11-25,prod-4,Mechanical Gaming Keyboard RGB,Gaming & PC,GAME-MGK-004,87.93,42.0,92.52,CyberGear World,0,0,1,11,0,1,97,8529.21,4455.21,1.7
2025-11-26,prod-4,Mechanical Gaming Keyboard RGB,Gaming & PC,GAME-MGK-004,85.86,42.0,83.78,CyberGear World,0,0,2,11,0,1,101,8671.86,4429.86,1.7
2025-11-27,prod-4,Mechanical Gaming Keyboard RGB,Gaming & PC,GAME-MGK-004,87.32,42.0,88.63,CyberGear World,0,0,3,11,0,1,96,8382.72,4350.72,1.7
2025-11-28,prod-4,Mechanical Gaming Keyboard RGB,Gaming & PC,GAME-MGK-004,84.65,42.0,90.23,CyberGear World,0,0,4,11,0,1,103,8718.95,4392.95,1.7
2025-11-29,prod-4,Mechanical Gaming Keyboard RGB,Gaming & PC,GAME-MGK-004,89.73,42.0,90.56,CyberGear World,0,1,5,11,1,1,93,8344.89,4438.89,1.7
2025-11-30,prod-4,Mechanical Gaming Keyboard RGB,Gaming & PC,GAME-MGK-004,90.5,42.0,93.61,CyberGear World,0,0,6,11,1,1,106,9593.0,5141.0,1.7
2025-12-01,prod-4,Mechanical Gaming Keyboard RGB,Gaming & PC,GAME-MGK-004,85.12,42.0,83.23,CyberGear World,0,0,0,12,0,0,68,5788.16,2932.16,1.7
2025-12-02,prod-4,Mechanical Gaming Keyboard RGB,Gaming & PC,GAME-MGK-004,93.81,42.0,97.57,CyberGear World,0,0,1,12,0,0,62,5816.22,3212.22,1.7
2025-12-03,prod-4,Mechanical Gaming Keyboard RGB,Gaming & PC,GAME-MGK-004,94.53,42.0,91.3,CyberGear World,0,0,2,12,0,0,59,5577.27,3099.27,1.7
2025-12-04,prod-4,Mechanical Gaming Keyboard RGB,Gaming & PC,GAME-MGK-004,91.85,42.0,94.91,CyberGear World,0,0,3,12,0,0,69,6337.65,3439.65,1.7
2025-12-05,prod-4,Mechanical Gaming Keyboard RGB,Gaming & PC,GAME-MGK-004,93.09,42.0,91.35,CyberGear World,0,0,4,12,0,0,67,6237.03,3423.03,1.7
2025-12-06,prod-4,Mechanical Gaming Keyboard RGB,Gaming & PC,GAME-MGK-004,94.65,42.0,91.92,CyberGear World,0,0,5,12,1,0,69,6530.85,3632.85,1.7
2025-12-07,prod-4,Mechanical Gaming Keyboard RGB,Gaming & PC,GAME-MGK-004,88.68,42.0,85.85,CyberGear World,0,0,6,12,1,0,81,7183.08,3781.08,1.7
2025-12-08,prod-4,Mechanical Gaming Keyboard RGB,Gaming & PC,GAME-MGK-004,87.75,42.0,85.66,CyberGear World,0,0,0,12,0,0,69,6054.75,3156.75,1.7
2025-12-09,prod-4,Mechanical Gaming Keyboard RGB,Gaming & PC,GAME-MGK-004,90.28,42.0,92.35,CyberGear World,0,0,1,12,0,0,71,6409.88,3427.88,1.7
2025-12-10,prod-4,Mechanical Gaming Keyboard RGB,Gaming & PC,GAME-MGK-004,85.77,42.0,89.85,CyberGear World,0,0,2,12,0,0,84,7204.68,3676.68,1.7
2025-12-11,prod-4,Mechanical Gaming Keyboard RGB,Gaming & PC,GAME-MGK-004,89.81,42.0,93.64,CyberGear World,0,0,3,12,0,0,78,7005.18,3729.18,1.7
2025-12-12,prod-4,Mechanical Gaming Keyboard RGB,Gaming & PC,GAME-MGK-004,87.69,42.0,90.59,CyberGear World,0,0,4,12,0,0,73,6401.37,3335.37,1.7
2025-12-13,prod-4,Mechanical Gaming Keyboard RGB,Gaming & PC,GAME-MGK-004,95.34,42.0,95.57,CyberGear World,0,0,5,12,1,0,72,6864.48,3840.48,1.7
2025-12-14,prod-4,Mechanical Gaming Keyboard RGB,Gaming & PC,GAME-MGK-004,90.2,42.0,93.43,CyberGear World,0,0,6,12,1,0,72,6494.4,3470.4,1.7
2025-12-15,prod-4,Mechanical Gaming Keyboard RGB,Gaming & PC,GAME-MGK-004,91.17,42.0,95.28,CyberGear World,0,0,0,12,0,1,78,7111.26,3835.26,1.7
2025-12-16,prod-4,Mechanical Gaming Keyboard RGB,Gaming & PC,GAME-MGK-004,84.85,42.0,87.82,CyberGear World,5,1,1,12,0,1,117,9431.08,4517.08,1.7
2025-12-17,prod-4,Mechanical Gaming Keyboard RGB,Gaming & PC,GAME-MGK-004,95.38,42.0,96.3,CyberGear World,0,0,2,12,0,1,83,7916.54,4430.54,1.7
2025-12-18,prod-4,Mechanical Gaming Keyboard RGB,Gaming & PC,GAME-MGK-004,91.47,42.0,87.94,CyberGear World,0,0,3,12,0,1,83,7592.01,4106.01,1.7
2025-12-19,prod-4,Mechanical Gaming Keyboard RGB,Gaming & PC,GAME-MGK-004,93.12,42.0,92.83,CyberGear World,0,0,4,12,0,1,82,7635.84,4191.84,1.7
2025-12-20,prod-4,Mechanical Gaming Keyboard RGB,Gaming & PC,GAME-MGK-004,84.66,42.0,88.24,CyberGear World,0,0,5,12,1,1,116,9820.56,4948.56,1.7
2025-12-21,prod-4,Mechanical Gaming Keyboard RGB,Gaming & PC,GAME-MGK-004,91.24,42.0,87.91,CyberGear World,0,0,6,12,1,1,93,8485.32,4579.32,1.7
2025-12-22,prod-4,Mechanical Gaming Keyboard RGB,Gaming & PC,GAME-MGK-004,88.24,42.0,91.83,CyberGear World,0,0,0,12,0,1,100,8824.0,4624.0,1.7
2025-12-23,prod-4,Mechanical Gaming Keyboard RGB,Gaming & PC,GAME-MGK-004,91.56,42.0,93.19,CyberGear World,0,0,1,12,0,1,96,8789.76,4757.76,1.7
2025-12-24,prod-4,Mechanical Gaming Keyboard RGB,Gaming & PC,GAME-MGK-004,90.39,42.0,90.41,CyberGear World,0,0,2,12,0,1,88,7954.32,4258.32,1.7
2025-12-25,prod-4,Mechanical Gaming Keyboard RGB,Gaming & PC,GAME-MGK-004,92.61,42.0,98.19,CyberGear World,0,0,3,12,0,1,91,8427.51,4605.51,1.7
2025-12-26,prod-4,Mechanical Gaming Keyboard RGB,Gaming & PC,GAME-MGK-004,88.0,42.0,90.14,CyberGear World,0,0,4,12,0,1,98,8624.0,4508.0,1.7
2025-12-27,prod-4,Mechanical Gaming Keyboard RGB,Gaming & PC,GAME-MGK-004,93.22,42.0,99.43,CyberGear World,0,0,5,12,1,1,104,9694.88,5326.88,1.7
2025-12-28,prod-4,Mechanical Gaming Keyboard RGB,Gaming & PC,GAME-MGK-004,87.62,42.0,84.44,CyberGear World,0,0,6,12,1,1,107,9375.34,4881.34,1.7
2025-12-29,prod-4,Mechanical Gaming Keyboard RGB,Gaming & PC,GAME-MGK-004,93.69,42.0,96.36,CyberGear World,0,0,0,12,0,1,86,8057.34,4445.34,1.7
2025-12-30,prod-4,Mechanical Gaming Keyboard RGB,Gaming & PC,GAME-MGK-004,93.93,42.0,98.64,CyberGear World,0,0,1,12,0,1,80,7514.4,4154.4,1.7
2025-12-31,prod-4,Mechanical Gaming Keyboard RGB,Gaming & PC,GAME-MGK-004,84.93,42.0,85.75,CyberGear World,0,0,2,12,0,1,94,7983.42,4035.42,1.7
2026-01-01,prod-4,Mechanical Gaming Keyboard RGB,Gaming & PC,GAME-MGK-004,89.47,42.0,96.1,CyberGear World,0,0,3,1,0,1,87,7783.89,4129.89,1.7
2026-01-02,prod-4,Mechanical Gaming Keyboard RGB,Gaming & PC,GAME-MGK-004,85.8,42.0,90.45,CyberGear World,0,0,4,1,0,1,108,9266.4,4730.4,1.7
2026-01-03,prod-4,Mechanical Gaming Keyboard RGB,Gaming & PC,GAME-MGK-004,89.38,42.0,86.07,CyberGear World,0,0,5,1,1,1,100,8938.0,4738.0,1.7
2026-01-04,prod-4,Mechanical Gaming Keyboard RGB,Gaming & PC,GAME-MGK-004,86.64,42.0,92.78,CyberGear World,0,0,6,1,1,1,106,9183.84,4731.84,1.7
2026-01-05,prod-4,Mechanical Gaming Keyboard RGB,Gaming & PC,GAME-MGK-004,92.97,42.0,90.85,CyberGear World,0,0,0,1,0,1,92,8553.24,4689.24,1.7
2026-01-06,prod-4,Mechanical Gaming Keyboard RGB,Gaming & PC,GAME-MGK-004,94.72,42.0,98.62,CyberGear World,0,0,1,1,0,0,67,6346.24,3532.24,1.7
2026-01-07,prod-4,Mechanical Gaming Keyboard RGB,Gaming & PC,GAME-MGK-004,89.55,42.0,93.64,CyberGear World,0,0,2,1,0,0,62,5552.1,2948.1,1.7
2026-01-08,prod-4,Mechanical Gaming Keyboard RGB,Gaming & PC,GAME-MGK-004,94.66,42.0,98.68,CyberGear World,0,0,3,1,0,0,57,5395.62,3001.62,1.7
2026-01-09,prod-4,Mechanical Gaming Keyboard RGB,Gaming & PC,GAME-MGK-004,89.63,42.0,86.54,CyberGear World,0,0,4,1,0,0,73,6542.99,3476.99,1.7
2026-01-10,prod-4,Mechanical Gaming Keyboard RGB,Gaming & PC,GAME-MGK-004,87.97,42.0,90.55,CyberGear World,0,0,5,1,1,0,89,7829.33,4091.33,1.7
2026-01-11,prod-4,Mechanical Gaming Keyboard RGB,Gaming & PC,GAME-MGK-004,88.06,42.0,86.57,CyberGear World,0,0,6,1,1,0,77,6780.62,3546.62,1.7
2026-01-12,prod-4,Mechanical Gaming Keyboard RGB,Gaming & PC,GAME-MGK-004,89.35,42.0,87.04,CyberGear World,0,0,0,1,0,0,67,5986.45,3172.45,1.7
2026-01-13,prod-4,Mechanical Gaming Keyboard RGB,Gaming & PC,GAME-MGK-004,84.76,42.0,87.71,CyberGear World,0,0,1,1,0,0,72,6102.72,3078.72,1.7
2026-01-14,prod-4,Mechanical Gaming Keyboard RGB,Gaming & PC,GAME-MGK-004,88.37,42.0,88.21,CyberGear World,0,0,2,1,0,0,75,6627.75,3477.75,1.7
2026-01-15,prod-4,Mechanical Gaming Keyboard RGB,Gaming & PC,GAME-MGK-004,87.65,42.0,86.72,CyberGear World,10,1,3,1,0,0,88,6941.88,3245.88,1.7
2026-01-16,prod-4,Mechanical Gaming Keyboard RGB,Gaming & PC,GAME-MGK-004,85.14,42.0,82.03,CyberGear World,0,0,4,1,0,0,68,5789.52,2933.52,1.7
2026-01-17,prod-4,Mechanical Gaming Keyboard RGB,Gaming & PC,GAME-MGK-004,88.73,42.0,86.1,CyberGear World,0,0,5,1,1,0,84,7453.32,3925.32,1.7
2026-01-18,prod-4,Mechanical Gaming Keyboard RGB,Gaming & PC,GAME-MGK-004,94.22,42.0,97.57,CyberGear World,0,0,6,1,1,0,71,6689.62,3707.62,1.7
2026-01-19,prod-4,Mechanical Gaming Keyboard RGB,Gaming & PC,GAME-MGK-004,88.43,42.0,88.42,CyberGear World,0,0,0,1,0,0,76,6720.68,3528.68,1.7
2026-01-20,prod-4,Mechanical Gaming Keyboard RGB,Gaming & PC,GAME-MGK-004,93.33,42.0,90.48,CyberGear World,0,0,1,1,0,0,69,6439.77,3541.77,1.7
2026-01-21,prod-4,Mechanical Gaming Keyboard RGB,Gaming & PC,GAME-MGK-004,90.72,42.0,88.1,CyberGear World,0,0,2,1,0,0,72,6531.84,3507.84,1.7
2026-01-22,prod-4,Mechanical Gaming Keyboard RGB,Gaming & PC,GAME-MGK-004,85.64,42.0,85.4,CyberGear World,0,0,3,1,0,0,81,6936.84,3534.84,1.7
2026-01-23,prod-4,Mechanical Gaming Keyboard RGB,Gaming & PC,GAME-MGK-004,89.67,42.0,96.28,CyberGear World,0,0,4,1,0,0,77,6904.59,3670.59,1.7
2026-01-24,prod-4,Mechanical Gaming Keyboard RGB,Gaming & PC,GAME-MGK-004,87.38,42.0,87.7,CyberGear World,0,0,5,1,1,0,90,7864.2,4084.2,1.7
2026-01-25,prod-4,Mechanical Gaming Keyboard RGB,Gaming & PC,GAME-MGK-004,88.16,42.0,93.74,CyberGear World,0,0,6,1,1,0,80,7052.8,3692.8,1.7
2026-01-26,prod-4,Mechanical Gaming Keyboard RGB,Gaming & PC,GAME-MGK-004,85.3,42.0,83.04,CyberGear World,0,0,0,1,0,0,83,7079.9,3593.9,1.7
2026-01-27,prod-4,Mechanical Gaming Keyboard RGB,Gaming & PC,GAME-MGK-004,87.64,42.0,87.8,CyberGear World,0,0,1,1,0,0,73,6397.72,3331.72,1.7
2026-01-28,prod-4,Mechanical Gaming Keyboard RGB,Gaming & PC,GAME-MGK-004,88.97,42.0,93.04,CyberGear World,0,1,2,1,0,0,76,6761.72,3569.72,1.7
2026-01-29,prod-4,Mechanical Gaming Keyboard RGB,Gaming & PC,GAME-MGK-004,90.34,42.0,91.07,CyberGear World,0,0,3,1,0,0,71,6414.14,3432.14,1.7
2026-01-30,prod-4,Mechanical Gaming Keyboard RGB,Gaming & PC,GAME-MGK-004,90.51,42.0,97.47,CyberGear World,0,0,4,1,0,0,66,5973.66,3201.66,1.7
2026-01-31,prod-4,Mechanical Gaming Keyboard RGB,Gaming & PC,GAME-MGK-004,93.38,42.0,96.27,CyberGear World,0,0,5,1,1,0,72,6723.36,3699.36,1.7
2026-02-01,prod-4,Mechanical Gaming Keyboard RGB,Gaming & PC,GAME-MGK-004,93.09,42.0,95.45,CyberGear World,0,0,6,2,1,0,76,7074.84,3882.84,1.7
2026-02-02,prod-4,Mechanical Gaming Keyboard RGB,Gaming & PC,GAME-MGK-004,85.43,42.0,91.56,CyberGear World,0,0,0,2,0,0,76,6492.68,3300.68,1.7
2026-02-03,prod-4,Mechanical Gaming Keyboard RGB,Gaming & PC,GAME-MGK-004,90.99,42.0,92.4,CyberGear World,0,0,1,2,0,0,74,6733.26,3625.26,1.7
2026-02-04,prod-4,Mechanical Gaming Keyboard RGB,Gaming & PC,GAME-MGK-004,86.49,42.0,92.95,CyberGear World,0,1,2,2,0,0,78,6746.22,3470.22,1.7
2026-02-05,prod-4,Mechanical Gaming Keyboard RGB,Gaming & PC,GAME-MGK-004,91.03,42.0,96.34,CyberGear World,0,0,3,2,0,0,71,6463.13,3481.13,1.7
2026-02-06,prod-4,Mechanical Gaming Keyboard RGB,Gaming & PC,GAME-MGK-004,85.25,42.0,84.07,CyberGear World,0,0,4,2,0,0,78,6649.5,3373.5,1.7
2026-02-07,prod-4,Mechanical Gaming Keyboard RGB,Gaming & PC,GAME-MGK-004,92.74,42.0,98.04,CyberGear World,0,0,5,2,1,0,77,7140.98,3906.98,1.7
2026-02-08,prod-4,Mechanical Gaming Keyboard RGB,Gaming & PC,GAME-MGK-004,89.48,42.0,89.03,CyberGear World,0,0,6,2,1,0,78,6979.44,3703.44,1.7
2026-02-09,prod-4,Mechanical Gaming Keyboard RGB,Gaming & PC,GAME-MGK-004,86.81,42.0,92.48,CyberGear World,0,0,0,2,0,0,79,6857.99,3539.99,1.7
2026-02-10,prod-4,Mechanical Gaming Keyboard RGB,Gaming & PC,GAME-MGK-004,91.93,42.0,98.39,CyberGear World,0,0,1,2,0,0,71,6527.03,3545.03,1.7
2026-02-11,prod-4,Mechanical Gaming Keyboard RGB,Gaming & PC,GAME-MGK-004,94.47,42.0,101.92,CyberGear World,0,0,2,2,0,0,66,6235.02,3463.02,1.7
2026-02-12,prod-4,Mechanical Gaming Keyboard RGB,Gaming & PC,GAME-MGK-004,90.1,42.0,95.66,CyberGear World,0,0,3,2,0,0,62,5586.2,2982.2,1.7
2026-02-13,prod-4,Mechanical Gaming Keyboard RGB,Gaming & PC,GAME-MGK-004,94.32,42.0,101.5,CyberGear World,10,1,4,2,0,0,70,5942.16,3002.16,1.7
2026-02-14,prod-4,Mechanical Gaming Keyboard RGB,Gaming & PC,GAME-MGK-004,87.64,42.0,84.46,CyberGear World,0,0,5,2,1,0,83,7274.12,3788.12,1.7
2026-02-15,prod-4,Mechanical Gaming Keyboard RGB,Gaming & PC,GAME-MGK-004,91.34,42.0,95.49,CyberGear World,0,0,6,2,1,0,75,6850.5,3700.5,1.7
2026-02-16,prod-4,Mechanical Gaming Keyboard RGB,Gaming & PC,GAME-MGK-004,86.87,42.0,85.2,CyberGear World,0,0,0,2,0,0,75,6515.25,3365.25,1.7
2026-02-17,prod-4,Mechanical Gaming Keyboard RGB,Gaming & PC,GAME-MGK-004,93.7,42.0,94.0,CyberGear World,0,0,1,2,0,0,62,5809.4,3205.4,1.7
2026-02-18,prod-4,Mechanical Gaming Keyboard RGB,Gaming & PC,GAME-MGK-004,94.02,42.0,91.68,CyberGear World,0,1,2,2,0,0,59,5547.18,3069.18,1.7
2026-02-19,prod-4,Mechanical Gaming Keyboard RGB,Gaming & PC,GAME-MGK-004,94.15,42.0,97.82,CyberGear World,0,0,3,2,0,0,59,5554.85,3076.85,1.7
2026-02-20,prod-4,Mechanical Gaming Keyboard RGB,Gaming & PC,GAME-MGK-004,86.07,42.0,90.95,CyberGear World,0,0,4,2,0,0,82,7057.74,3613.74,1.7
2026-02-21,prod-4,Mechanical Gaming Keyboard RGB,Gaming & PC,GAME-MGK-004,92.1,42.0,98.7,CyberGear World,0,0,5,2,1,0,74,6815.4,3707.4,1.7
2026-02-22,prod-4,Mechanical Gaming Keyboard RGB,Gaming & PC,GAME-MGK-004,89.17,42.0,94.38,CyberGear World,0,0,6,2,1,0,74,6598.58,3490.58,1.7
2026-02-23,prod-4,Mechanical Gaming Keyboard RGB,Gaming & PC,GAME-MGK-004,89.18,42.0,85.69,CyberGear World,0,0,0,2,0,0,75,6688.5,3538.5,1.7
2026-02-24,prod-4,Mechanical Gaming Keyboard RGB,Gaming & PC,GAME-MGK-004,92.28,42.0,91.57,CyberGear World,0,0,1,2,0,0,68,6275.04,3419.04,1.7
2026-02-25,prod-4,Mechanical Gaming Keyboard RGB,Gaming & PC,GAME-MGK-004,84.95,42.0,81.94,CyberGear World,0,0,2,2,0,0,74,6286.3,3178.3,1.7
2026-02-26,prod-4,Mechanical Gaming Keyboard RGB,Gaming & PC,GAME-MGK-004,90.86,42.0,97.71,CyberGear World,10,1,3,2,0,0,81,6623.69,3221.69,1.7
2026-02-27,prod-4,Mechanical Gaming Keyboard RGB,Gaming & PC,GAME-MGK-004,85.44,42.0,91.15,CyberGear World,15,1,4,2,0,0,103,7480.27,3154.27,1.7
2026-02-28,prod-4,Mechanical Gaming Keyboard RGB,Gaming & PC,GAME-MGK-004,91.76,42.0,95.45,CyberGear World,0,0,5,2,1,0,76,6973.76,3781.76,1.7
2026-03-01,prod-4,Mechanical Gaming Keyboard RGB,Gaming & PC,GAME-MGK-004,90.85,42.0,93.9,CyberGear World,0,0,6,3,1,0,77,6995.45,3761.45,1.7
2026-03-02,prod-4,Mechanical Gaming Keyboard RGB,Gaming & PC,GAME-MGK-004,84.71,42.0,85.94,CyberGear World,0,0,0,3,0,0,78,6607.38,3331.38,1.7
2026-03-03,prod-4,Mechanical Gaming Keyboard RGB,Gaming & PC,GAME-MGK-004,88.17,42.0,88.38,CyberGear World,0,0,1,3,0,0,68,5995.56,3139.56,1.7
2026-03-04,prod-4,Mechanical Gaming Keyboard RGB,Gaming & PC,GAME-MGK-004,86.4,42.0,90.15,CyberGear World,0,0,2,3,0,0,71,6134.4,3152.4,1.7
2026-03-05,prod-4,Mechanical Gaming Keyboard RGB,Gaming & PC,GAME-MGK-004,93.07,42.0,92.26,CyberGear World,0,0,3,3,0,0,67,6235.69,3421.69,1.7
2026-03-06,prod-4,Mechanical Gaming Keyboard RGB,Gaming & PC,GAME-MGK-004,90.78,42.0,94.3,CyberGear World,0,0,4,3,0,0,72,6536.16,3512.16,1.7
2026-03-07,prod-4,Mechanical Gaming Keyboard RGB,Gaming & PC,GAME-MGK-004,84.89,42.0,86.43,CyberGear World,0,0,5,3,1,0,77,6536.53,3302.53,1.7
2026-03-08,prod-4,Mechanical Gaming Keyboard RGB,Gaming & PC,GAME-MGK-004,93.05,42.0,92.14,CyberGear World,0,0,6,3,1,0,70,6513.5,3573.5,1.7
2026-03-09,prod-4,Mechanical Gaming Keyboard RGB,Gaming & PC,GAME-MGK-004,87.37,42.0,91.65,CyberGear World,0,0,0,3,0,0,80,6989.6,3629.6,1.7
2026-03-10,prod-4,Mechanical Gaming Keyboard RGB,Gaming & PC,GAME-MGK-004,92.57,42.0,96.19,CyberGear World,0,0,1,3,0,0,61,5646.77,3084.77,1.7
2026-03-11,prod-4,Mechanical Gaming Keyboard RGB,Gaming & PC,GAME-MGK-004,93.04,42.0,91.96,CyberGear World,0,0,2,3,0,0,66,6140.64,3368.64,1.7
2026-03-12,prod-4,Mechanical Gaming Keyboard RGB,Gaming & PC,GAME-MGK-004,84.95,42.0,91.58,CyberGear World,0,0,3,3,0,0,78,6626.1,3350.1,1.7
2026-03-13,prod-4,Mechanical Gaming Keyboard RGB,Gaming & PC,GAME-MGK-004,93.46,42.0,99.12,CyberGear World,0,0,4,3,0,0,64,5981.44,3293.44,1.7
2026-03-14,prod-4,Mechanical Gaming Keyboard RGB,Gaming & PC,GAME-MGK-004,88.73,42.0,92.22,CyberGear World,0,0,5,3,1,0,73,6477.29,3411.29,1.7
2026-03-15,prod-4,Mechanical Gaming Keyboard RGB,Gaming & PC,GAME-MGK-004,90.83,42.0,96.37,CyberGear World,10,1,6,3,1,0,97,7929.46,3855.46,1.7
2026-03-16,prod-4,Mechanical Gaming Keyboard RGB,Gaming & PC,GAME-MGK-004,85.84,42.0,84.13,CyberGear World,0,0,0,3,0,0,72,6180.48,3156.48,1.7
2026-03-17,prod-4,Mechanical Gaming Keyboard RGB,Gaming & PC,GAME-MGK-004,92.65,42.0,97.31,CyberGear World,0,0,1,3,0,0,64,5929.6,3241.6,1.7
2026-03-18,prod-4,Mechanical Gaming Keyboard RGB,Gaming & PC,GAME-MGK-004,92.21,42.0,93.77,CyberGear World,0,0,2,3,0,0,73,6731.33,3665.33,1.7
2026-03-19,prod-4,Mechanical Gaming Keyboard RGB,Gaming & PC,GAME-MGK-004,84.72,42.0,90.76,CyberGear World,0,0,3,3,0,0,80,6777.6,3417.6,1.7
2026-03-20,prod-4,Mechanical Gaming Keyboard RGB,Gaming & PC,GAME-MGK-004,94.98,42.0,98.96,CyberGear World,10,1,4,3,0,0,84,7180.49,3652.49,1.7
2026-03-21,prod-4,Mechanical Gaming Keyboard RGB,Gaming & PC,GAME-MGK-004,89.25,42.0,95.51,CyberGear World,0,0,5,3,1,0,76,6783.0,3591.0,1.7
2026-03-22,prod-4,Mechanical Gaming Keyboard RGB,Gaming & PC,GAME-MGK-004,87.47,42.0,85.0,CyberGear World,0,0,6,3,1,0,80,6997.6,3637.6,1.7
2026-03-23,prod-4,Mechanical Gaming Keyboard RGB,Gaming & PC,GAME-MGK-004,92.94,42.0,97.58,CyberGear World,0,0,0,3,0,0,67,6226.98,3412.98,1.7
2026-03-24,prod-4,Mechanical Gaming Keyboard RGB,Gaming & PC,GAME-MGK-004,86.7,42.0,86.74,CyberGear World,0,0,1,3,0,0,68,5895.6,3039.6,1.7
2026-03-25,prod-4,Mechanical Gaming Keyboard RGB,Gaming & PC,GAME-MGK-004,90.5,42.0,94.19,CyberGear World,0,0,2,3,0,0,61,5520.5,2958.5,1.7
2026-03-26,prod-4,Mechanical Gaming Keyboard RGB,Gaming & PC,GAME-MGK-004,85.65,42.0,83.29,CyberGear World,0,0,3,3,0,0,71,6081.15,3099.15,1.7
2026-03-27,prod-4,Mechanical Gaming Keyboard RGB,Gaming & PC,GAME-MGK-004,87.65,42.0,86.17,CyberGear World,0,1,4,3,0,0,65,5697.25,2967.25,1.7
2026-03-28,prod-4,Mechanical Gaming Keyboard RGB,Gaming & PC,GAME-MGK-004,91.01,42.0,97.13,CyberGear World,0,0,5,3,1,0,78,7098.78,3822.78,1.7
2026-03-29,prod-4,Mechanical Gaming Keyboard RGB,Gaming & PC,GAME-MGK-004,85.91,42.0,92.35,CyberGear World,5,1,6,3,1,0,89,7263.69,3525.69,1.7
2026-03-30,prod-4,Mechanical Gaming Keyboard RGB,Gaming & PC,GAME-MGK-004,92.84,42.0,96.34,CyberGear World,0,0,0,3,0,0,61,5663.24,3101.24,1.7
2026-03-31,prod-4,Mechanical Gaming Keyboard RGB,Gaming & PC,GAME-MGK-004,85.79,42.0,84.26,CyberGear World,0,0,1,3,0,0,78,6691.62,3415.62,1.7
2026-04-01,prod-4,Mechanical Gaming Keyboard RGB,Gaming & PC,GAME-MGK-004,85.41,42.0,86.64,CyberGear World,0,0,2,4,0,0,81,6918.21,3516.21,1.7
2026-04-02,prod-4,Mechanical Gaming Keyboard RGB,Gaming & PC,GAME-MGK-004,92.07,42.0,95.76,CyberGear World,0,0,3,4,0,0,63,5800.41,3154.41,1.7
2026-04-03,prod-4,Mechanical Gaming Keyboard RGB,Gaming & PC,GAME-MGK-004,93.02,42.0,92.39,CyberGear World,15,1,4,4,0,0,83,6562.56,3076.56,1.7
2026-04-04,prod-4,Mechanical Gaming Keyboard RGB,Gaming & PC,GAME-MGK-004,85.24,42.0,91.61,CyberGear World,0,0,5,4,1,0,84,7160.16,3632.16,1.7
2026-04-05,prod-4,Mechanical Gaming Keyboard RGB,Gaming & PC,GAME-MGK-004,89.9,42.0,96.32,CyberGear World,0,0,6,4,1,0,72,6472.8,3448.8,1.7
2026-04-06,prod-4,Mechanical Gaming Keyboard RGB,Gaming & PC,GAME-MGK-004,89.9,42.0,87.86,CyberGear World,0,0,0,4,0,0,65,5843.5,3113.5,1.7
2026-04-07,prod-4,Mechanical Gaming Keyboard RGB,Gaming & PC,GAME-MGK-004,91.54,42.0,97.9,CyberGear World,0,0,1,4,0,0,61,5583.94,3021.94,1.7
2026-04-08,prod-4,Mechanical Gaming Keyboard RGB,Gaming & PC,GAME-MGK-004,85.38,42.0,87.82,CyberGear World,0,0,2,4,0,0,75,6403.5,3253.5,1.7
2026-04-09,prod-4,Mechanical Gaming Keyboard RGB,Gaming & PC,GAME-MGK-004,94.27,42.0,92.18,CyberGear World,0,0,3,4,0,0,71,6693.17,3711.17,1.7
2026-04-10,prod-4,Mechanical Gaming Keyboard RGB,Gaming & PC,GAME-MGK-004,91.77,42.0,91.03,CyberGear World,0,0,4,4,0,0,74,6790.98,3682.98,1.7
2026-04-11,prod-4,Mechanical Gaming Keyboard RGB,Gaming & PC,GAME-MGK-004,90.8,42.0,92.78,CyberGear World,0,0,5,4,1,0,77,6991.6,3757.6,1.7
2026-04-12,prod-4,Mechanical Gaming Keyboard RGB,Gaming & PC,GAME-MGK-004,89.3,42.0,94.77,CyberGear World,0,0,6,4,1,0,84,7501.2,3973.2,1.7
2026-04-13,prod-4,Mechanical Gaming Keyboard RGB,Gaming & PC,GAME-MGK-004,90.42,42.0,86.84,CyberGear World,0,0,0,4,0,0,74,6691.08,3583.08,1.7
2026-04-14,prod-4,Mechanical Gaming Keyboard RGB,Gaming & PC,GAME-MGK-004,89.8,42.0,92.32,CyberGear World,0,0,1,4,0,0,67,6016.6,3202.6,1.7
2026-04-15,prod-4,Mechanical Gaming Keyboard RGB,Gaming & PC,GAME-MGK-004,91.95,42.0,92.69,CyberGear World,0,0,2,4,0,0,74,6804.3,3696.3,1.7
2026-04-16,prod-4,Mechanical Gaming Keyboard RGB,Gaming & PC,GAME-MGK-004,85.57,42.0,87.64,CyberGear World,0,0,3,4,0,0,68,5818.76,2962.76,1.7
2026-04-17,prod-4,Mechanical Gaming Keyboard RGB,Gaming & PC,GAME-MGK-004,89.55,42.0,94.2,CyberGear World,0,0,4,4,0,0,65,5820.75,3090.75,1.7
2026-04-18,prod-4,Mechanical Gaming Keyboard RGB,Gaming & PC,GAME-MGK-004,85.02,42.0,85.54,CyberGear World,0,0,5,4,1,0,90,7651.8,3871.8,1.7
2026-04-19,prod-4,Mechanical Gaming Keyboard RGB,Gaming & PC,GAME-MGK-004,94.27,42.0,97.63,CyberGear World,0,0,6,4,1,0,65,6127.55,3397.55,1.7
2026-04-20,prod-4,Mechanical Gaming Keyboard RGB,Gaming & PC,GAME-MGK-004,91.42,42.0,95.83,CyberGear World,0,0,0,4,0,0,63,5759.46,3113.46,1.7
2026-04-21,prod-4,Mechanical Gaming Keyboard RGB,Gaming & PC,GAME-MGK-004,92.36,42.0,95.24,CyberGear World,0,0,1,4,0,0,59,5449.24,2971.24,1.7
2026-04-22,prod-4,Mechanical Gaming Keyboard RGB,Gaming & PC,GAME-MGK-004,90.43,42.0,90.15,CyberGear World,0,0,2,4,0,0,74,6691.82,3583.82,1.7
2026-04-23,prod-4,Mechanical Gaming Keyboard RGB,Gaming & PC,GAME-MGK-004,89.44,42.0,96.55,CyberGear World,0,1,3,4,0,0,67,5992.48,3178.48,1.7
2026-04-24,prod-4,Mechanical Gaming Keyboard RGB,Gaming & PC,GAME-MGK-004,92.38,42.0,93.18,CyberGear World,0,0,4,4,0,0,69,6374.22,3476.22,1.7
2026-04-25,prod-4,Mechanical Gaming Keyboard RGB,Gaming & PC,GAME-MGK-004,90.24,42.0,96.81,CyberGear World,0,0,5,4,1,0,78,7038.72,3762.72,1.7
2026-04-26,prod-4,Mechanical Gaming Keyboard RGB,Gaming & PC,GAME-MGK-004,92.59,42.0,91.48,CyberGear World,5,1,6,4,1,0,81,7124.8,3722.8,1.7
2026-04-27,prod-4,Mechanical Gaming Keyboard RGB,Gaming & PC,GAME-MGK-004,84.8,42.0,90.64,CyberGear World,0,0,0,4,0,0,72,6105.6,3081.6,1.7
2026-04-28,prod-4,Mechanical Gaming Keyboard RGB,Gaming & PC,GAME-MGK-004,91.6,42.0,88.09,CyberGear World,0,0,1,4,0,0,74,6778.4,3670.4,1.7
2026-04-29,prod-4,Mechanical Gaming Keyboard RGB,Gaming & PC,GAME-MGK-004,93.45,42.0,90.8,CyberGear World,0,0,2,4,0,0,70,6541.5,3601.5,1.7
2026-04-30,prod-4,Mechanical Gaming Keyboard RGB,Gaming & PC,GAME-MGK-004,85.28,42.0,90.23,CyberGear World,5,1,3,4,0,0,74,5995.18,2887.18,1.7
2026-05-01,prod-4,Mechanical Gaming Keyboard RGB,Gaming & PC,GAME-MGK-004,86.78,42.0,86.82,CyberGear World,0,0,4,5,0,0,78,6768.84,3492.84,1.7
2026-05-02,prod-4,Mechanical Gaming Keyboard RGB,Gaming & PC,GAME-MGK-004,88.93,42.0,86.66,CyberGear World,0,0,5,5,1,0,80,7114.4,3754.4,1.7
2026-05-03,prod-4,Mechanical Gaming Keyboard RGB,Gaming & PC,GAME-MGK-004,88.06,42.0,94.73,CyberGear World,0,0,6,5,1,0,72,6340.32,3316.32,1.7
2026-05-04,prod-4,Mechanical Gaming Keyboard RGB,Gaming & PC,GAME-MGK-004,86.46,42.0,83.66,CyberGear World,0,0,0,5,0,0,79,6830.34,3512.34,1.7
2026-05-05,prod-4,Mechanical Gaming Keyboard RGB,Gaming & PC,GAME-MGK-004,86.41,42.0,86.79,CyberGear World,0,0,1,5,0,0,70,6048.7,3108.7,1.7
2026-05-06,prod-4,Mechanical Gaming Keyboard RGB,Gaming & PC,GAME-MGK-004,90.88,42.0,88.7,CyberGear World,0,0,2,5,0,0,71,6452.48,3470.48,1.7
2026-05-07,prod-4,Mechanical Gaming Keyboard RGB,Gaming & PC,GAME-MGK-004,88.65,42.0,86.78,CyberGear World,0,0,3,5,0,0,64,5673.6,2985.6,1.7
2026-05-08,prod-4,Mechanical Gaming Keyboard RGB,Gaming & PC,GAME-MGK-004,84.67,42.0,90.69,CyberGear World,0,0,4,5,0,0,79,6688.93,3370.93,1.7
2026-05-09,prod-4,Mechanical Gaming Keyboard RGB,Gaming & PC,GAME-MGK-004,87.65,42.0,91.44,CyberGear World,0,0,5,5,1,0,81,7099.65,3697.65,1.7
2026-05-10,prod-4,Mechanical Gaming Keyboard RGB,Gaming & PC,GAME-MGK-004,85.96,42.0,84.0,CyberGear World,0,0,6,5,1,0,83,7134.68,3648.68,1.7
2026-05-11,prod-4,Mechanical Gaming Keyboard RGB,Gaming & PC,GAME-MGK-004,87.17,42.0,85.51,CyberGear World,0,0,0,5,0,0,75,6537.75,3387.75,1.7
2026-05-12,prod-4,Mechanical Gaming Keyboard RGB,Gaming & PC,GAME-MGK-004,92.34,42.0,95.43,CyberGear World,10,1,1,5,0,0,77,6399.16,3165.16,1.7
2026-05-13,prod-4,Mechanical Gaming Keyboard RGB,Gaming & PC,GAME-MGK-004,84.64,42.0,83.65,CyberGear World,0,1,2,5,0,0,79,6686.56,3368.56,1.7
2026-05-14,prod-4,Mechanical Gaming Keyboard RGB,Gaming & PC,GAME-MGK-004,93.91,42.0,101.27,CyberGear World,0,0,3,5,0,0,64,6010.24,3322.24,1.7
2026-05-15,prod-4,Mechanical Gaming Keyboard RGB,Gaming & PC,GAME-MGK-004,91.36,42.0,89.99,CyberGear World,0,1,4,5,0,0,73,6669.28,3603.28,1.7
2026-05-16,prod-4,Mechanical Gaming Keyboard RGB,Gaming & PC,GAME-MGK-004,91.99,42.0,99.0,CyberGear World,0,0,5,5,1,0,69,6347.31,3449.31,1.7
2026-05-17,prod-4,Mechanical Gaming Keyboard RGB,Gaming & PC,GAME-MGK-004,91.83,42.0,88.63,CyberGear World,0,0,6,5,1,0,71,6519.93,3537.93,1.7
2026-05-18,prod-4,Mechanical Gaming Keyboard RGB,Gaming & PC,GAME-MGK-004,89.28,42.0,89.29,CyberGear World,0,0,0,5,0,0,75,6696.0,3546.0,1.7
2026-05-19,prod-4,Mechanical Gaming Keyboard RGB,Gaming & PC,GAME-MGK-004,85.06,42.0,89.22,CyberGear World,0,0,1,5,0,0,71,6039.26,3057.26,1.7
2026-05-20,prod-4,Mechanical Gaming Keyboard RGB,Gaming & PC,GAME-MGK-004,93.07,42.0,94.76,CyberGear World,5,1,2,5,0,0,75,6631.24,3481.24,1.7
2026-05-21,prod-4,Mechanical Gaming Keyboard RGB,Gaming & PC,GAME-MGK-004,90.99,42.0,90.91,CyberGear World,0,0,3,5,0,0,71,6460.29,3478.29,1.7
2026-05-22,prod-4,Mechanical Gaming Keyboard RGB,Gaming & PC,GAME-MGK-004,88.11,42.0,92.82,CyberGear World,0,0,4,5,0,0,65,5727.15,2997.15,1.7
2026-05-23,prod-4,Mechanical Gaming Keyboard RGB,Gaming & PC,GAME-MGK-004,92.56,42.0,98.52,CyberGear World,0,0,5,5,1,0,69,6386.64,3488.64,1.7
2026-05-24,prod-4,Mechanical Gaming Keyboard RGB,Gaming & PC,GAME-MGK-004,89.68,42.0,91.31,CyberGear World,0,0,6,5,1,0,72,6456.96,3432.96,1.7
2026-05-25,prod-4,Mechanical Gaming Keyboard RGB,Gaming & PC,GAME-MGK-004,94.61,42.0,95.99,CyberGear World,0,0,0,5,0,0,58,5487.38,3051.38,1.7
2026-05-26,prod-4,Mechanical Gaming Keyboard RGB,Gaming & PC,GAME-MGK-004,92.36,42.0,95.67,CyberGear World,0,0,1,5,0,0,62,5726.32,3122.32,1.7
2026-05-27,prod-4,Mechanical Gaming Keyboard RGB,Gaming & PC,GAME-MGK-004,85.96,42.0,89.66,CyberGear World,5,1,2,5,0,0,74,6042.99,2934.99,1.7
2026-05-28,prod-4,Mechanical Gaming Keyboard RGB,Gaming & PC,GAME-MGK-004,89.62,42.0,90.53,CyberGear World,0,0,3,5,0,0,65,5825.3,3095.3,1.7
2026-05-29,prod-4,Mechanical Gaming Keyboard RGB,Gaming & PC,GAME-MGK-004,87.78,42.0,85.92,CyberGear World,0,0,4,5,0,0,80,7022.4,3662.4,1.7
2026-05-30,prod-4,Mechanical Gaming Keyboard RGB,Gaming & PC,GAME-MGK-004,94.37,42.0,97.14,CyberGear World,0,0,5,5,1,0,67,6322.79,3508.79,1.7
2026-05-31,prod-4,Mechanical Gaming Keyboard RGB,Gaming & PC,GAME-MGK-004,89.04,42.0,91.05,CyberGear World,0,0,6,5,1,0,74,6588.96,3480.96,1.7
2026-06-01,prod-4,Mechanical Gaming Keyboard RGB,Gaming & PC,GAME-MGK-004,89.7,42.0,91.09,CyberGear World,15,1,0,6,0,0,98,7472.01,3356.01,1.7
2026-06-02,prod-4,Mechanical Gaming Keyboard RGB,Gaming & PC,GAME-MGK-004,87.25,42.0,87.19,CyberGear World,0,0,1,6,0,0,80,6980.0,3620.0,1.7
2026-06-03,prod-4,Mechanical Gaming Keyboard RGB,Gaming & PC,GAME-MGK-004,90.98,42.0,88.97,CyberGear World,0,0,2,6,0,0,60,5458.8,2938.8,1.7
2026-06-04,prod-4,Mechanical Gaming Keyboard RGB,Gaming & PC,GAME-MGK-004,95.18,42.0,91.83,CyberGear World,0,0,3,6,0,0,67,6377.06,3563.06,1.7
2026-06-05,prod-4,Mechanical Gaming Keyboard RGB,Gaming & PC,GAME-MGK-004,84.95,42.0,86.97,CyberGear World,0,0,4,6,0,0,82,6965.9,3521.9,1.7
2026-06-06,prod-4,Mechanical Gaming Keyboard RGB,Gaming & PC,GAME-MGK-004,93.46,42.0,94.8,CyberGear World,0,0,5,6,1,0,74,6916.04,3808.04,1.7
2026-06-07,prod-4,Mechanical Gaming Keyboard RGB,Gaming & PC,GAME-MGK-004,84.72,42.0,88.77,CyberGear World,0,0,6,6,1,0,79,6692.88,3374.88,1.7
2026-06-08,prod-4,Mechanical Gaming Keyboard RGB,Gaming & PC,GAME-MGK-004,87.78,42.0,91.09,CyberGear World,15,1,0,6,0,0,100,7461.3,3261.3,1.7
2026-06-09,prod-4,Mechanical Gaming Keyboard RGB,Gaming & PC,GAME-MGK-004,86.34,42.0,87.64,CyberGear World,0,0,1,6,0,0,76,6561.84,3369.84,1.7
2026-06-10,prod-4,Mechanical Gaming Keyboard RGB,Gaming & PC,GAME-MGK-004,95.13,42.0,96.62,CyberGear World,0,0,2,6,0,0,66,6278.58,3506.58,1.7
2026-06-11,prod-4,Mechanical Gaming Keyboard RGB,Gaming & PC,GAME-MGK-004,86.59,42.0,92.18,CyberGear World,0,0,3,6,0,0,78,6754.02,3478.02,1.7
2026-06-12,prod-4,Mechanical Gaming Keyboard RGB,Gaming & PC,GAME-MGK-004,84.61,42.0,87.59,CyberGear World,0,0,4,6,0,0,81,6853.41,3451.41,1.7
2026-06-13,prod-4,Mechanical Gaming Keyboard RGB,Gaming & PC,GAME-MGK-004,90.32,42.0,89.92,CyberGear World,0,0,5,6,1,0,81,7315.92,3913.92,1.7
2026-06-14,prod-4,Mechanical Gaming Keyboard RGB,Gaming & PC,GAME-MGK-004,91.2,42.0,93.85,CyberGear World,0,0,6,6,1,0,80,7296.0,3936.0,1.7
2026-06-15,prod-4,Mechanical Gaming Keyboard RGB,Gaming & PC,GAME-MGK-004,91.29,42.0,91.32,CyberGear World,0,0,0,6,0,0,68,6207.72,3351.72,1.7
2026-06-16,prod-4,Mechanical Gaming Keyboard RGB,Gaming & PC,GAME-MGK-004,94.42,42.0,94.77,CyberGear World,15,1,1,6,0,0,82,6581.07,3137.07,1.7
2026-06-17,prod-4,Mechanical Gaming Keyboard RGB,Gaming & PC,GAME-MGK-004,91.28,42.0,91.63,CyberGear World,0,0,2,6,0,0,69,6298.32,3400.32,1.7
2026-06-18,prod-4,Mechanical Gaming Keyboard RGB,Gaming & PC,GAME-MGK-004,85.31,42.0,89.16,CyberGear World,0,0,3,6,0,0,85,7251.35,3681.35,1.7
2026-06-19,prod-4,Mechanical Gaming Keyboard RGB,Gaming & PC,GAME-MGK-004,87.17,42.0,84.87,CyberGear World,0,0,4,6,0,0,81,7060.77,3658.77,1.7
2026-06-20,prod-4,Mechanical Gaming Keyboard RGB,Gaming & PC,GAME-MGK-004,90.86,42.0,97.68,CyberGear World,0,0,5,6,1,0,81,7359.66,3957.66,1.7
2026-06-21,prod-4,Mechanical Gaming Keyboard RGB,Gaming & PC,GAME-MGK-004,87.03,42.0,87.23,CyberGear World,0,0,6,6,1,0,86,7484.58,3872.58,1.7
2026-06-22,prod-4,Mechanical Gaming Keyboard RGB,Gaming & PC,GAME-MGK-004,87.58,42.0,84.74,CyberGear World,0,0,0,6,0,0,73,6393.34,3327.34,1.7
2026-06-23,prod-4,Mechanical Gaming Keyboard RGB,Gaming & PC,GAME-MGK-004,90.28,42.0,88.0,CyberGear World,0,0,1,6,0,0,72,6500.16,3476.16,1.7
2026-06-24,prod-4,Mechanical Gaming Keyboard RGB,Gaming & PC,GAME-MGK-004,90.34,42.0,89.89,CyberGear World,0,0,2,6,0,0,74,6685.16,3577.16,1.7
2026-06-25,prod-4,Mechanical Gaming Keyboard RGB,Gaming & PC,GAME-MGK-004,94.8,42.0,100.21,CyberGear World,0,0,3,6,0,0,57,5403.6,3009.6,1.7
2026-06-26,prod-4,Mechanical Gaming Keyboard RGB,Gaming & PC,GAME-MGK-004,94.22,42.0,95.63,CyberGear World,5,1,4,6,0,0,67,5997.1,3183.1,1.7
2026-06-27,prod-4,Mechanical Gaming Keyboard RGB,Gaming & PC,GAME-MGK-004,94.92,42.0,92.37,CyberGear World,0,0,5,6,1,0,74,7024.08,3916.08,1.7
2026-06-28,prod-4,Mechanical Gaming Keyboard RGB,Gaming & PC,GAME-MGK-004,89.95,42.0,95.8,CyberGear World,0,0,6,6,1,0,80,7196.0,3836.0,1.7
2026-06-29,prod-4,Mechanical Gaming Keyboard RGB,Gaming & PC,GAME-MGK-004,87.76,42.0,94.46,CyberGear World,0,0,0,6,0,0,66,5792.16,3020.16,1.7
2026-06-30,prod-4,Mechanical Gaming Keyboard RGB,Gaming & PC,GAME-MGK-004,88.33,42.0,89.5,CyberGear World,0,0,1,6,0,0,68,6006.44,3150.44,1.7
2026-07-01,prod-4,Mechanical Gaming Keyboard RGB,Gaming & PC,GAME-MGK-004,85.27,42.0,90.78,CyberGear World,0,0,2,7,0,0,84,7162.68,3634.68,1.7
2026-07-02,prod-4,Mechanical Gaming Keyboard RGB,Gaming & PC,GAME-MGK-004,91.55,42.0,92.41,CyberGear World,0,0,3,7,0,0,70,6408.5,3468.5,1.7
2026-07-03,prod-4,Mechanical Gaming Keyboard RGB,Gaming & PC,GAME-MGK-004,88.11,42.0,90.86,CyberGear World,0,0,4,7,0,0,78,6872.58,3596.58,1.7
2026-07-04,prod-4,Mechanical Gaming Keyboard RGB,Gaming & PC,GAME-MGK-004,89.4,42.0,89.09,CyberGear World,0,0,5,7,1,0,84,7509.6,3981.6,1.7
2026-07-05,prod-4,Mechanical Gaming Keyboard RGB,Gaming & PC,GAME-MGK-004,86.45,42.0,85.69,CyberGear World,0,0,6,7,1,0,93,8039.85,4133.85,1.7
2026-07-06,prod-4,Mechanical Gaming Keyboard RGB,Gaming & PC,GAME-MGK-004,92.9,42.0,89.71,CyberGear World,0,0,0,7,0,0,65,6038.5,3308.5,1.7
2026-07-07,prod-4,Mechanical Gaming Keyboard RGB,Gaming & PC,GAME-MGK-004,86.39,42.0,92.51,CyberGear World,0,0,1,7,0,0,71,6133.69,3151.69,1.7
2026-07-08,prod-4,Mechanical Gaming Keyboard RGB,Gaming & PC,GAME-MGK-004,95.1,42.0,100.87,CyberGear World,0,0,2,7,0,0,66,6276.6,3504.6,1.7
2026-07-09,prod-4,Mechanical Gaming Keyboard RGB,Gaming & PC,GAME-MGK-004,86.25,42.0,85.26,CyberGear World,10,1,3,7,0,0,91,7063.88,3241.88,1.7
2026-07-10,prod-4,Mechanical Gaming Keyboard RGB,Gaming & PC,GAME-MGK-004,89.35,42.0,89.74,CyberGear World,0,0,4,7,0,0,74,6611.9,3503.9,1.7
2026-07-11,prod-4,Mechanical Gaming Keyboard RGB,Gaming & PC,GAME-MGK-004,91.78,42.0,98.88,CyberGear World,0,0,5,7,1,0,74,6791.72,3683.72,1.7
2026-07-12,prod-4,Mechanical Gaming Keyboard RGB,Gaming & PC,GAME-MGK-004,95.12,42.0,97.41,CyberGear World,0,0,6,7,1,0,63,5992.56,3346.56,1.7
2026-07-13,prod-4,Mechanical Gaming Keyboard RGB,Gaming & PC,GAME-MGK-004,94.65,42.0,99.59,CyberGear World,0,0,0,7,0,0,70,6625.5,3685.5,1.7
2026-07-14,prod-4,Mechanical Gaming Keyboard RGB,Gaming & PC,GAME-MGK-004,86.28,42.0,92.87,CyberGear World,0,0,1,7,0,0,75,6471.0,3321.0,1.7
2026-07-15,prod-4,Mechanical Gaming Keyboard RGB,Gaming & PC,GAME-MGK-004,91.58,42.0,91.16,CyberGear World,0,0,2,7,0,0,75,6868.5,3718.5,1.7
2026-07-16,prod-4,Mechanical Gaming Keyboard RGB,Gaming & PC,GAME-MGK-004,92.73,42.0,100.08,CyberGear World,0,0,3,7,0,0,71,6583.83,3601.83,1.7
2026-07-17,prod-4,Mechanical Gaming Keyboard RGB,Gaming & PC,GAME-MGK-004,92.46,42.0,98.99,CyberGear World,0,0,4,7,0,0,60,5547.6,3027.6,1.7
2026-07-18,prod-4,Mechanical Gaming Keyboard RGB,Gaming & PC,GAME-MGK-004,89.76,42.0,86.6,CyberGear World,0,0,5,7,1,0,71,6372.96,3390.96,1.7
2026-07-19,prod-4,Mechanical Gaming Keyboard RGB,Gaming & PC,GAME-MGK-004,84.86,42.0,87.75,CyberGear World,0,0,6,7,1,0,83,7043.38,3557.38,1.7
2026-07-20,prod-4,Mechanical Gaming Keyboard RGB,Gaming & PC,GAME-MGK-004,88.11,42.0,91.02,CyberGear World,0,0,0,7,0,0,73,6432.03,3366.03,1.7
2026-07-21,prod-4,Mechanical Gaming Keyboard RGB,Gaming & PC,GAME-MGK-004,93.03,42.0,97.87,CyberGear World,0,0,1,7,0,0,59,5488.77,3010.77,1.7
2026-07-22,prod-4,Mechanical Gaming Keyboard RGB,Gaming & PC,GAME-MGK-004,93.76,42.0,97.63,CyberGear World,0,0,2,7,0,0,72,6750.72,3726.72,1.7
2026-07-23,prod-4,Mechanical Gaming Keyboard RGB,Gaming & PC,GAME-MGK-004,88.85,42.0,90.53,CyberGear World,0,0,3,7,0,0,71,6308.35,3326.35,1.7
2026-07-24,prod-4,Mechanical Gaming Keyboard RGB,Gaming & PC,GAME-MGK-004,85.2,42.0,88.61,CyberGear World,0,0,4,7,0,0,80,6816.0,3456.0,1.7
2026-07-25,prod-4,Mechanical Gaming Keyboard RGB,Gaming & PC,GAME-MGK-004,89.21,42.0,89.78,CyberGear World,10,1,5,7,1,0,91,7306.3,3484.3,1.7
2026-07-26,prod-4,Mechanical Gaming Keyboard RGB,Gaming & PC,GAME-MGK-004,95.15,42.0,101.33,CyberGear World,15,1,6,7,1,0,99,8006.87,3848.87,1.7
2026-07-27,prod-4,Mechanical Gaming Keyboard RGB,Gaming & PC,GAME-MGK-004,89.08,42.0,90.25,CyberGear World,0,0,0,7,0,0,75,6681.0,3531.0,1.7
2026-07-28,prod-4,Mechanical Gaming Keyboard RGB,Gaming & PC,GAME-MGK-004,94.28,42.0,98.75,CyberGear World,0,0,1,7,0,0,69,6505.32,3607.32,1.7
2026-07-29,prod-4,Mechanical Gaming Keyboard RGB,Gaming & PC,GAME-MGK-004,91.05,42.0,88.98,CyberGear World,0,0,2,7,0,0,76,6919.8,3727.8,1.7
2026-07-30,prod-4,Mechanical Gaming Keyboard RGB,Gaming & PC,GAME-MGK-004,90.26,42.0,90.28,CyberGear World,0,0,3,7,0,0,71,6408.46,3426.46,1.7
2026-07-31,prod-4,Mechanical Gaming Keyboard RGB,Gaming & PC,GAME-MGK-004,88.65,42.0,85.17,CyberGear World,0,0,4,7,0,0,67,5939.55,3125.55,1.7
2026-08-01,prod-4,Mechanical Gaming Keyboard RGB,Gaming & PC,GAME-MGK-004,86.48,42.0,87.82,CyberGear World,0,0,5,8,1,0,92,7956.16,4092.16,1.7
2026-08-02,prod-4,Mechanical Gaming Keyboard RGB,Gaming & PC,GAME-MGK-004,86.74,42.0,91.93,CyberGear World,0,0,6,8,1,0,83,7199.42,3713.42,1.7
2026-08-03,prod-4,Mechanical Gaming Keyboard RGB,Gaming & PC,GAME-MGK-004,93.48,42.0,93.13,CyberGear World,0,0,0,8,0,0,65,6076.2,3346.2,1.7
2026-08-04,prod-4,Mechanical Gaming Keyboard RGB,Gaming & PC,GAME-MGK-004,92.58,42.0,91.37,CyberGear World,0,0,1,8,0,0,61,5647.38,3085.38,1.7
2026-08-05,prod-4,Mechanical Gaming Keyboard RGB,Gaming & PC,GAME-MGK-004,87.83,42.0,91.07,CyberGear World,0,0,2,8,0,0,66,5796.78,3024.78,1.7
2026-08-06,prod-4,Mechanical Gaming Keyboard RGB,Gaming & PC,GAME-MGK-004,91.78,42.0,91.28,CyberGear World,0,0,3,8,0,0,74,6791.72,3683.72,1.7
2026-08-07,prod-4,Mechanical Gaming Keyboard RGB,Gaming & PC,GAME-MGK-004,91.55,42.0,88.2,CyberGear World,0,0,4,8,0,0,67,6133.85,3319.85,1.7
2026-08-08,prod-4,Mechanical Gaming Keyboard RGB,Gaming & PC,GAME-MGK-004,95.07,42.0,98.1,CyberGear World,0,0,5,8,1,0,71,6749.97,3767.97,1.7
2026-08-09,prod-4,Mechanical Gaming Keyboard RGB,Gaming & PC,GAME-MGK-004,89.3,42.0,88.49,CyberGear World,0,0,6,8,1,0,88,7858.4,4162.4,1.7
2026-08-10,prod-4,Mechanical Gaming Keyboard RGB,Gaming & PC,GAME-MGK-004,93.43,42.0,93.88,CyberGear World,0,0,0,8,0,0,58,5418.94,2982.94,1.7
2026-08-11,prod-4,Mechanical Gaming Keyboard RGB,Gaming & PC,GAME-MGK-004,87.39,42.0,89.99,CyberGear World,0,0,1,8,0,0,72,6292.08,3268.08,1.7
2026-08-12,prod-4,Mechanical Gaming Keyboard RGB,Gaming & PC,GAME-MGK-004,92.08,42.0,92.35,CyberGear World,10,1,2,8,0,0,78,6464.02,3188.02,1.7
2026-08-13,prod-4,Mechanical Gaming Keyboard RGB,Gaming & PC,GAME-MGK-004,94.44,42.0,94.7,CyberGear World,0,0,3,8,0,0,64,6044.16,3356.16,1.7
2026-08-14,prod-4,Mechanical Gaming Keyboard RGB,Gaming & PC,GAME-MGK-004,94.7,42.0,96.75,CyberGear World,0,0,4,8,0,0,59,5587.3,3109.3,1.7
2026-08-15,prod-4,Mechanical Gaming Keyboard RGB,Gaming & PC,GAME-MGK-004,85.61,42.0,89.92,CyberGear World,0,0,5,8,1,0,92,7876.12,4012.12,1.7
2026-08-16,prod-4,Mechanical Gaming Keyboard RGB,Gaming & PC,GAME-MGK-004,93.52,42.0,97.47,CyberGear World,0,0,6,8,1,0,76,7107.52,3915.52,1.7
2026-08-17,prod-4,Mechanical Gaming Keyboard RGB,Gaming & PC,GAME-MGK-004,92.02,42.0,89.4,CyberGear World,0,0,0,8,0,0,72,6625.44,3601.44,1.7
2025-08-18,prod-5,Ultra-Wide 4K Monitor 34-inch,Display & PC,ELEC-UWM-005,470.76,310.0,481.2,VisionMarket,0,0,0,8,0,0,11,5178.36,1768.36,1.1
2025-08-19,prod-5,Ultra-Wide 4K Monitor 34-inch,Display & PC,ELEC-UWM-005,490.41,310.0,524.39,VisionMarket,5,1,1,8,0,0,11,5124.78,1714.78,1.1
2025-08-20,prod-5,Ultra-Wide 4K Monitor 34-inch,Display & PC,ELEC-UWM-005,519.88,310.0,548.69,VisionMarket,0,0,2,8,0,0,10,5198.8,2098.8,1.1
2025-08-21,prod-5,Ultra-Wide 4K Monitor 34-inch,Display & PC,ELEC-UWM-005,527.14,310.0,559.57,VisionMarket,0,0,3,8,0,0,10,5271.4,2171.4,1.1
2025-08-22,prod-5,Ultra-Wide 4K Monitor 34-inch,Display & PC,ELEC-UWM-005,518.14,310.0,523.36,VisionMarket,0,0,4,8,0,0,9,4663.26,1873.26,1.1
2025-08-23,prod-5,Ultra-Wide 4K Monitor 34-inch,Display & PC,ELEC-UWM-005,477.86,310.0,459.74,VisionMarket,0,0,5,8,1,0,12,5734.32,2014.32,1.1
2025-08-24,prod-5,Ultra-Wide 4K Monitor 34-inch,Display & PC,ELEC-UWM-005,478.33,310.0,484.56,VisionMarket,0,0,6,8,1,0,12,5739.96,2019.96,1.1
2025-08-25,prod-5,Ultra-Wide 4K Monitor 34-inch,Display & PC,ELEC-UWM-005,528.2,310.0,517.99,VisionMarket,0,0,0,8,0,0,10,5282.0,2182.0,1.1
2025-08-26,prod-5,Ultra-Wide 4K Monitor 34-inch,Display & PC,ELEC-UWM-005,477.11,310.0,465.39,VisionMarket,0,0,1,8,0,0,11,5248.21,1838.21,1.1
2025-08-27,prod-5,Ultra-Wide 4K Monitor 34-inch,Display & PC,ELEC-UWM-005,488.44,310.0,481.2,VisionMarket,0,0,2,8,0,0,10,4884.4,1784.4,1.1
2025-08-28,prod-5,Ultra-Wide 4K Monitor 34-inch,Display & PC,ELEC-UWM-005,515.77,310.0,502.05,VisionMarket,15,1,3,8,0,0,12,5260.85,1540.85,1.1
2025-08-29,prod-5,Ultra-Wide 4K Monitor 34-inch,Display & PC,ELEC-UWM-005,472.54,310.0,459.75,VisionMarket,0,0,4,8,0,0,11,5197.94,1787.94,1.1
2025-08-30,prod-5,Ultra-Wide 4K Monitor 34-inch,Display & PC,ELEC-UWM-005,473.55,310.0,461.37,VisionMarket,0,0,5,8,1,0,11,5209.05,1799.05,1.1
2025-08-31,prod-5,Ultra-Wide 4K Monitor 34-inch,Display & PC,ELEC-UWM-005,510.04,310.0,535.82,VisionMarket,0,0,6,8,1,0,12,6120.48,2400.48,1.1
2025-09-01,prod-5,Ultra-Wide 4K Monitor 34-inch,Display & PC,ELEC-UWM-005,482.31,310.0,515.18,VisionMarket,0,0,0,9,0,0,10,4823.1,1723.1,1.1
2025-09-02,prod-5,Ultra-Wide 4K Monitor 34-inch,Display & PC,ELEC-UWM-005,475.44,310.0,504.68,VisionMarket,0,0,1,9,0,0,12,5705.28,1985.28,1.1
2025-09-03,prod-5,Ultra-Wide 4K Monitor 34-inch,Display & PC,ELEC-UWM-005,490.86,310.0,480.68,VisionMarket,0,0,2,9,0,0,11,5399.46,1989.46,1.1
2025-09-04,prod-5,Ultra-Wide 4K Monitor 34-inch,Display & PC,ELEC-UWM-005,484.5,310.0,498.27,VisionMarket,0,1,3,9,0,0,10,4845.0,1745.0,1.1
2025-09-05,prod-5,Ultra-Wide 4K Monitor 34-inch,Display & PC,ELEC-UWM-005,512.94,310.0,551.78,VisionMarket,0,0,4,9,0,0,10,5129.4,2029.4,1.1
2025-09-06,prod-5,Ultra-Wide 4K Monitor 34-inch,Display & PC,ELEC-UWM-005,470.25,310.0,492.37,VisionMarket,0,0,5,9,1,0,13,6113.25,2083.25,1.1
2025-09-07,prod-5,Ultra-Wide 4K Monitor 34-inch,Display & PC,ELEC-UWM-005,521.07,310.0,529.91,VisionMarket,0,0,6,9,1,0,10,5210.7,2110.7,1.1
2025-09-08,prod-5,Ultra-Wide 4K Monitor 34-inch,Display & PC,ELEC-UWM-005,510.4,310.0,496.56,VisionMarket,0,0,0,9,0,0,11,5614.4,2204.4,1.1
2025-09-09,prod-5,Ultra-Wide 4K Monitor 34-inch,Display & PC,ELEC-UWM-005,495.44,310.0,506.2,VisionMarket,0,0,1,9,0,0,11,5449.84,2039.84,1.1
2025-09-10,prod-5,Ultra-Wide 4K Monitor 34-inch,Display & PC,ELEC-UWM-005,488.85,310.0,496.63,VisionMarket,0,0,2,9,0,0,10,4888.5,1788.5,1.1
2025-09-11,prod-5,Ultra-Wide 4K Monitor 34-inch,Display & PC,ELEC-UWM-005,491.67,310.0,489.01,VisionMarket,0,0,3,9,0,0,9,4425.03,1635.03,1.1
2025-09-12,prod-5,Ultra-Wide 4K Monitor 34-inch,Display & PC,ELEC-UWM-005,499.61,310.0,502.69,VisionMarket,0,0,4,9,0,0,10,4996.1,1896.1,1.1
2025-09-13,prod-5,Ultra-Wide 4K Monitor 34-inch,Display & PC,ELEC-UWM-005,511.21,310.0,542.36,VisionMarket,0,0,5,9,1,0,11,5623.31,2213.31,1.1
2025-09-14,prod-5,Ultra-Wide 4K Monitor 34-inch,Display & PC,ELEC-UWM-005,529.09,310.0,535.1,VisionMarket,0,0,6,9,1,0,11,5819.99,2409.99,1.1
2025-09-15,prod-5,Ultra-Wide 4K Monitor 34-inch,Display & PC,ELEC-UWM-005,518.14,310.0,555.8,VisionMarket,0,0,0,9,0,0,8,4145.12,1665.12,1.1
2025-09-16,prod-5,Ultra-Wide 4K Monitor 34-inch,Display & PC,ELEC-UWM-005,510.44,310.0,531.19,VisionMarket,0,0,1,9,0,0,10,5104.4,2004.4,1.1
2025-09-17,prod-5,Ultra-Wide 4K Monitor 34-inch,Display & PC,ELEC-UWM-005,510.58,310.0,497.46,VisionMarket,0,0,2,9,0,0,10,5105.8,2005.8,1.1
2025-09-18,prod-5,Ultra-Wide 4K Monitor 34-inch,Display & PC,ELEC-UWM-005,528.64,310.0,554.53,VisionMarket,0,0,3,9,0,0,8,4229.12,1749.12,1.1
2025-09-19,prod-5,Ultra-Wide 4K Monitor 34-inch,Display & PC,ELEC-UWM-005,491.81,310.0,483.89,VisionMarket,0,0,4,9,0,0,11,5409.91,1999.91,1.1
2025-09-20,prod-5,Ultra-Wide 4K Monitor 34-inch,Display & PC,ELEC-UWM-005,494.25,310.0,488.29,VisionMarket,0,0,5,9,1,0,11,5436.75,2026.75,1.1
2025-09-21,prod-5,Ultra-Wide 4K Monitor 34-inch,Display & PC,ELEC-UWM-005,515.88,310.0,542.66,VisionMarket,0,0,6,9,1,0,11,5674.68,2264.68,1.1
2025-09-22,prod-5,Ultra-Wide 4K Monitor 34-inch,Display & PC,ELEC-UWM-005,518.05,310.0,555.96,VisionMarket,0,0,0,9,0,0,10,5180.5,2080.5,1.1
2025-09-23,prod-5,Ultra-Wide 4K Monitor 34-inch,Display & PC,ELEC-UWM-005,527.0,310.0,568.37,VisionMarket,0,0,1,9,0,0,8,4216.0,1736.0,1.1
2025-09-24,prod-5,Ultra-Wide 4K Monitor 34-inch,Display & PC,ELEC-UWM-005,497.27,310.0,484.67,VisionMarket,0,0,2,9,0,0,9,4475.43,1685.43,1.1
2025-09-25,prod-5,Ultra-Wide 4K Monitor 34-inch,Display & PC,ELEC-UWM-005,526.53,310.0,507.35,VisionMarket,0,0,3,9,0,0,10,5265.3,2165.3,1.1
2025-09-26,prod-5,Ultra-Wide 4K Monitor 34-inch,Display & PC,ELEC-UWM-005,499.88,310.0,481.49,VisionMarket,0,0,4,9,0,0,10,4998.8,1898.8,1.1
2025-09-27,prod-5,Ultra-Wide 4K Monitor 34-inch,Display & PC,ELEC-UWM-005,489.61,310.0,487.81,VisionMarket,0,0,5,9,1,0,12,5875.32,2155.32,1.1
2025-09-28,prod-5,Ultra-Wide 4K Monitor 34-inch,Display & PC,ELEC-UWM-005,509.65,310.0,521.06,VisionMarket,0,0,6,9,1,0,11,5606.15,2196.15,1.1
2025-09-29,prod-5,Ultra-Wide 4K Monitor 34-inch,Display & PC,ELEC-UWM-005,487.6,310.0,497.23,VisionMarket,0,0,0,9,0,0,10,4876.0,1776.0,1.1
2025-09-30,prod-5,Ultra-Wide 4K Monitor 34-inch,Display & PC,ELEC-UWM-005,518.56,310.0,531.45,VisionMarket,0,1,1,9,0,0,11,5704.16,2294.16,1.1
2025-10-01,prod-5,Ultra-Wide 4K Monitor 34-inch,Display & PC,ELEC-UWM-005,522.8,310.0,509.36,VisionMarket,0,0,2,10,0,0,10,5228.0,2128.0,1.1
2025-10-02,prod-5,Ultra-Wide 4K Monitor 34-inch,Display & PC,ELEC-UWM-005,496.54,310.0,478.82,VisionMarket,0,0,3,10,0,0,10,4965.4,1865.4,1.1
2025-10-03,prod-5,Ultra-Wide 4K Monitor 34-inch,Display & PC,ELEC-UWM-005,516.75,310.0,550.94,VisionMarket,0,0,4,10,0,0,9,4650.75,1860.75,1.1
2025-10-04,prod-5,Ultra-Wide 4K Monitor 34-inch,Display & PC,ELEC-UWM-005,488.74,310.0,492.01,VisionMarket,0,0,5,10,1,0,12,5864.88,2144.88,1.1
2025-10-05,prod-5,Ultra-Wide 4K Monitor 34-inch,Display & PC,ELEC-UWM-005,499.42,310.0,512.63,VisionMarket,0,0,6,10,1,0,11,5493.62,2083.62,1.1
2025-10-06,prod-5,Ultra-Wide 4K Monitor 34-inch,Display & PC,ELEC-UWM-005,503.73,310.0,493.03,VisionMarket,10,1,0,10,0,0,11,4986.93,1576.93,1.1
2025-10-07,prod-5,Ultra-Wide 4K Monitor 34-inch,Display & PC,ELEC-UWM-005,528.24,310.0,546.22,VisionMarket,0,0,1,10,0,0,10,5282.4,2182.4,1.1
2025-10-08,prod-5,Ultra-Wide 4K Monitor 34-inch,Display & PC,ELEC-UWM-005,489.22,310.0,471.3,VisionMarket,10,1,2,10,0,0,11,4843.28,1433.28,1.1
2025-10-09,prod-5,Ultra-Wide 4K Monitor 34-inch,Display & PC,ELEC-UWM-005,514.51,310.0,495.59,VisionMarket,0,0,3,10,0,0,9,4630.59,1840.59,1.1
2025-10-10,prod-5,Ultra-Wide 4K Monitor 34-inch,Display & PC,ELEC-UWM-005,475.83,310.0,476.5,VisionMarket,0,0,4,10,0,0,10,4758.3,1658.3,1.1
2025-10-11,prod-5,Ultra-Wide 4K Monitor 34-inch,Display & PC,ELEC-UWM-005,509.66,310.0,504.42,VisionMarket,0,0,5,10,1,0,11,5606.26,2196.26,1.1
2025-10-12,prod-5,Ultra-Wide 4K Monitor 34-inch,Display & PC,ELEC-UWM-005,524.61,310.0,507.75,VisionMarket,0,0,6,10,1,0,10,5246.1,2146.1,1.1
2025-10-13,prod-5,Ultra-Wide 4K Monitor 34-inch,Display & PC,ELEC-UWM-005,471.17,310.0,470.76,VisionMarket,0,0,0,10,0,0,11,5182.87,1772.87,1.1
2025-10-14,prod-5,Ultra-Wide 4K Monitor 34-inch,Display & PC,ELEC-UWM-005,504.07,310.0,538.43,VisionMarket,0,0,1,10,0,0,10,5040.7,1940.7,1.1
2025-10-15,prod-5,Ultra-Wide 4K Monitor 34-inch,Display & PC,ELEC-UWM-005,505.27,310.0,544.83,VisionMarket,0,0,2,10,0,0,9,4547.43,1757.43,1.1
2025-10-16,prod-5,Ultra-Wide 4K Monitor 34-inch,Display & PC,ELEC-UWM-005,504.34,310.0,533.09,VisionMarket,5,1,3,10,0,0,10,4791.23,1691.23,1.1
2025-10-17,prod-5,Ultra-Wide 4K Monitor 34-inch,Display & PC,ELEC-UWM-005,500.16,310.0,526.06,VisionMarket,0,0,4,10,0,0,10,5001.6,1901.6,1.1
2025-10-18,prod-5,Ultra-Wide 4K Monitor 34-inch,Display & PC,ELEC-UWM-005,491.79,310.0,497.85,VisionMarket,0,0,5,10,1,0,12,5901.48,2181.48,1.1
2025-10-19,prod-5,Ultra-Wide 4K Monitor 34-inch,Display & PC,ELEC-UWM-005,517.22,310.0,548.69,VisionMarket,0,0,6,10,1,0,10,5172.2,2072.2,1.1
2025-10-20,prod-5,Ultra-Wide 4K Monitor 34-inch,Display & PC,ELEC-UWM-005,472.84,310.0,510.45,VisionMarket,0,0,0,10,0,0,10,4728.4,1628.4,1.1
2025-10-21,prod-5,Ultra-Wide 4K Monitor 34-inch,Display & PC,ELEC-UWM-005,514.56,310.0,499.66,VisionMarket,0,0,1,10,0,0,9,4631.04,1841.04,1.1
2025-10-22,prod-5,Ultra-Wide 4K Monitor 34-inch,Display & PC,ELEC-UWM-005,490.2,310.0,474.55,VisionMarket,0,0,2,10,0,0,10,4902.0,1802.0,1.1
2025-10-23,prod-5,Ultra-Wide 4K Monitor 34-inch,Display & PC,ELEC-UWM-005,482.57,310.0,509.34,VisionMarket,0,0,3,10,0,0,10,4825.7,1725.7,1.1
2025-10-24,prod-5,Ultra-Wide 4K Monitor 34-inch,Display & PC,ELEC-UWM-005,518.24,310.0,524.43,VisionMarket,0,0,4,10,0,0,9,4664.16,1874.16,1.1
2025-10-25,prod-5,Ultra-Wide 4K Monitor 34-inch,Display & PC,ELEC-UWM-005,494.13,310.0,511.42,VisionMarket,0,0,5,10,1,0,12,5929.56,2209.56,1.1
2025-10-26,prod-5,Ultra-Wide 4K Monitor 34-inch,Display & PC,ELEC-UWM-005,480.83,310.0,462.67,VisionMarket,0,0,6,10,1,0,13,6250.79,2220.79,1.1
2025-10-27,prod-5,Ultra-Wide 4K Monitor 34-inch,Display & PC,ELEC-UWM-005,504.6,310.0,497.31,VisionMarket,0,0,0,10,0,0,10,5046.0,1946.0,1.1
2025-10-28,prod-5,Ultra-Wide 4K Monitor 34-inch,Display & PC,ELEC-UWM-005,498.03,310.0,534.12,VisionMarket,0,0,1,10,0,0,10,4980.3,1880.3,1.1
2025-10-29,prod-5,Ultra-Wide 4K Monitor 34-inch,Display & PC,ELEC-UWM-005,516.14,310.0,522.36,VisionMarket,0,0,2,10,0,0,10,5161.4,2061.4,1.1
2025-10-30,prod-5,Ultra-Wide 4K Monitor 34-inch,Display & PC,ELEC-UWM-005,501.33,310.0,503.19,VisionMarket,0,0,3,10,0,0,9,4511.97,1721.97,1.1
2025-10-31,prod-5,Ultra-Wide 4K Monitor 34-inch,Display & PC,ELEC-UWM-005,511.11,310.0,509.08,VisionMarket,0,0,4,10,0,0,9,4599.99,1809.99,1.1
2025-11-01,prod-5,Ultra-Wide 4K Monitor 34-inch,Display & PC,ELEC-UWM-005,519.8,310.0,503.03,VisionMarket,0,0,5,11,1,0,10,5198.0,2098.0,1.1
2025-11-02,prod-5,Ultra-Wide 4K Monitor 34-inch,Display & PC,ELEC-UWM-005,519.41,310.0,538.9,VisionMarket,0,0,6,11,1,0,11,5713.51,2303.51,1.1
2025-11-03,prod-5,Ultra-Wide 4K Monitor 34-inch,Display & PC,ELEC-UWM-005,494.34,310.0,481.3,VisionMarket,0,0,0,11,0,0,9,4449.06,1659.06,1.1
2025-11-04,prod-5,Ultra-Wide 4K Monitor 34-inch,Display & PC,ELEC-UWM-005,519.62,310.0,527.78,VisionMarket,0,0,1,11,0,0,9,4676.58,1886.58,1.1
2025-11-05,prod-5,Ultra-Wide 4K Monitor 34-inch,Display & PC,ELEC-UWM-005,508.81,310.0,490.72,VisionMarket,0,0,2,11,0,0,9,4579.29,1789.29,1.1
2025-11-06,prod-5,Ultra-Wide 4K Monitor 34-inch,Display & PC,ELEC-UWM-005,485.49,310.0,512.88,VisionMarket,0,0,3,11,0,0,9,4369.41,1579.41,1.1
2025-11-07,prod-5,Ultra-Wide 4K Monitor 34-inch,Display & PC,ELEC-UWM-005,521.14,310.0,560.57,VisionMarket,0,0,4,11,0,0,8,4169.12,1689.12,1.1
2025-11-08,prod-5,Ultra-Wide 4K Monitor 34-inch,Display & PC,ELEC-UWM-005,521.56,310.0,505.95,VisionMarket,0,0,5,11,1,0,12,6258.72,2538.72,1.1
2025-11-09,prod-5,Ultra-Wide 4K Monitor 34-inch,Display & PC,ELEC-UWM-005,524.02,310.0,528.65,VisionMarket,0,0,6,11,1,0,11,5764.22,2354.22,1.1
2025-11-10,prod-5,Ultra-Wide 4K Monitor 34-inch,Display & PC,ELEC-UWM-005,475.41,310.0,510.2,VisionMarket,0,0,0,11,0,0,9,4278.69,1488.69,1.1
2025-11-11,prod-5,Ultra-Wide 4K Monitor 34-inch,Display & PC,ELEC-UWM-005,476.71,310.0,499.66,VisionMarket,0,0,1,11,0,0,10,4767.1,1667.1,1.1
2025-11-12,prod-5,Ultra-Wide 4K Monitor 34-inch,Display & PC,ELEC-UWM-005,519.73,310.0,558.17,VisionMarket,0,0,2,11,0,0,9,4677.57,1887.57,1.1
2025-11-13,prod-5,Ultra-Wide 4K Monitor 34-inch,Display & PC,ELEC-UWM-005,523.06,310.0,517.08,VisionMarket,0,0,3,11,0,0,10,5230.6,2130.6,1.1
2025-11-14,prod-5,Ultra-Wide 4K Monitor 34-inch,Display & PC,ELEC-UWM-005,489.75,310.0,504.5,VisionMarket,0,0,4,11,0,0,11,5387.25,1977.25,1.1
2025-11-15,prod-5,Ultra-Wide 4K Monitor 34-inch,Display & PC,ELEC-UWM-005,484.15,310.0,489.35,VisionMarket,0,0,5,11,1,0,11,5325.65,1915.65,1.1
2025-11-16,prod-5,Ultra-Wide 4K Monitor 34-inch,Display & PC,ELEC-UWM-005,528.18,310.0,534.91,VisionMarket,0,0,6,11,1,0,11,5809.98,2399.98,1.1
2025-11-17,prod-5,Ultra-Wide 4K Monitor 34-inch,Display & PC,ELEC-UWM-005,499.41,310.0,501.89,VisionMarket,0,0,0,11,0,0,9,4494.69,1704.69,1.1
2025-11-18,prod-5,Ultra-Wide 4K Monitor 34-inch,Display & PC,ELEC-UWM-005,495.42,310.0,516.19,VisionMarket,0,0,1,11,0,0,11,5449.62,2039.62,1.1
2025-11-19,prod-5,Ultra-Wide 4K Monitor 34-inch,Display & PC,ELEC-UWM-005,526.21,310.0,528.08,VisionMarket,0,0,2,11,0,0,10,5262.1,2162.1,1.1
2025-11-20,prod-5,Ultra-Wide 4K Monitor 34-inch,Display & PC,ELEC-UWM-005,471.26,310.0,507.08,VisionMarket,0,0,3,11,0,1,15,7068.9,2418.9,1.1
2025-11-21,prod-5,Ultra-Wide 4K Monitor 34-inch,Display & PC,ELEC-UWM-005,509.72,310.0,546.88,VisionMarket,0,0,4,11,0,1,14,7136.08,2796.08,1.1
2025-11-22,prod-5,Ultra-Wide 4K Monitor 34-inch,Display & PC,ELEC-UWM-005,484.37,310.0,497.12,VisionMarket,0,0,5,11,1,1,16,7749.92,2789.92,1.1
2025-11-23,prod-5,Ultra-Wide 4K Monitor 34-inch,Display & PC,ELEC-UWM-005,491.76,310.0,520.02,VisionMarket,0,0,6,11,1,1,16,7868.16,2908.16,1.1
2025-11-24,prod-5,Ultra-Wide 4K Monitor 34-inch,Display & PC,ELEC-UWM-005,521.45,310.0,524.9,VisionMarket,0,0,0,11,0,1,12,6257.4,2537.4,1.1
2025-11-25,prod-5,Ultra-Wide 4K Monitor 34-inch,Display & PC,ELEC-UWM-005,528.67,310.0,523.73,VisionMarket,5,1,1,11,0,1,12,6026.84,2306.84,1.1
2025-11-26,prod-5,Ultra-Wide 4K Monitor 34-inch,Display & PC,ELEC-UWM-005,521.55,310.0,510.72,VisionMarket,0,0,2,11,0,1,12,6258.6,2538.6,1.1
2025-11-27,prod-5,Ultra-Wide 4K Monitor 34-inch,Display & PC,ELEC-UWM-005,518.72,310.0,538.08,VisionMarket,0,0,3,11,0,1,12,6224.64,2504.64,1.1
2025-11-28,prod-5,Ultra-Wide 4K Monitor 34-inch,Display & PC,ELEC-UWM-005,474.8,310.0,500.22,VisionMarket,0,0,4,11,0,1,15,7122.0,2472.0,1.1
2025-11-29,prod-5,Ultra-Wide 4K Monitor 34-inch,Display & PC,ELEC-UWM-005,525.58,310.0,525.54,VisionMarket,0,0,5,11,1,1,15,7883.7,3233.7,1.1
2025-11-30,prod-5,Ultra-Wide 4K Monitor 34-inch,Display & PC,ELEC-UWM-005,476.01,310.0,466.13,VisionMarket,0,0,6,11,1,1,13,6188.13,2158.13,1.1
2025-12-01,prod-5,Ultra-Wide 4K Monitor 34-inch,Display & PC,ELEC-UWM-005,495.24,310.0,518.77,VisionMarket,0,0,0,12,0,0,10,4952.4,1852.4,1.1
2025-12-02,prod-5,Ultra-Wide 4K Monitor 34-inch,Display & PC,ELEC-UWM-005,511.7,310.0,538.02,VisionMarket,0,0,1,12,0,0,9,4605.3,1815.3,1.1
2025-12-03,prod-5,Ultra-Wide 4K Monitor 34-inch,Display & PC,ELEC-UWM-005,496.59,310.0,514.93,VisionMarket,5,1,2,12,0,0,11,5189.37,1779.37,1.1
2025-12-04,prod-5,Ultra-Wide 4K Monitor 34-inch,Display & PC,ELEC-UWM-005,488.81,310.0,474.08,VisionMarket,0,0,3,12,0,0,10,4888.1,1788.1,1.1
2025-12-05,prod-5,Ultra-Wide 4K Monitor 34-inch,Display & PC,ELEC-UWM-005,528.17,310.0,559.69,VisionMarket,0,0,4,12,0,0,10,5281.7,2181.7,1.1
2025-12-06,prod-5,Ultra-Wide 4K Monitor 34-inch,Display & PC,ELEC-UWM-005,511.13,310.0,539.3,VisionMarket,0,0,5,12,1,0,11,5622.43,2212.43,1.1
2025-12-07,prod-5,Ultra-Wide 4K Monitor 34-inch,Display & PC,ELEC-UWM-005,514.1,310.0,509.62,VisionMarket,0,0,6,12,1,0,12,6169.2,2449.2,1.1
2025-12-08,prod-5,Ultra-Wide 4K Monitor 34-inch,Display & PC,ELEC-UWM-005,517.96,310.0,509.59,VisionMarket,0,0,0,12,0,0,9,4661.64,1871.64,1.1
2025-12-09,prod-5,Ultra-Wide 4K Monitor 34-inch,Display & PC,ELEC-UWM-005,522.57,310.0,560.91,VisionMarket,0,0,1,12,0,0,9,4703.13,1913.13,1.1
2025-12-10,prod-5,Ultra-Wide 4K Monitor 34-inch,Display & PC,ELEC-UWM-005,526.88,310.0,564.17,VisionMarket,0,0,2,12,0,0,10,5268.8,2168.8,1.1
2025-12-11,prod-5,Ultra-Wide 4K Monitor 34-inch,Display & PC,ELEC-UWM-005,524.4,310.0,564.72,VisionMarket,0,0,3,12,0,0,10,5244.0,2144.0,1.1
2025-12-12,prod-5,Ultra-Wide 4K Monitor 34-inch,Display & PC,ELEC-UWM-005,480.12,310.0,484.02,VisionMarket,0,0,4,12,0,0,10,4801.2,1701.2,1.1
2025-12-13,prod-5,Ultra-Wide 4K Monitor 34-inch,Display & PC,ELEC-UWM-005,475.33,310.0,477.3,VisionMarket,0,0,5,12,1,0,11,5228.63,1818.63,1.1
2025-12-14,prod-5,Ultra-Wide 4K Monitor 34-inch,Display & PC,ELEC-UWM-005,513.1,310.0,519.37,VisionMarket,0,0,6,12,1,0,11,5644.1,2234.1,1.1
2025-12-15,prod-5,Ultra-Wide 4K Monitor 34-inch,Display & PC,ELEC-UWM-005,510.41,310.0,497.25,VisionMarket,0,0,0,12,0,1,12,6124.92,2404.92,1.1
2025-12-16,prod-5,Ultra-Wide 4K Monitor 34-inch,Display & PC,ELEC-UWM-005,521.71,310.0,549.81,VisionMarket,0,0,1,12,0,1,12,6260.52,2540.52,1.1
2025-12-17,prod-5,Ultra-Wide 4K Monitor 34-inch,Display & PC,ELEC-UWM-005,477.8,310.0,507.79,VisionMarket,0,0,2,12,0,1,15,7167.0,2517.0,1.1
2025-12-18,prod-5,Ultra-Wide 4K Monitor 34-inch,Display & PC,ELEC-UWM-005,486.97,310.0,507.06,VisionMarket,0,0,3,12,0,1,13,6330.61,2300.61,1.1
2025-12-19,prod-5,Ultra-Wide 4K Monitor 34-inch,Display & PC,ELEC-UWM-005,478.75,310.0,476.27,VisionMarket,0,0,4,12,0,1,14,6702.5,2362.5,1.1
2025-12-20,prod-5,Ultra-Wide 4K Monitor 34-inch,Display & PC,ELEC-UWM-005,524.43,310.0,526.71,VisionMarket,0,0,5,12,1,1,13,6817.59,2787.59,1.1
2025-12-21,prod-5,Ultra-Wide 4K Monitor 34-inch,Display & PC,ELEC-UWM-005,470.61,310.0,459.31,VisionMarket,0,0,6,12,1,1,16,7529.76,2569.76,1.1
2025-12-22,prod-5,Ultra-Wide 4K Monitor 34-inch,Display & PC,ELEC-UWM-005,511.2,310.0,534.51,VisionMarket,0,0,0,12,0,1,13,6645.6,2615.6,1.1
2025-12-23,prod-5,Ultra-Wide 4K Monitor 34-inch,Display & PC,ELEC-UWM-005,485.36,310.0,471.49,VisionMarket,10,1,1,12,0,1,17,7426.01,2156.01,1.1
2025-12-24,prod-5,Ultra-Wide 4K Monitor 34-inch,Display & PC,ELEC-UWM-005,498.25,310.0,499.5,VisionMarket,0,0,2,12,0,1,14,6975.5,2635.5,1.1
2025-12-25,prod-5,Ultra-Wide 4K Monitor 34-inch,Display & PC,ELEC-UWM-005,518.12,310.0,541.51,VisionMarket,0,0,3,12,0,1,11,5699.32,2289.32,1.1
2025-12-26,prod-5,Ultra-Wide 4K Monitor 34-inch,Display & PC,ELEC-UWM-005,500.26,310.0,503.12,VisionMarket,0,0,4,12,0,1,13,6503.38,2473.38,1.1
2025-12-27,prod-5,Ultra-Wide 4K Monitor 34-inch,Display & PC,ELEC-UWM-005,477.92,310.0,509.97,VisionMarket,5,1,5,12,1,1,15,6810.36,2160.36,1.1
2025-12-28,prod-5,Ultra-Wide 4K Monitor 34-inch,Display & PC,ELEC-UWM-005,500.21,310.0,536.04,VisionMarket,0,0,6,12,1,1,13,6502.73,2472.73,1.1
2025-12-29,prod-5,Ultra-Wide 4K Monitor 34-inch,Display & PC,ELEC-UWM-005,489.03,310.0,500.6,VisionMarket,0,0,0,12,0,1,12,5868.36,2148.36,1.1
2025-12-30,prod-5,Ultra-Wide 4K Monitor 34-inch,Display & PC,ELEC-UWM-005,472.64,310.0,460.99,VisionMarket,0,0,1,12,0,1,15,7089.6,2439.6,1.1
2025-12-31,prod-5,Ultra-Wide 4K Monitor 34-inch,Display & PC,ELEC-UWM-005,514.86,310.0,551.49,VisionMarket,0,0,2,12,0,1,14,7208.04,2868.04,1.1
2026-01-01,prod-5,Ultra-Wide 4K Monitor 34-inch,Display & PC,ELEC-UWM-005,506.77,310.0,532.81,VisionMarket,0,0,3,1,0,1,12,6081.24,2361.24,1.1
2026-01-02,prod-5,Ultra-Wide 4K Monitor 34-inch,Display & PC,ELEC-UWM-005,523.55,310.0,522.43,VisionMarket,0,0,4,1,0,1,13,6806.15,2776.15,1.1
2026-01-03,prod-5,Ultra-Wide 4K Monitor 34-inch,Display & PC,ELEC-UWM-005,479.07,310.0,508.95,VisionMarket,0,0,5,1,1,1,16,7665.12,2705.12,1.1
2026-01-04,prod-5,Ultra-Wide 4K Monitor 34-inch,Display & PC,ELEC-UWM-005,473.18,310.0,462.69,VisionMarket,0,0,6,1,1,1,13,6151.34,2121.34,1.1
2026-01-05,prod-5,Ultra-Wide 4K Monitor 34-inch,Display & PC,ELEC-UWM-005,485.6,310.0,507.31,VisionMarket,0,0,0,1,0,1,15,7284.0,2634.0,1.1
2026-01-06,prod-5,Ultra-Wide 4K Monitor 34-inch,Display & PC,ELEC-UWM-005,525.62,310.0,507.17,VisionMarket,0,0,1,1,0,0,10,5256.2,2156.2,1.1
2026-01-07,prod-5,Ultra-Wide 4K Monitor 34-inch,Display & PC,ELEC-UWM-005,499.1,310.0,508.66,VisionMarket,0,0,2,1,0,0,11,5490.1,2080.1,1.1
2026-01-08,prod-5,Ultra-Wide 4K Monitor 34-inch,Display & PC,ELEC-UWM-005,477.41,310.0,463.67,VisionMarket,0,0,3,1,0,0,10,4774.1,1674.1,1.1
2026-01-09,prod-5,Ultra-Wide 4K Monitor 34-inch,Display & PC,ELEC-UWM-005,480.09,310.0,490.2,VisionMarket,0,0,4,1,0,0,11,5280.99,1870.99,1.1
2026-01-10,prod-5,Ultra-Wide 4K Monitor 34-inch,Display & PC,ELEC-UWM-005,505.13,310.0,520.3,VisionMarket,0,0,5,1,1,0,11,5556.43,2146.43,1.1
2026-01-11,prod-5,Ultra-Wide 4K Monitor 34-inch,Display & PC,ELEC-UWM-005,504.24,310.0,509.27,VisionMarket,15,1,6,1,1,0,14,6000.46,1660.46,1.1
2026-01-12,prod-5,Ultra-Wide 4K Monitor 34-inch,Display & PC,ELEC-UWM-005,523.23,310.0,503.93,VisionMarket,0,0,0,1,0,0,10,5232.3,2132.3,1.1
2026-01-13,prod-5,Ultra-Wide 4K Monitor 34-inch,Display & PC,ELEC-UWM-005,493.64,310.0,508.86,VisionMarket,0,0,1,1,0,0,11,5430.04,2020.04,1.1
2026-01-14,prod-5,Ultra-Wide 4K Monitor 34-inch,Display & PC,ELEC-UWM-005,479.22,310.0,464.71,VisionMarket,0,0,2,1,0,0,11,5271.42,1861.42,1.1
2026-01-15,prod-5,Ultra-Wide 4K Monitor 34-inch,Display & PC,ELEC-UWM-005,497.23,310.0,534.34,VisionMarket,0,0,3,1,0,0,9,4475.07,1685.07,1.1
2026-01-16,prod-5,Ultra-Wide 4K Monitor 34-inch,Display & PC,ELEC-UWM-005,528.18,310.0,548.64,VisionMarket,0,0,4,1,0,0,9,4753.62,1963.62,1.1
2026-01-17,prod-5,Ultra-Wide 4K Monitor 34-inch,Display & PC,ELEC-UWM-005,513.88,310.0,538.61,VisionMarket,0,0,5,1,1,0,11,5652.68,2242.68,1.1
2026-01-18,prod-5,Ultra-Wide 4K Monitor 34-inch,Display & PC,ELEC-UWM-005,482.67,310.0,466.18,VisionMarket,0,0,6,1,1,0,11,5309.37,1899.37,1.1
2026-01-19,prod-5,Ultra-Wide 4K Monitor 34-inch,Display & PC,ELEC-UWM-005,473.32,310.0,458.4,VisionMarket,0,0,0,1,0,0,10,4733.2,1633.2,1.1
2026-01-20,prod-5,Ultra-Wide 4K Monitor 34-inch,Display & PC,ELEC-UWM-005,493.92,310.0,484.71,VisionMarket,0,0,1,1,0,0,11,5433.12,2023.12,1.1
2026-01-21,prod-5,Ultra-Wide 4K Monitor 34-inch,Display & PC,ELEC-UWM-005,475.34,310.0,504.94,VisionMarket,0,0,2,1,0,0,11,5228.74,1818.74,1.1
2026-01-22,prod-5,Ultra-Wide 4K Monitor 34-inch,Display & PC,ELEC-UWM-005,487.09,310.0,511.59,VisionMarket,0,0,3,1,0,0,9,4383.81,1593.81,1.1
2026-01-23,prod-5,Ultra-Wide 4K Monitor 34-inch,Display & PC,ELEC-UWM-005,499.44,310.0,505.37,VisionMarket,0,0,4,1,0,0,9,4494.96,1704.96,1.1
2026-01-24,prod-5,Ultra-Wide 4K Monitor 34-inch,Display & PC,ELEC-UWM-005,511.09,310.0,498.7,VisionMarket,0,0,5,1,1,0,12,6133.08,2413.08,1.1
2026-01-25,prod-5,Ultra-Wide 4K Monitor 34-inch,Display & PC,ELEC-UWM-005,500.75,310.0,510.14,VisionMarket,0,0,6,1,1,0,11,5508.25,2098.25,1.1
2026-01-26,prod-5,Ultra-Wide 4K Monitor 34-inch,Display & PC,ELEC-UWM-005,503.77,310.0,509.19,VisionMarket,0,0,0,1,0,0,11,5541.47,2131.47,1.1
2026-01-27,prod-5,Ultra-Wide 4K Monitor 34-inch,Display & PC,ELEC-UWM-005,506.82,310.0,512.95,VisionMarket,0,0,1,1,0,0,9,4561.38,1771.38,1.1
2026-01-28,prod-5,Ultra-Wide 4K Monitor 34-inch,Display & PC,ELEC-UWM-005,490.49,310.0,498.15,VisionMarket,0,0,2,1,0,0,11,5395.39,1985.39,1.1
2026-01-29,prod-5,Ultra-Wide 4K Monitor 34-inch,Display & PC,ELEC-UWM-005,479.29,310.0,488.61,VisionMarket,0,0,3,1,0,0,10,4792.9,1692.9,1.1
2026-01-30,prod-5,Ultra-Wide 4K Monitor 34-inch,Display & PC,ELEC-UWM-005,487.43,310.0,493.51,VisionMarket,0,0,4,1,0,0,10,4874.3,1774.3,1.1
2026-01-31,prod-5,Ultra-Wide 4K Monitor 34-inch,Display & PC,ELEC-UWM-005,478.91,310.0,467.1,VisionMarket,0,0,5,1,1,0,13,6225.83,2195.83,1.1
2026-02-01,prod-5,Ultra-Wide 4K Monitor 34-inch,Display & PC,ELEC-UWM-005,501.38,310.0,499.1,VisionMarket,0,1,6,2,1,0,12,6016.56,2296.56,1.1
2026-02-02,prod-5,Ultra-Wide 4K Monitor 34-inch,Display & PC,ELEC-UWM-005,500.79,310.0,511.45,VisionMarket,0,0,0,2,0,0,10,5007.9,1907.9,1.1
2026-02-03,prod-5,Ultra-Wide 4K Monitor 34-inch,Display & PC,ELEC-UWM-005,513.21,310.0,542.74,VisionMarket,0,0,1,2,0,0,10,5132.1,2032.1,1.1
2026-02-04,prod-5,Ultra-Wide 4K Monitor 34-inch,Display & PC,ELEC-UWM-005,516.11,310.0,496.47,VisionMarket,0,0,2,2,0,0,9,4644.99,1854.99,1.1
2026-02-05,prod-5,Ultra-Wide 4K Monitor 34-inch,Display & PC,ELEC-UWM-005,517.16,310.0,548.78,VisionMarket,15,1,3,2,0,0,12,5275.03,1555.03,1.1
2026-02-06,prod-5,Ultra-Wide 4K Monitor 34-inch,Display & PC,ELEC-UWM-005,487.85,310.0,502.71,VisionMarket,0,0,4,2,0,0,11,5366.35,1956.35,1.1
2026-02-07,prod-5,Ultra-Wide 4K Monitor 34-inch,Display & PC,ELEC-UWM-005,507.42,310.0,503.26,VisionMarket,0,0,5,2,1,0,12,6089.04,2369.04,1.1
2026-02-08,prod-5,Ultra-Wide 4K Monitor 34-inch,Display & PC,ELEC-UWM-005,481.22,310.0,472.66,VisionMarket,0,0,6,2,1,0,12,5774.64,2054.64,1.1
2026-02-09,prod-5,Ultra-Wide 4K Monitor 34-inch,Display & PC,ELEC-UWM-005,522.29,310.0,508.06,VisionMarket,0,0,0,2,0,0,8,4178.32,1698.32,1.1
2026-02-10,prod-5,Ultra-Wide 4K Monitor 34-inch,Display & PC,ELEC-UWM-005,476.99,310.0,467.74,VisionMarket,0,0,1,2,0,0,11,5246.89,1836.89,1.1
2026-02-11,prod-5,Ultra-Wide 4K Monitor 34-inch,Display & PC,ELEC-UWM-005,522.12,310.0,561.75,VisionMarket,0,0,2,2,0,0,9,4699.08,1909.08,1.1
2026-02-12,prod-5,Ultra-Wide 4K Monitor 34-inch,Display & PC,ELEC-UWM-005,507.1,310.0,546.08,VisionMarket,0,0,3,2,0,0,10,5071.0,1971.0,1.1
2026-02-13,prod-5,Ultra-Wide 4K Monitor 34-inch,Display & PC,ELEC-UWM-005,511.41,310.0,515.19,VisionMarket,0,0,4,2,0,0,9,4602.69,1812.69,1.1
2026-02-14,prod-5,Ultra-Wide 4K Monitor 34-inch,Display & PC,ELEC-UWM-005,470.82,310.0,458.31,VisionMarket,5,1,5,2,1,0,14,6261.91,1921.91,1.1
2026-02-15,prod-5,Ultra-Wide 4K Monitor 34-inch,Display & PC,ELEC-UWM-005,482.54,310.0,500.8,VisionMarket,0,0,6,2,1,0,11,5307.94,1897.94,1.1
2026-02-16,prod-5,Ultra-Wide 4K Monitor 34-inch,Display & PC,ELEC-UWM-005,507.55,310.0,535.36,VisionMarket,0,0,0,2,0,0,9,4567.95,1777.95,1.1
2026-02-17,prod-5,Ultra-Wide 4K Monitor 34-inch,Display & PC,ELEC-UWM-005,497.8,310.0,506.2,VisionMarket,5,1,1,2,0,0,12,5674.92,1954.92,1.1
2026-02-18,prod-5,Ultra-Wide 4K Monitor 34-inch,Display & PC,ELEC-UWM-005,514.32,310.0,521.23,VisionMarket,0,0,2,2,0,0,8,4114.56,1634.56,1.1
2026-02-19,prod-5,Ultra-Wide 4K Monitor 34-inch,Display & PC,ELEC-UWM-005,496.96,310.0,491.55,VisionMarket,0,0,3,2,0,0,11,5466.56,2056.56,1.1
2026-02-20,prod-5,Ultra-Wide 4K Monitor 34-inch,Display & PC,ELEC-UWM-005,493.49,310.0,493.52,VisionMarket,15,1,4,2,0,0,13,5453.06,1423.06,1.1
2026-02-21,prod-5,Ultra-Wide 4K Monitor 34-inch,Display & PC,ELEC-UWM-005,520.91,310.0,546.15,VisionMarket,0,0,5,2,1,0,11,5730.01,2320.01,1.1
2026-02-22,prod-5,Ultra-Wide 4K Monitor 34-inch,Display & PC,ELEC-UWM-005,487.44,310.0,496.46,VisionMarket,0,0,6,2,1,0,12,5849.28,2129.28,1.1
2026-02-23,prod-5,Ultra-Wide 4K Monitor 34-inch,Display & PC,ELEC-UWM-005,506.68,310.0,527.68,VisionMarket,0,0,0,2,0,0,10,5066.8,1966.8,1.1
2026-02-24,prod-5,Ultra-Wide 4K Monitor 34-inch,Display & PC,ELEC-UWM-005,512.85,310.0,524.85,VisionMarket,0,0,1,2,0,0,9,4615.65,1825.65,1.1
2026-02-25,prod-5,Ultra-Wide 4K Monitor 34-inch,Display & PC,ELEC-UWM-005,473.8,310.0,505.61,VisionMarket,0,0,2,2,0,0,10,4738.0,1638.0,1.1
2026-02-26,prod-5,Ultra-Wide 4K Monitor 34-inch,Display & PC,ELEC-UWM-005,499.68,310.0,535.99,VisionMarket,0,0,3,2,0,0,10,4996.8,1896.8,1.1
2026-02-27,prod-5,Ultra-Wide 4K Monitor 34-inch,Display & PC,ELEC-UWM-005,471.24,310.0,468.68,VisionMarket,0,0,4,2,0,0,10,4712.4,1612.4,1.1
2026-02-28,prod-5,Ultra-Wide 4K Monitor 34-inch,Display & PC,ELEC-UWM-005,483.92,310.0,477.32,VisionMarket,0,0,5,2,1,0,11,5323.12,1913.12,1.1
2026-03-01,prod-5,Ultra-Wide 4K Monitor 34-inch,Display & PC,ELEC-UWM-005,506.12,310.0,537.04,VisionMarket,0,0,6,3,1,0,10,5061.2,1961.2,1.1
2026-03-02,prod-5,Ultra-Wide 4K Monitor 34-inch,Display & PC,ELEC-UWM-005,487.59,310.0,509.71,VisionMarket,0,0,0,3,0,0,11,5363.49,1953.49,1.1
2026-03-03,prod-5,Ultra-Wide 4K Monitor 34-inch,Display & PC,ELEC-UWM-005,510.38,310.0,534.95,VisionMarket,0,0,1,3,0,0,10,5103.8,2003.8,1.1
2026-03-04,prod-5,Ultra-Wide 4K Monitor 34-inch,Display & PC,ELEC-UWM-005,520.66,310.0,538.69,VisionMarket,0,0,2,3,0,0,10,5206.6,2106.6,1.1
2026-03-05,prod-5,Ultra-Wide 4K Monitor 34-inch,Display & PC,ELEC-UWM-005,510.01,310.0,497.51,VisionMarket,0,0,3,3,0,0,10,5100.1,2000.1,1.1
2026-03-06,prod-5,Ultra-Wide 4K Monitor 34-inch,Display & PC,ELEC-UWM-005,476.04,310.0,480.76,VisionMarket,0,0,4,3,0,0,10,4760.4,1660.4,1.1
2026-03-07,prod-5,Ultra-Wide 4K Monitor 34-inch,Display & PC,ELEC-UWM-005,482.56,310.0,465.98,VisionMarket,10,1,5,3,1,0,13,5645.95,1615.95,1.1
2026-03-08,prod-5,Ultra-Wide 4K Monitor 34-inch,Display & PC,ELEC-UWM-005,479.51,310.0,507.97,VisionMarket,0,0,6,3,1,0,10,4795.1,1695.1,1.1
2026-03-09,prod-5,Ultra-Wide 4K Monitor 34-inch,Display & PC,ELEC-UWM-005,473.81,310.0,479.34,VisionMarket,0,0,0,3,0,0,9,4264.29,1474.29,1.1
2026-03-10,prod-5,Ultra-Wide 4K Monitor 34-inch,Display & PC,ELEC-UWM-005,483.44,310.0,479.06,VisionMarket,0,0,1,3,0,0,10,4834.4,1734.4,1.1
2026-03-11,prod-5,Ultra-Wide 4K Monitor 34-inch,Display & PC,ELEC-UWM-005,472.79,310.0,503.68,VisionMarket,0,0,2,3,0,0,10,4727.9,1627.9,1.1
2026-03-12,prod-5,Ultra-Wide 4K Monitor 34-inch,Display & PC,ELEC-UWM-005,511.4,310.0,522.57,VisionMarket,0,0,3,3,0,0,10,5114.0,2014.0,1.1
2026-03-13,prod-5,Ultra-Wide 4K Monitor 34-inch,Display & PC,ELEC-UWM-005,525.59,310.0,532.18,VisionMarket,0,0,4,3,0,0,10,5255.9,2155.9,1.1
2026-03-14,prod-5,Ultra-Wide 4K Monitor 34-inch,Display & PC,ELEC-UWM-005,476.65,310.0,463.64,VisionMarket,0,0,5,3,1,0,13,6196.45,2166.45,1.1
2026-03-15,prod-5,Ultra-Wide 4K Monitor 34-inch,Display & PC,ELEC-UWM-005,526.83,310.0,557.83,VisionMarket,0,1,6,3,1,0,10,5268.3,2168.3,1.1
2026-03-16,prod-5,Ultra-Wide 4K Monitor 34-inch,Display & PC,ELEC-UWM-005,477.07,310.0,469.75,VisionMarket,0,0,0,3,0,0,11,5247.77,1837.77,1.1
2026-03-17,prod-5,Ultra-Wide 4K Monitor 34-inch,Display & PC,ELEC-UWM-005,512.48,310.0,538.84,VisionMarket,0,0,1,3,0,0,10,5124.8,2024.8,1.1
2026-03-18,prod-5,Ultra-Wide 4K Monitor 34-inch,Display & PC,ELEC-UWM-005,479.25,310.0,481.0,VisionMarket,0,0,2,3,0,0,9,4313.25,1523.25,1.1
2026-03-19,prod-5,Ultra-Wide 4K Monitor 34-inch,Display & PC,ELEC-UWM-005,482.1,310.0,518.91,VisionMarket,0,0,3,3,0,0,9,4338.9,1548.9,1.1
2026-03-20,prod-5,Ultra-Wide 4K Monitor 34-inch,Display & PC,ELEC-UWM-005,520.08,310.0,528.84,VisionMarket,0,0,4,3,0,0,9,4680.72,1890.72,1.1
2026-03-21,prod-5,Ultra-Wide 4K Monitor 34-inch,Display & PC,ELEC-UWM-005,485.95,310.0,508.22,VisionMarket,0,0,5,3,1,0,12,5831.4,2111.4,1.1
2026-03-22,prod-5,Ultra-Wide 4K Monitor 34-inch,Display & PC,ELEC-UWM-005,484.72,310.0,509.14,VisionMarket,0,0,6,3,1,0,12,5816.64,2096.64,1.1
2026-03-23,prod-5,Ultra-Wide 4K Monitor 34-inch,Display & PC,ELEC-UWM-005,478.27,310.0,483.75,VisionMarket,0,0,0,3,0,0,11,5260.97,1850.97,1.1
2026-03-24,prod-5,Ultra-Wide 4K Monitor 34-inch,Display & PC,ELEC-UWM-005,527.1,310.0,538.66,VisionMarket,0,0,1,3,0,0,10,5271.0,2171.0,1.1
2026-03-25,prod-5,Ultra-Wide 4K Monitor 34-inch,Display & PC,ELEC-UWM-005,496.54,310.0,522.57,VisionMarket,0,0,2,3,0,0,10,4965.4,1865.4,1.1
2026-03-26,prod-5,Ultra-Wide 4K Monitor 34-inch,Display & PC,ELEC-UWM-005,474.17,310.0,474.45,VisionMarket,0,0,3,3,0,0,11,5215.87,1805.87,1.1
2026-03-27,prod-5,Ultra-Wide 4K Monitor 34-inch,Display & PC,ELEC-UWM-005,496.03,310.0,499.6,VisionMarket,5,1,4,3,0,0,12,5654.74,1934.74,1.1
2026-03-28,prod-5,Ultra-Wide 4K Monitor 34-inch,Display & PC,ELEC-UWM-005,473.46,310.0,490.41,VisionMarket,0,0,5,3,1,0,12,5681.52,1961.52,1.1
2026-03-29,prod-5,Ultra-Wide 4K Monitor 34-inch,Display & PC,ELEC-UWM-005,501.18,310.0,498.92,VisionMarket,0,0,6,3,1,0,12,6014.16,2294.16,1.1
2026-03-30,prod-5,Ultra-Wide 4K Monitor 34-inch,Display & PC,ELEC-UWM-005,503.21,310.0,501.46,VisionMarket,0,0,0,3,0,0,11,5535.31,2125.31,1.1
2026-03-31,prod-5,Ultra-Wide 4K Monitor 34-inch,Display & PC,ELEC-UWM-005,470.46,310.0,467.44,VisionMarket,0,0,1,3,0,0,12,5645.52,1925.52,1.1
2026-04-01,prod-5,Ultra-Wide 4K Monitor 34-inch,Display & PC,ELEC-UWM-005,512.01,310.0,518.94,VisionMarket,0,0,2,4,0,0,10,5120.1,2020.1,1.1
2026-04-02,prod-5,Ultra-Wide 4K Monitor 34-inch,Display & PC,ELEC-UWM-005,517.29,310.0,537.07,VisionMarket,0,0,3,4,0,0,10,5172.9,2072.9,1.1
2026-04-03,prod-5,Ultra-Wide 4K Monitor 34-inch,Display & PC,ELEC-UWM-005,516.88,310.0,521.29,VisionMarket,0,0,4,4,0,0,9,4651.92,1861.92,1.1
2026-04-04,prod-5,Ultra-Wide 4K Monitor 34-inch,Display & PC,ELEC-UWM-005,472.21,310.0,472.28,VisionMarket,0,0,5,4,1,0,13,6138.73,2108.73,1.1
2026-04-05,prod-5,Ultra-Wide 4K Monitor 34-inch,Display & PC,ELEC-UWM-005,477.55,310.0,515.29,VisionMarket,0,0,6,4,1,0,10,4775.5,1675.5,1.1
2026-04-06,prod-5,Ultra-Wide 4K Monitor 34-inch,Display & PC,ELEC-UWM-005,503.1,310.0,514.45,VisionMarket,0,0,0,4,0,0,9,4527.9,1737.9,1.1
2026-04-07,prod-5,Ultra-Wide 4K Monitor 34-inch,Display & PC,ELEC-UWM-005,471.66,310.0,497.88,VisionMarket,0,0,1,4,0,0,10,4716.6,1616.6,1.1
2026-04-08,prod-5,Ultra-Wide 4K Monitor 34-inch,Display & PC,ELEC-UWM-005,516.44,310.0,540.81,VisionMarket,0,0,2,4,0,0,9,4647.96,1857.96,1.1
2026-04-09,prod-5,Ultra-Wide 4K Monitor 34-inch,Display & PC,ELEC-UWM-005,473.59,310.0,475.84,VisionMarket,0,0,3,4,0,0,10,4735.9,1635.9,1.1
2026-04-10,prod-5,Ultra-Wide 4K Monitor 34-inch,Display & PC,ELEC-UWM-005,472.85,310.0,490.87,VisionMarket,0,0,4,4,0,0,10,4728.5,1628.5,1.1
2026-04-11,prod-5,Ultra-Wide 4K Monitor 34-inch,Display & PC,ELEC-UWM-005,514.2,310.0,521.59,VisionMarket,0,0,5,4,1,0,12,6170.4,2450.4,1.1
2026-04-12,prod-5,Ultra-Wide 4K Monitor 34-inch,Display & PC,ELEC-UWM-005,529.33,310.0,544.08,VisionMarket,0,0,6,4,1,0,11,5822.63,2412.63,1.1
2026-04-13,prod-5,Ultra-Wide 4K Monitor 34-inch,Display & PC,ELEC-UWM-005,501.99,310.0,517.79,VisionMarket,0,0,0,4,0,0,9,4517.91,1727.91,1.1
2026-04-14,prod-5,Ultra-Wide 4K Monitor 34-inch,Display & PC,ELEC-UWM-005,517.08,310.0,540.75,VisionMarket,0,0,1,4,0,0,10,5170.8,2070.8,1.1
2026-04-15,prod-5,Ultra-Wide 4K Monitor 34-inch,Display & PC,ELEC-UWM-005,501.17,310.0,496.02,VisionMarket,0,0,2,4,0,0,10,5011.7,1911.7,1.1
2026-04-16,prod-5,Ultra-Wide 4K Monitor 34-inch,Display & PC,ELEC-UWM-005,519.36,310.0,521.1,VisionMarket,15,1,3,4,0,0,12,5297.47,1577.47,1.1
2026-04-17,prod-5,Ultra-Wide 4K Monitor 34-inch,Display & PC,ELEC-UWM-005,474.91,310.0,459.46,VisionMarket,0,0,4,4,0,0,10,4749.1,1649.1,1.1
2026-04-18,prod-5,Ultra-Wide 4K Monitor 34-inch,Display & PC,ELEC-UWM-005,496.76,310.0,498.9,VisionMarket,0,0,5,4,1,0,11,5464.36,2054.36,1.1
2026-04-19,prod-5,Ultra-Wide 4K Monitor 34-inch,Display & PC,ELEC-UWM-005,501.13,310.0,504.83,VisionMarket,0,0,6,4,1,0,11,5512.43,2102.43,1.1
2026-04-20,prod-5,Ultra-Wide 4K Monitor 34-inch,Display & PC,ELEC-UWM-005,495.4,310.0,501.75,VisionMarket,0,0,0,4,0,0,10,4954.0,1854.0,1.1
2026-04-21,prod-5,Ultra-Wide 4K Monitor 34-inch,Display & PC,ELEC-UWM-005,528.39,310.0,559.49,VisionMarket,0,0,1,4,0,0,8,4227.12,1747.12,1.1
2026-04-22,prod-5,Ultra-Wide 4K Monitor 34-inch,Display & PC,ELEC-UWM-005,512.66,310.0,500.11,VisionMarket,0,0,2,4,0,0,10,5126.6,2026.6,1.1
2026-04-23,prod-5,Ultra-Wide 4K Monitor 34-inch,Display & PC,ELEC-UWM-005,477.07,310.0,470.16,VisionMarket,0,0,3,4,0,0,11,5247.77,1837.77,1.1
2026-04-24,prod-5,Ultra-Wide 4K Monitor 34-inch,Display & PC,ELEC-UWM-005,526.63,310.0,528.9,VisionMarket,0,0,4,4,0,0,9,4739.67,1949.67,1.1
2026-04-25,prod-5,Ultra-Wide 4K Monitor 34-inch,Display & PC,ELEC-UWM-005,494.51,310.0,481.9,VisionMarket,0,0,5,4,1,0,10,4945.1,1845.1,1.1
2026-04-26,prod-5,Ultra-Wide 4K Monitor 34-inch,Display & PC,ELEC-UWM-005,479.19,310.0,481.38,VisionMarket,0,0,6,4,1,0,11,5271.09,1861.09,1.1
2026-04-27,prod-5,Ultra-Wide 4K Monitor 34-inch,Display & PC,ELEC-UWM-005,499.15,310.0,526.58,VisionMarket,0,0,0,4,0,0,10,4991.5,1891.5,1.1
2026-04-28,prod-5,Ultra-Wide 4K Monitor 34-inch,Display & PC,ELEC-UWM-005,472.91,310.0,504.74,VisionMarket,0,0,1,4,0,0,10,4729.1,1629.1,1.1
2026-04-29,prod-5,Ultra-Wide 4K Monitor 34-inch,Display & PC,ELEC-UWM-005,519.14,310.0,528.82,VisionMarket,0,0,2,4,0,0,9,4672.26,1882.26,1.1
2026-04-30,prod-5,Ultra-Wide 4K Monitor 34-inch,Display & PC,ELEC-UWM-005,522.22,310.0,527.5,VisionMarket,0,0,3,4,0,0,10,5222.2,2122.2,1.1
2026-05-01,prod-5,Ultra-Wide 4K Monitor 34-inch,Display & PC,ELEC-UWM-005,524.01,310.0,552.18,VisionMarket,0,0,4,5,0,0,10,5240.1,2140.1,1.1
2026-05-02,prod-5,Ultra-Wide 4K Monitor 34-inch,Display & PC,ELEC-UWM-005,506.33,310.0,532.37,VisionMarket,0,0,5,5,1,0,11,5569.63,2159.63,1.1
2026-05-03,prod-5,Ultra-Wide 4K Monitor 34-inch,Display & PC,ELEC-UWM-005,496.99,310.0,503.89,VisionMarket,0,0,6,5,1,0,11,5466.89,2056.89,1.1
2026-05-04,prod-5,Ultra-Wide 4K Monitor 34-inch,Display & PC,ELEC-UWM-005,517.98,310.0,538.56,VisionMarket,0,0,0,5,0,0,9,4661.82,1871.82,1.1
2026-05-05,prod-5,Ultra-Wide 4K Monitor 34-inch,Display & PC,ELEC-UWM-005,493.71,310.0,506.01,VisionMarket,0,0,1,5,0,0,11,5430.81,2020.81,1.1
2026-05-06,prod-5,Ultra-Wide 4K Monitor 34-inch,Display & PC,ELEC-UWM-005,514.14,310.0,533.43,VisionMarket,0,0,2,5,0,0,10,5141.4,2041.4,1.1
2026-05-07,prod-5,Ultra-Wide 4K Monitor 34-inch,Display & PC,ELEC-UWM-005,504.31,310.0,532.32,VisionMarket,0,0,3,5,0,0,10,5043.1,1943.1,1.1
2026-05-08,prod-5,Ultra-Wide 4K Monitor 34-inch,Display & PC,ELEC-UWM-005,477.42,310.0,490.37,VisionMarket,0,0,4,5,0,0,11,5251.62,1841.62,1.1
2026-05-09,prod-5,Ultra-Wide 4K Monitor 34-inch,Display & PC,ELEC-UWM-005,504.6,310.0,487.62,VisionMarket,0,0,5,5,1,0,10,5046.0,1946.0,1.1
2026-05-10,prod-5,Ultra-Wide 4K Monitor 34-inch,Display & PC,ELEC-UWM-005,498.54,310.0,532.25,VisionMarket,0,0,6,5,1,0,12,5982.48,2262.48,1.1
2026-05-11,prod-5,Ultra-Wide 4K Monitor 34-inch,Display & PC,ELEC-UWM-005,480.77,310.0,462.63,VisionMarket,0,0,0,5,0,0,10,4807.7,1707.7,1.1
2026-05-12,prod-5,Ultra-Wide 4K Monitor 34-inch,Display & PC,ELEC-UWM-005,512.33,310.0,546.41,VisionMarket,0,0,1,5,0,0,10,5123.3,2023.3,1.1
2026-05-13,prod-5,Ultra-Wide 4K Monitor 34-inch,Display & PC,ELEC-UWM-005,506.4,310.0,510.56,VisionMarket,0,1,2,5,0,0,9,4557.6,1767.6,1.1
2026-05-14,prod-5,Ultra-Wide 4K Monitor 34-inch,Display & PC,ELEC-UWM-005,480.82,310.0,462.98,VisionMarket,0,0,3,5,0,0,10,4808.2,1708.2,1.1
2026-05-15,prod-5,Ultra-Wide 4K Monitor 34-inch,Display & PC,ELEC-UWM-005,475.45,310.0,512.33,VisionMarket,0,0,4,5,0,0,10,4754.5,1654.5,1.1
2026-05-16,prod-5,Ultra-Wide 4K Monitor 34-inch,Display & PC,ELEC-UWM-005,480.95,310.0,506.05,VisionMarket,0,0,5,5,1,0,13,6252.35,2222.35,1.1
2026-05-17,prod-5,Ultra-Wide 4K Monitor 34-inch,Display & PC,ELEC-UWM-005,510.71,310.0,493.89,VisionMarket,0,0,6,5,1,0,10,5107.1,2007.1,1.1
2026-05-18,prod-5,Ultra-Wide 4K Monitor 34-inch,Display & PC,ELEC-UWM-005,512.79,310.0,510.62,VisionMarket,5,1,0,5,0,0,10,4871.5,1771.5,1.1
2026-05-19,prod-5,Ultra-Wide 4K Monitor 34-inch,Display & PC,ELEC-UWM-005,489.44,310.0,491.92,VisionMarket,0,0,1,5,0,0,9,4404.96,1614.96,1.1
2026-05-20,prod-5,Ultra-Wide 4K Monitor 34-inch,Display & PC,ELEC-UWM-005,482.14,310.0,506.37,VisionMarket,0,0,2,5,0,0,10,4821.4,1721.4,1.1
2026-05-21,prod-5,Ultra-Wide 4K Monitor 34-inch,Display & PC,ELEC-UWM-005,515.13,310.0,518.33,VisionMarket,0,1,3,5,0,0,9,4636.17,1846.17,1.1
2026-05-22,prod-5,Ultra-Wide 4K Monitor 34-inch,Display & PC,ELEC-UWM-005,503.18,310.0,487.01,VisionMarket,5,1,4,5,0,0,11,5258.23,1848.23,1.1
2026-05-23,prod-5,Ultra-Wide 4K Monitor 34-inch,Display & PC,ELEC-UWM-005,471.11,310.0,483.59,VisionMarket,0,0,5,5,1,0,11,5182.21,1772.21,1.1
2026-05-24,prod-5,Ultra-Wide 4K Monitor 34-inch,Display & PC,ELEC-UWM-005,515.77,310.0,535.47,VisionMarket,0,0,6,5,1,0,11,5673.47,2263.47,1.1
2026-05-25,prod-5,Ultra-Wide 4K Monitor 34-inch,Display & PC,ELEC-UWM-005,496.75,310.0,527.33,VisionMarket,0,0,0,5,0,0,11,5464.25,2054.25,1.1
2026-05-26,prod-5,Ultra-Wide 4K Monitor 34-inch,Display & PC,ELEC-UWM-005,478.53,310.0,490.42,VisionMarket,0,0,1,5,0,0,10,4785.3,1685.3,1.1
2026-05-27,prod-5,Ultra-Wide 4K Monitor 34-inch,Display & PC,ELEC-UWM-005,527.15,310.0,566.88,VisionMarket,0,0,2,5,0,0,8,4217.2,1737.2,1.1
2026-05-28,prod-5,Ultra-Wide 4K Monitor 34-inch,Display & PC,ELEC-UWM-005,518.75,310.0,557.83,VisionMarket,0,0,3,5,0,0,10,5187.5,2087.5,1.1
2026-05-29,prod-5,Ultra-Wide 4K Monitor 34-inch,Display & PC,ELEC-UWM-005,480.03,310.0,464.3,VisionMarket,0,0,4,5,0,0,10,4800.3,1700.3,1.1
2026-05-30,prod-5,Ultra-Wide 4K Monitor 34-inch,Display & PC,ELEC-UWM-005,485.04,310.0,505.22,VisionMarket,0,0,5,5,1,0,12,5820.48,2100.48,1.1
2026-05-31,prod-5,Ultra-Wide 4K Monitor 34-inch,Display & PC,ELEC-UWM-005,482.76,310.0,512.15,VisionMarket,0,0,6,5,1,0,11,5310.36,1900.36,1.1
2026-06-01,prod-5,Ultra-Wide 4K Monitor 34-inch,Display & PC,ELEC-UWM-005,502.04,310.0,486.17,VisionMarket,0,1,0,6,0,0,11,5522.44,2112.44,1.1
2026-06-02,prod-5,Ultra-Wide 4K Monitor 34-inch,Display & PC,ELEC-UWM-005,513.49,310.0,554.5,VisionMarket,0,0,1,6,0,0,9,4621.41,1831.41,1.1
2026-06-03,prod-5,Ultra-Wide 4K Monitor 34-inch,Display & PC,ELEC-UWM-005,500.28,310.0,528.42,VisionMarket,0,0,2,6,0,0,11,5503.08,2093.08,1.1
2026-06-04,prod-5,Ultra-Wide 4K Monitor 34-inch,Display & PC,ELEC-UWM-005,508.1,310.0,547.51,VisionMarket,0,0,3,6,0,0,9,4572.9,1782.9,1.1
2026-06-05,prod-5,Ultra-Wide 4K Monitor 34-inch,Display & PC,ELEC-UWM-005,509.73,310.0,509.01,VisionMarket,0,0,4,6,0,0,11,5607.03,2197.03,1.1
2026-06-06,prod-5,Ultra-Wide 4K Monitor 34-inch,Display & PC,ELEC-UWM-005,489.7,310.0,523.82,VisionMarket,0,0,5,6,1,0,13,6366.1,2336.1,1.1
2026-06-07,prod-5,Ultra-Wide 4K Monitor 34-inch,Display & PC,ELEC-UWM-005,506.52,310.0,486.52,VisionMarket,5,1,6,6,1,0,11,5293.13,1883.13,1.1
2026-06-08,prod-5,Ultra-Wide 4K Monitor 34-inch,Display & PC,ELEC-UWM-005,523.71,310.0,546.96,VisionMarket,0,0,0,6,0,0,9,4713.39,1923.39,1.1
2026-06-09,prod-5,Ultra-Wide 4K Monitor 34-inch,Display & PC,ELEC-UWM-005,517.23,310.0,536.83,VisionMarket,0,1,1,6,0,0,10,5172.3,2072.3,1.1
2026-06-10,prod-5,Ultra-Wide 4K Monitor 34-inch,Display & PC,ELEC-UWM-005,518.95,310.0,525.91,VisionMarket,0,0,2,6,0,0,11,5708.45,2298.45,1.1
2026-06-11,prod-5,Ultra-Wide 4K Monitor 34-inch,Display & PC,ELEC-UWM-005,492.57,310.0,508.41,VisionMarket,0,0,3,6,0,0,11,5418.27,2008.27,1.1
2026-06-12,prod-5,Ultra-Wide 4K Monitor 34-inch,Display & PC,ELEC-UWM-005,518.7,310.0,559.19,VisionMarket,0,0,4,6,0,0,9,4668.3,1878.3,1.1
2026-06-13,prod-5,Ultra-Wide 4K Monitor 34-inch,Display & PC,ELEC-UWM-005,481.57,310.0,462.85,VisionMarket,0,0,5,6,1,0,12,5778.84,2058.84,1.1
2026-06-14,prod-5,Ultra-Wide 4K Monitor 34-inch,Display & PC,ELEC-UWM-005,510.82,310.0,533.86,VisionMarket,0,0,6,6,1,0,12,6129.84,2409.84,1.1
2026-06-15,prod-5,Ultra-Wide 4K Monitor 34-inch,Display & PC,ELEC-UWM-005,507.5,310.0,536.43,VisionMarket,0,0,0,6,0,0,11,5582.5,2172.5,1.1
2026-06-16,prod-5,Ultra-Wide 4K Monitor 34-inch,Display & PC,ELEC-UWM-005,528.03,310.0,509.24,VisionMarket,0,0,1,6,0,0,10,5280.3,2180.3,1.1
2026-06-17,prod-5,Ultra-Wide 4K Monitor 34-inch,Display & PC,ELEC-UWM-005,506.35,310.0,486.53,VisionMarket,0,0,2,6,0,0,10,5063.5,1963.5,1.1
2026-06-18,prod-5,Ultra-Wide 4K Monitor 34-inch,Display & PC,ELEC-UWM-005,476.65,310.0,473.45,VisionMarket,0,0,3,6,0,0,10,4766.5,1666.5,1.1
2026-06-19,prod-5,Ultra-Wide 4K Monitor 34-inch,Display & PC,ELEC-UWM-005,481.62,310.0,505.05,VisionMarket,0,0,4,6,0,0,11,5297.82,1887.82,1.1
2026-06-20,prod-5,Ultra-Wide 4K Monitor 34-inch,Display & PC,ELEC-UWM-005,480.52,310.0,495.21,VisionMarket,0,0,5,6,1,0,11,5285.72,1875.72,1.1
2026-06-21,prod-5,Ultra-Wide 4K Monitor 34-inch,Display & PC,ELEC-UWM-005,526.0,310.0,558.96,VisionMarket,0,0,6,6,1,0,11,5786.0,2376.0,1.1
2026-06-22,prod-5,Ultra-Wide 4K Monitor 34-inch,Display & PC,ELEC-UWM-005,486.45,310.0,516.47,VisionMarket,10,1,0,6,0,0,12,5253.66,1533.66,1.1
2026-06-23,prod-5,Ultra-Wide 4K Monitor 34-inch,Display & PC,ELEC-UWM-005,522.98,310.0,502.18,VisionMarket,0,0,1,6,0,0,10,5229.8,2129.8,1.1
2026-06-24,prod-5,Ultra-Wide 4K Monitor 34-inch,Display & PC,ELEC-UWM-005,508.99,310.0,540.78,VisionMarket,0,0,2,6,0,0,10,5089.9,1989.9,1.1
2026-06-25,prod-5,Ultra-Wide 4K Monitor 34-inch,Display & PC,ELEC-UWM-005,494.4,310.0,481.85,VisionMarket,0,0,3,6,0,0,10,4944.0,1844.0,1.1
2026-06-26,prod-5,Ultra-Wide 4K Monitor 34-inch,Display & PC,ELEC-UWM-005,501.03,310.0,483.6,VisionMarket,0,0,4,6,0,0,9,4509.27,1719.27,1.1
2026-06-27,prod-5,Ultra-Wide 4K Monitor 34-inch,Display & PC,ELEC-UWM-005,525.09,310.0,537.63,VisionMarket,0,0,5,6,1,0,10,5250.9,2150.9,1.1
2026-06-28,prod-5,Ultra-Wide 4K Monitor 34-inch,Display & PC,ELEC-UWM-005,490.07,310.0,522.22,VisionMarket,0,0,6,6,1,0,13,6370.91,2340.91,1.1
2026-06-29,prod-5,Ultra-Wide 4K Monitor 34-inch,Display & PC,ELEC-UWM-005,483.53,310.0,504.2,VisionMarket,0,0,0,6,0,0,11,5318.83,1908.83,1.1
2026-06-30,prod-5,Ultra-Wide 4K Monitor 34-inch,Display & PC,ELEC-UWM-005,481.8,310.0,481.56,VisionMarket,0,1,1,6,0,0,9,4336.2,1546.2,1.1
2026-07-01,prod-5,Ultra-Wide 4K Monitor 34-inch,Display & PC,ELEC-UWM-005,495.91,310.0,477.5,VisionMarket,0,0,2,7,0,0,11,5455.01,2045.01,1.1
2026-07-02,prod-5,Ultra-Wide 4K Monitor 34-inch,Display & PC,ELEC-UWM-005,520.42,310.0,515.04,VisionMarket,0,0,3,7,0,0,10,5204.2,2104.2,1.1
2026-07-03,prod-5,Ultra-Wide 4K Monitor 34-inch,Display & PC,ELEC-UWM-005,519.94,310.0,550.41,VisionMarket,0,0,4,7,0,0,9,4679.46,1889.46,1.1
2026-07-04,prod-5,Ultra-Wide 4K Monitor 34-inch,Display & PC,ELEC-UWM-005,474.37,310.0,489.55,VisionMarket,0,0,5,7,1,0,11,5218.07,1808.07,1.1
2026-07-05,prod-5,Ultra-Wide 4K Monitor 34-inch,Display & PC,ELEC-UWM-005,496.78,310.0,484.35,VisionMarket,0,0,6,7,1,0,12,5961.36,2241.36,1.1
2026-07-06,prod-5,Ultra-Wide 4K Monitor 34-inch,Display & PC,ELEC-UWM-005,492.63,310.0,525.54,VisionMarket,0,0,0,7,0,0,11,5418.93,2008.93,1.1
2026-07-07,prod-5,Ultra-Wide 4K Monitor 34-inch,Display & PC,ELEC-UWM-005,473.71,310.0,500.37,VisionMarket,15,1,1,7,0,0,11,4429.19,1019.19,1.1
2026-07-08,prod-5,Ultra-Wide 4K Monitor 34-inch,Display & PC,ELEC-UWM-005,510.64,310.0,524.48,VisionMarket,0,0,2,7,0,0,9,4595.76,1805.76,1.1
2026-07-09,prod-5,Ultra-Wide 4K Monitor 34-inch,Display & PC,ELEC-UWM-005,475.74,310.0,499.64,VisionMarket,0,0,3,7,0,0,11,5233.14,1823.14,1.1
2026-07-10,prod-5,Ultra-Wide 4K Monitor 34-inch,Display & PC,ELEC-UWM-005,509.57,310.0,489.84,VisionMarket,0,0,4,7,0,0,10,5095.7,1995.7,1.1
2026-07-11,prod-5,Ultra-Wide 4K Monitor 34-inch,Display & PC,ELEC-UWM-005,522.79,310.0,540.73,VisionMarket,0,0,5,7,1,0,12,6273.48,2553.48,1.1
2026-07-12,prod-5,Ultra-Wide 4K Monitor 34-inch,Display & PC,ELEC-UWM-005,516.97,310.0,524.46,VisionMarket,0,0,6,7,1,0,10,5169.7,2069.7,1.1
2026-07-13,prod-5,Ultra-Wide 4K Monitor 34-inch,Display & PC,ELEC-UWM-005,476.15,310.0,491.11,VisionMarket,5,1,0,7,0,0,12,5428.11,1708.11,1.1
2026-07-14,prod-5,Ultra-Wide 4K Monitor 34-inch,Display & PC,ELEC-UWM-005,477.55,310.0,487.61,VisionMarket,0,0,1,7,0,0,10,4775.5,1675.5,1.1
2026-07-15,prod-5,Ultra-Wide 4K Monitor 34-inch,Display & PC,ELEC-UWM-005,507.24,310.0,498.27,VisionMarket,0,0,2,7,0,0,9,4565.16,1775.16,1.1
2026-07-16,prod-5,Ultra-Wide 4K Monitor 34-inch,Display & PC,ELEC-UWM-005,477.65,310.0,492.05,VisionMarket,0,0,3,7,0,0,11,5254.15,1844.15,1.1
2026-07-17,prod-5,Ultra-Wide 4K Monitor 34-inch,Display & PC,ELEC-UWM-005,491.45,310.0,506.21,VisionMarket,0,0,4,7,0,0,9,4423.05,1633.05,1.1
2026-07-18,prod-5,Ultra-Wide 4K Monitor 34-inch,Display & PC,ELEC-UWM-005,498.16,310.0,514.3,VisionMarket,0,0,5,7,1,0,12,5977.92,2257.92,1.1
2026-07-19,prod-5,Ultra-Wide 4K Monitor 34-inch,Display & PC,ELEC-UWM-005,501.05,310.0,520.55,VisionMarket,0,0,6,7,1,0,10,5010.5,1910.5,1.1
2026-07-20,prod-5,Ultra-Wide 4K Monitor 34-inch,Display & PC,ELEC-UWM-005,519.14,310.0,533.23,VisionMarket,10,1,0,7,0,0,10,4672.26,1572.26,1.1
2026-07-21,prod-5,Ultra-Wide 4K Monitor 34-inch,Display & PC,ELEC-UWM-005,482.01,310.0,515.28,VisionMarket,0,0,1,7,0,0,10,4820.1,1720.1,1.1
2026-07-22,prod-5,Ultra-Wide 4K Monitor 34-inch,Display & PC,ELEC-UWM-005,510.06,310.0,532.18,VisionMarket,0,0,2,7,0,0,10,5100.6,2000.6,1.1
2026-07-23,prod-5,Ultra-Wide 4K Monitor 34-inch,Display & PC,ELEC-UWM-005,489.86,310.0,504.27,VisionMarket,0,0,3,7,0,0,10,4898.6,1798.6,1.1
2026-07-24,prod-5,Ultra-Wide 4K Monitor 34-inch,Display & PC,ELEC-UWM-005,495.11,310.0,484.95,VisionMarket,0,0,4,7,0,0,11,5446.21,2036.21,1.1
2026-07-25,prod-5,Ultra-Wide 4K Monitor 34-inch,Display & PC,ELEC-UWM-005,472.52,310.0,466.06,VisionMarket,5,1,5,7,1,0,13,5835.62,1805.62,1.1
2026-07-26,prod-5,Ultra-Wide 4K Monitor 34-inch,Display & PC,ELEC-UWM-005,497.98,310.0,490.8,VisionMarket,0,0,6,7,1,0,12,5975.76,2255.76,1.1
2026-07-27,prod-5,Ultra-Wide 4K Monitor 34-inch,Display & PC,ELEC-UWM-005,518.87,310.0,548.38,VisionMarket,0,0,0,7,0,0,9,4669.83,1879.83,1.1
2026-07-28,prod-5,Ultra-Wide 4K Monitor 34-inch,Display & PC,ELEC-UWM-005,519.55,310.0,499.19,VisionMarket,10,1,1,7,0,0,9,4208.35,1418.35,1.1
2026-07-29,prod-5,Ultra-Wide 4K Monitor 34-inch,Display & PC,ELEC-UWM-005,476.9,310.0,474.45,VisionMarket,0,0,2,7,0,0,11,5245.9,1835.9,1.1
2026-07-30,prod-5,Ultra-Wide 4K Monitor 34-inch,Display & PC,ELEC-UWM-005,515.92,310.0,498.0,VisionMarket,5,1,3,7,0,0,10,4901.24,1801.24,1.1
2026-07-31,prod-5,Ultra-Wide 4K Monitor 34-inch,Display & PC,ELEC-UWM-005,483.13,310.0,478.99,VisionMarket,0,0,4,7,0,0,11,5314.43,1904.43,1.1
2026-08-01,prod-5,Ultra-Wide 4K Monitor 34-inch,Display & PC,ELEC-UWM-005,484.75,310.0,476.76,VisionMarket,0,0,5,8,1,0,11,5332.25,1922.25,1.1
2026-08-02,prod-5,Ultra-Wide 4K Monitor 34-inch,Display & PC,ELEC-UWM-005,476.06,310.0,504.52,VisionMarket,0,0,6,8,1,0,12,5712.72,1992.72,1.1
2026-08-03,prod-5,Ultra-Wide 4K Monitor 34-inch,Display & PC,ELEC-UWM-005,523.09,310.0,523.41,VisionMarket,0,0,0,8,0,0,9,4707.81,1917.81,1.1
2026-08-04,prod-5,Ultra-Wide 4K Monitor 34-inch,Display & PC,ELEC-UWM-005,492.17,310.0,494.47,VisionMarket,0,0,1,8,0,0,10,4921.7,1821.7,1.1
2026-08-05,prod-5,Ultra-Wide 4K Monitor 34-inch,Display & PC,ELEC-UWM-005,517.93,310.0,535.95,VisionMarket,0,0,2,8,0,0,10,5179.3,2079.3,1.1
2026-08-06,prod-5,Ultra-Wide 4K Monitor 34-inch,Display & PC,ELEC-UWM-005,477.1,310.0,508.55,VisionMarket,0,0,3,8,0,0,10,4771.0,1671.0,1.1
2026-08-07,prod-5,Ultra-Wide 4K Monitor 34-inch,Display & PC,ELEC-UWM-005,501.94,310.0,523.69,VisionMarket,0,0,4,8,0,0,10,5019.4,1919.4,1.1
2026-08-08,prod-5,Ultra-Wide 4K Monitor 34-inch,Display & PC,ELEC-UWM-005,508.16,310.0,544.0,VisionMarket,0,0,5,8,1,0,11,5589.76,2179.76,1.1
2026-08-09,prod-5,Ultra-Wide 4K Monitor 34-inch,Display & PC,ELEC-UWM-005,521.26,310.0,518.81,VisionMarket,0,0,6,8,1,0,10,5212.6,2112.6,1.1
2026-08-10,prod-5,Ultra-Wide 4K Monitor 34-inch,Display & PC,ELEC-UWM-005,507.76,310.0,504.51,VisionMarket,0,0,0,8,0,0,10,5077.6,1977.6,1.1
2026-08-11,prod-5,Ultra-Wide 4K Monitor 34-inch,Display & PC,ELEC-UWM-005,505.03,310.0,514.46,VisionMarket,0,0,1,8,0,0,10,5050.3,1950.3,1.1
2026-08-12,prod-5,Ultra-Wide 4K Monitor 34-inch,Display & PC,ELEC-UWM-005,517.45,310.0,534.93,VisionMarket,0,0,2,8,0,0,9,4657.05,1867.05,1.1
2026-08-13,prod-5,Ultra-Wide 4K Monitor 34-inch,Display & PC,ELEC-UWM-005,522.93,310.0,549.15,VisionMarket,0,0,3,8,0,0,9,4706.37,1916.37,1.1
2026-08-14,prod-5,Ultra-Wide 4K Monitor 34-inch,Display & PC,ELEC-UWM-005,480.73,310.0,502.6,VisionMarket,0,0,4,8,0,0,10,4807.3,1707.3,1.1
2026-08-15,prod-5,Ultra-Wide 4K Monitor 34-inch,Display & PC,ELEC-UWM-005,527.33,310.0,536.22,VisionMarket,0,0,5,8,1,0,11,5800.63,2390.63,1.1
2026-08-16,prod-5,Ultra-Wide 4K Monitor 34-inch,Display & PC,ELEC-UWM-005,517.43,310.0,537.08,VisionMarket,0,0,6,8,1,0,12,6209.16,2489.16,1.1
2026-08-17,prod-5,Ultra-Wide 4K Monitor 34-inch,Display & PC,ELEC-UWM-005,497.11,310.0,491.21,VisionMarket,0,0,0,8,0,0,10,4971.1,1871.1,1.1
2025-08-18,prod-6,Portable Espresso Coffee Maker,Home Appliances,HOME-PEC-006,73.4,32.0,71.85,KitchenBoutique,0,0,0,8,0,0,26,1908.4,1076.4,1.6
2025-08-19,prod-6,Portable Espresso Coffee Maker,Home Appliances,HOME-PEC-006,70.79,32.0,74.34,KitchenBoutique,0,0,1,8,0,0,30,2123.7,1163.7,1.6
2025-08-20,prod-6,Portable Espresso Coffee Maker,Home Appliances,HOME-PEC-006,72.09,32.0,69.56,KitchenBoutique,0,0,2,8,0,0,28,2018.52,1122.52,1.6
2025-08-21,prod-6,Portable Espresso Coffee Maker,Home Appliances,HOME-PEC-006,74.06,32.0,74.94,KitchenBoutique,0,0,3,8,0,0,28,2073.68,1177.68,1.6
2025-08-22,prod-6,Portable Espresso Coffee Maker,Home Appliances,HOME-PEC-006,72.47,32.0,69.79,KitchenBoutique,0,0,4,8,0,0,27,1956.69,1092.69,1.6
2025-08-23,prod-6,Portable Espresso Coffee Maker,Home Appliances,HOME-PEC-006,70.71,32.0,75.53,KitchenBoutique,0,0,5,8,1,0,34,2404.14,1316.14,1.6
2025-08-24,prod-6,Portable Espresso Coffee Maker,Home Appliances,HOME-PEC-006,74.92,32.0,72.63,KitchenBoutique,0,0,6,8,1,0,29,2172.68,1244.68,1.6
2025-08-25,prod-6,Portable Espresso Coffee Maker,Home Appliances,HOME-PEC-006,71.09,32.0,71.32,KitchenBoutique,0,0,0,8,0,0,28,1990.52,1094.52,1.6
2025-08-26,prod-6,Portable Espresso Coffee Maker,Home Appliances,HOME-PEC-006,76.07,32.0,75.31,KitchenBoutique,0,0,1,8,0,0,28,2129.96,1233.96,1.6
2025-08-27,prod-6,Portable Espresso Coffee Maker,Home Appliances,HOME-PEC-006,77.59,32.0,76.26,KitchenBoutique,0,0,2,8,0,0,23,1784.57,1048.57,1.6
2025-08-28,prod-6,Portable Espresso Coffee Maker,Home Appliances,HOME-PEC-006,77.67,32.0,81.24,KitchenBoutique,0,0,3,8,0,0,24,1864.08,1096.08,1.6
2025-08-29,prod-6,Portable Espresso Coffee Maker,Home Appliances,HOME-PEC-006,76.91,32.0,76.43,KitchenBoutique,0,0,4,8,0,0,29,2230.39,1302.39,1.6
2025-08-30,prod-6,Portable Espresso Coffee Maker,Home Appliances,HOME-PEC-006,78.49,32.0,83.09,KitchenBoutique,0,0,5,8,1,0,25,1962.25,1162.25,1.6
2025-08-31,prod-6,Portable Espresso Coffee Maker,Home Appliances,HOME-PEC-006,75.88,32.0,81.85,KitchenBoutique,0,0,6,8,1,0,33,2504.04,1448.04,1.6
2025-09-01,prod-6,Portable Espresso Coffee Maker,Home Appliances,HOME-PEC-006,72.06,32.0,75.43,KitchenBoutique,0,0,0,9,0,0,27,1945.62,1081.62,1.6
2025-09-02,prod-6,Portable Espresso Coffee Maker,Home Appliances,HOME-PEC-006,75.28,32.0,77.26,KitchenBoutique,0,0,1,9,0,0,29,2183.12,1255.12,1.6
2025-09-03,prod-6,Portable Espresso Coffee Maker,Home Appliances,HOME-PEC-006,73.08,32.0,70.91,KitchenBoutique,0,0,2,9,0,0,28,2046.24,1150.24,1.6
2025-09-04,prod-6,Portable Espresso Coffee Maker,Home Appliances,HOME-PEC-006,78.45,32.0,79.24,KitchenBoutique,0,0,3,9,0,0,27,2118.15,1254.15,1.6
2025-09-05,prod-6,Portable Espresso Coffee Maker,Home Appliances,HOME-PEC-006,70.3,32.0,68.66,KitchenBoutique,0,0,4,9,0,0,29,2038.7,1110.7,1.6
2025-09-06,prod-6,Portable Espresso Coffee Maker,Home Appliances,HOME-PEC-006,76.63,32.0,78.16,KitchenBoutique,0,0,5,9,1,0,28,2145.64,1249.64,1.6
2025-09-07,prod-6,Portable Espresso Coffee Maker,Home Appliances,HOME-PEC-006,72.05,32.0,72.85,KitchenBoutique,0,0,6,9,1,0,35,2521.75,1401.75,1.6
2025-09-08,prod-6,Portable Espresso Coffee Maker,Home Appliances,HOME-PEC-006,76.2,32.0,75.89,KitchenBoutique,0,0,0,9,0,0,27,2057.4,1193.4,1.6
2025-09-09,prod-6,Portable Espresso Coffee Maker,Home Appliances,HOME-PEC-006,70.32,32.0,68.68,KitchenBoutique,0,0,1,9,0,0,34,2390.88,1302.88,1.6
2025-09-10,prod-6,Portable Espresso Coffee Maker,Home Appliances,HOME-PEC-006,75.11,32.0,79.31,KitchenBoutique,0,0,2,9,0,0,28,2103.08,1207.08,1.6
2025-09-11,prod-6,Portable Espresso Coffee Maker,Home Appliances,HOME-PEC-006,73.52,32.0,73.94,KitchenBoutique,0,0,3,9,0,0,25,1838.0,1038.0,1.6
2025-09-12,prod-6,Portable Espresso Coffee Maker,Home Appliances,HOME-PEC-006,73.48,32.0,74.73,KitchenBoutique,0,0,4,9,0,0,31,2277.88,1285.88,1.6
2025-09-13,prod-6,Portable Espresso Coffee Maker,Home Appliances,HOME-PEC-006,75.74,32.0,75.48,KitchenBoutique,0,0,5,9,1,0,31,2347.94,1355.94,1.6
2025-09-14,prod-6,Portable Espresso Coffee Maker,Home Appliances,HOME-PEC-006,71.62,32.0,75.86,KitchenBoutique,0,0,6,9,1,0,29,2076.98,1148.98,1.6
2025-09-15,prod-6,Portable Espresso Coffee Maker,Home Appliances,HOME-PEC-006,71.81,32.0,76.79,KitchenBoutique,0,0,0,9,0,0,27,1938.87,1074.87,1.6
2025-09-16,prod-6,Portable Espresso Coffee Maker,Home Appliances,HOME-PEC-006,72.63,32.0,74.3,KitchenBoutique,0,0,1,9,0,0,28,2033.64,1137.64,1.6
2025-09-17,prod-6,Portable Espresso Coffee Maker,Home Appliances,HOME-PEC-006,70.13,32.0,70.07,KitchenBoutique,0,0,2,9,0,0,30,2103.9,1143.9,1.6
2025-09-18,prod-6,Portable Espresso Coffee Maker,Home Appliances,HOME-PEC-006,78.88,32.0,76.95,KitchenBoutique,0,0,3,9,0,0,27,2129.76,1265.76,1.6
2025-09-19,prod-6,Portable Espresso Coffee Maker,Home Appliances,HOME-PEC-006,73.51,32.0,78.54,KitchenBoutique,0,0,4,9,0,0,31,2278.81,1286.81,1.6
2025-09-20,prod-6,Portable Espresso Coffee Maker,Home Appliances,HOME-PEC-006,72.8,32.0,77.03,KitchenBoutique,0,0,5,9,1,0,29,2111.2,1183.2,1.6
2025-09-21,prod-6,Portable Espresso Coffee Maker,Home Appliances,HOME-PEC-006,75.17,32.0,74.96,KitchenBoutique,0,0,6,9,1,0,32,2405.44,1381.44,1.6
2025-09-22,prod-6,Portable Espresso Coffee Maker,Home Appliances,HOME-PEC-006,74.13,32.0,72.96,KitchenBoutique,0,0,0,9,0,0,27,2001.51,1137.51,1.6
2025-09-23,prod-6,Portable Espresso Coffee Maker,Home Appliances,HOME-PEC-006,77.4,32.0,79.92,KitchenBoutique,0,0,1,9,0,0,25,1935.0,1135.0,1.6
2025-09-24,prod-6,Portable Espresso Coffee Maker,Home Appliances,HOME-PEC-006,75.12,32.0,76.54,KitchenBoutique,0,0,2,9,0,0,24,1802.88,1034.88,1.6
2025-09-25,prod-6,Portable Espresso Coffee Maker,Home Appliances,HOME-PEC-006,70.84,32.0,73.5,KitchenBoutique,0,0,3,9,0,0,29,2054.36,1126.36,1.6
2025-09-26,prod-6,Portable Espresso Coffee Maker,Home Appliances,HOME-PEC-006,77.56,32.0,81.83,KitchenBoutique,0,0,4,9,0,0,28,2171.68,1275.68,1.6
2025-09-27,prod-6,Portable Espresso Coffee Maker,Home Appliances,HOME-PEC-006,77.63,32.0,78.39,KitchenBoutique,0,0,5,9,1,0,30,2328.9,1368.9,1.6
2025-09-28,prod-6,Portable Espresso Coffee Maker,Home Appliances,HOME-PEC-006,73.89,32.0,74.35,KitchenBoutique,0,0,6,9,1,0,33,2438.37,1382.37,1.6
2025-09-29,prod-6,Portable Espresso Coffee Maker,Home Appliances,HOME-PEC-006,70.88,32.0,73.99,KitchenBoutique,5,1,0,9,0,0,31,2087.42,1095.42,1.6
2025-09-30,prod-6,Portable Espresso Coffee Maker,Home Appliances,HOME-PEC-006,75.65,32.0,75.27,KitchenBoutique,0,0,1,9,0,0,28,2118.2,1222.2,1.6
2025-10-01,prod-6,Portable Espresso Coffee Maker,Home Appliances,HOME-PEC-006,76.49,32.0,75.42,KitchenBoutique,0,0,2,10,0,0,30,2294.7,1334.7,1.6
2025-10-02,prod-6,Portable Espresso Coffee Maker,Home Appliances,HOME-PEC-006,74.97,32.0,80.93,KitchenBoutique,0,1,3,10,0,0,27,2024.19,1160.19,1.6
2025-10-03,prod-6,Portable Espresso Coffee Maker,Home Appliances,HOME-PEC-006,77.0,32.0,77.71,KitchenBoutique,0,0,4,10,0,0,24,1848.0,1080.0,1.6
2025-10-04,prod-6,Portable Espresso Coffee Maker,Home Appliances,HOME-PEC-006,70.43,32.0,67.84,KitchenBoutique,0,0,5,10,1,0,35,2465.05,1345.05,1.6
2025-10-05,prod-6,Portable Espresso Coffee Maker,Home Appliances,HOME-PEC-006,74.16,32.0,74.25,KitchenBoutique,0,0,6,10,1,0,29,2150.64,1222.64,1.6
2025-10-06,prod-6,Portable Espresso Coffee Maker,Home Appliances,HOME-PEC-006,70.37,32.0,69.67,KitchenBoutique,0,0,0,10,0,0,27,1899.99,1035.99,1.6
2025-10-07,prod-6,Portable Espresso Coffee Maker,Home Appliances,HOME-PEC-006,76.02,32.0,77.21,KitchenBoutique,0,0,1,10,0,0,24,1824.48,1056.48,1.6
2025-10-08,prod-6,Portable Espresso Coffee Maker,Home Appliances,HOME-PEC-006,75.9,32.0,79.36,KitchenBoutique,0,0,2,10,0,0,26,1973.4,1141.4,1.6
2025-10-09,prod-6,Portable Espresso Coffee Maker,Home Appliances,HOME-PEC-006,72.53,32.0,71.03,KitchenBoutique,0,0,3,10,0,0,29,2103.37,1175.37,1.6
2025-10-10,prod-6,Portable Espresso Coffee Maker,Home Appliances,HOME-PEC-006,71.61,32.0,69.81,KitchenBoutique,0,0,4,10,0,0,27,1933.47,1069.47,1.6
2025-10-11,prod-6,Portable Espresso Coffee Maker,Home Appliances,HOME-PEC-006,76.03,32.0,73.09,KitchenBoutique,0,0,5,10,1,0,29,2204.87,1276.87,1.6
2025-10-12,prod-6,Portable Espresso Coffee Maker,Home Appliances,HOME-PEC-006,71.62,32.0,74.9,KitchenBoutique,0,0,6,10,1,0,33,2363.46,1307.46,1.6
2025-10-13,prod-6,Portable Espresso Coffee Maker,Home Appliances,HOME-PEC-006,73.98,32.0,71.44,KitchenBoutique,0,0,0,10,0,0,28,2071.44,1175.44,1.6
2025-10-14,prod-6,Portable Espresso Coffee Maker,Home Appliances,HOME-PEC-006,75.95,32.0,78.93,KitchenBoutique,10,1,1,10,0,0,31,2119.01,1127.01,1.6
2025-10-15,prod-6,Portable Espresso Coffee Maker,Home Appliances,HOME-PEC-006,75.38,32.0,72.81,KitchenBoutique,0,0,2,10,0,0,25,1884.5,1084.5,1.6
2025-10-16,prod-6,Portable Espresso Coffee Maker,Home Appliances,HOME-PEC-006,72.26,32.0,77.25,KitchenBoutique,0,0,3,10,0,0,25,1806.5,1006.5,1.6
2025-10-17,prod-6,Portable Espresso Coffee Maker,Home Appliances,HOME-PEC-006,70.28,32.0,67.59,KitchenBoutique,0,0,4,10,0,0,32,2248.96,1224.96,1.6
2025-10-18,prod-6,Portable Espresso Coffee Maker,Home Appliances,HOME-PEC-006,70.59,32.0,75.89,KitchenBoutique,5,1,5,10,1,0,39,2615.36,1367.36,1.6
2025-10-19,prod-6,Portable Espresso Coffee Maker,Home Appliances,HOME-PEC-006,70.42,32.0,71.93,KitchenBoutique,0,0,6,10,1,0,32,2253.44,1229.44,1.6
2025-10-20,prod-6,Portable Espresso Coffee Maker,Home Appliances,HOME-PEC-006,75.63,32.0,78.27,KitchenBoutique,0,0,0,10,0,0,26,1966.38,1134.38,1.6
2025-10-21,prod-6,Portable Espresso Coffee Maker,Home Appliances,HOME-PEC-006,73.86,32.0,72.97,KitchenBoutique,10,1,1,10,0,0,30,1994.22,1034.22,1.6
2025-10-22,prod-6,Portable Espresso Coffee Maker,Home Appliances,HOME-PEC-006,73.63,32.0,73.48,KitchenBoutique,0,0,2,10,0,0,28,2061.64,1165.64,1.6
2025-10-23,prod-6,Portable Espresso Coffee Maker,Home Appliances,HOME-PEC-006,70.62,32.0,74.7,KitchenBoutique,0,0,3,10,0,0,29,2047.98,1119.98,1.6
2025-10-24,prod-6,Portable Espresso Coffee Maker,Home Appliances,HOME-PEC-006,70.63,32.0,69.66,KitchenBoutique,0,0,4,10,0,0,31,2189.53,1197.53,1.6
2025-10-25,prod-6,Portable Espresso Coffee Maker,Home Appliances,HOME-PEC-006,78.82,32.0,76.63,KitchenBoutique,0,0,5,10,1,0,32,2522.24,1498.24,1.6
2025-10-26,prod-6,Portable Espresso Coffee Maker,Home Appliances,HOME-PEC-006,77.63,32.0,76.12,KitchenBoutique,0,0,6,10,1,0,30,2328.9,1368.9,1.6
2025-10-27,prod-6,Portable Espresso Coffee Maker,Home Appliances,HOME-PEC-006,78.8,32.0,82.23,KitchenBoutique,0,0,0,10,0,0,28,2206.4,1310.4,1.6
2025-10-28,prod-6,Portable Espresso Coffee Maker,Home Appliances,HOME-PEC-006,76.23,32.0,76.22,KitchenBoutique,0,0,1,10,0,0,29,2210.67,1282.67,1.6
2025-10-29,prod-6,Portable Espresso Coffee Maker,Home Appliances,HOME-PEC-006,72.87,32.0,77.4,KitchenBoutique,0,0,2,10,0,0,27,1967.49,1103.49,1.6
2025-10-30,prod-6,Portable Espresso Coffee Maker,Home Appliances,HOME-PEC-006,75.47,32.0,77.75,KitchenBoutique,0,0,3,10,0,0,28,2113.16,1217.16,1.6
2025-10-31,prod-6,Portable Espresso Coffee Maker,Home Appliances,HOME-PEC-006,72.11,32.0,74.31,KitchenBoutique,0,0,4,10,0,0,27,1946.97,1082.97,1.6
2025-11-01,prod-6,Portable Espresso Coffee Maker,Home Appliances,HOME-PEC-006,75.54,32.0,80.65,KitchenBoutique,0,0,5,11,1,0,32,2417.28,1393.28,1.6
2025-11-02,prod-6,Portable Espresso Coffee Maker,Home Appliances,HOME-PEC-006,76.8,32.0,79.44,KitchenBoutique,10,1,6,11,1,0,35,2419.2,1299.2,1.6
2025-11-03,prod-6,Portable Espresso Coffee Maker,Home Appliances,HOME-PEC-006,71.84,32.0,72.21,KitchenBoutique,0,0,0,11,0,0,27,1939.68,1075.68,1.6
2025-11-04,prod-6,Portable Espresso Coffee Maker,Home Appliances,HOME-PEC-006,76.51,32.0,82.53,KitchenBoutique,0,0,1,11,0,0,29,2218.79,1290.79,1.6
2025-11-05,prod-6,Portable Espresso Coffee Maker,Home Appliances,HOME-PEC-006,71.23,32.0,71.09,KitchenBoutique,0,0,2,11,0,0,26,1851.98,1019.98,1.6
2025-11-06,prod-6,Portable Espresso Coffee Maker,Home Appliances,HOME-PEC-006,77.11,32.0,77.86,KitchenBoutique,0,0,3,11,0,0,28,2159.08,1263.08,1.6
2025-11-07,prod-6,Portable Espresso Coffee Maker,Home Appliances,HOME-PEC-006,72.08,32.0,75.54,KitchenBoutique,0,0,4,11,0,0,27,1946.16,1082.16,1.6
2025-11-08,prod-6,Portable Espresso Coffee Maker,Home Appliances,HOME-PEC-006,70.51,32.0,75.45,KitchenBoutique,0,0,5,11,1,0,36,2538.36,1386.36,1.6
2025-11-09,prod-6,Portable Espresso Coffee Maker,Home Appliances,HOME-PEC-006,76.25,32.0,75.24,KitchenBoutique,0,0,6,11,1,0,30,2287.5,1327.5,1.6
2025-11-10,prod-6,Portable Espresso Coffee Maker,Home Appliances,HOME-PEC-006,71.67,32.0,74.22,KitchenBoutique,15,1,0,11,0,0,34,2071.26,983.26,1.6
2025-11-11,prod-6,Portable Espresso Coffee Maker,Home Appliances,HOME-PEC-006,71.75,32.0,74.34,KitchenBoutique,0,0,1,11,0,0,27,1937.25,1073.25,1.6
2025-11-12,prod-6,Portable Espresso Coffee Maker,Home Appliances,HOME-PEC-006,70.85,32.0,73.05,KitchenBoutique,0,0,2,11,0,0,33,2338.05,1282.05,1.6
2025-11-13,prod-6,Portable Espresso Coffee Maker,Home Appliances,HOME-PEC-006,72.14,32.0,69.93,KitchenBoutique,0,0,3,11,0,0,28,2019.92,1123.92,1.6
2025-11-14,prod-6,Portable Espresso Coffee Maker,Home Appliances,HOME-PEC-006,76.48,32.0,75.67,KitchenBoutique,0,0,4,11,0,0,25,1912.0,1112.0,1.6
2025-11-15,prod-6,Portable Espresso Coffee Maker,Home Appliances,HOME-PEC-006,72.58,32.0,73.58,KitchenBoutique,0,0,5,11,1,0,30,2177.4,1217.4,1.6
2025-11-16,prod-6,Portable Espresso Coffee Maker,Home Appliances,HOME-PEC-006,77.01,32.0,74.67,KitchenBoutique,0,0,6,11,1,0,29,2233.29,1305.29,1.6
2025-11-17,prod-6,Portable Espresso Coffee Maker,Home Appliances,HOME-PEC-006,71.53,32.0,72.46,KitchenBoutique,0,0,0,11,0,0,31,2217.43,1225.43,1.6
2025-11-18,prod-6,Portable Espresso Coffee Maker,Home Appliances,HOME-PEC-006,76.83,32.0,81.31,KitchenBoutique,0,0,1,11,0,0,23,1767.09,1031.09,1.6
2025-11-19,prod-6,Portable Espresso Coffee Maker,Home Appliances,HOME-PEC-006,73.44,32.0,78.03,KitchenBoutique,0,0,2,11,0,0,31,2276.64,1284.64,1.6
2025-11-20,prod-6,Portable Espresso Coffee Maker,Home Appliances,HOME-PEC-006,75.35,32.0,73.72,KitchenBoutique,0,0,3,11,0,1,33,2486.55,1430.55,1.6
2025-11-21,prod-6,Portable Espresso Coffee Maker,Home Appliances,HOME-PEC-006,74.18,32.0,75.25,KitchenBoutique,0,0,4,11,0,1,37,2744.66,1560.66,1.6
2025-11-22,prod-6,Portable Espresso Coffee Maker,Home Appliances,HOME-PEC-006,70.67,32.0,69.0,KitchenBoutique,0,0,5,11,1,1,39,2756.13,1508.13,1.6
2025-11-23,prod-6,Portable Espresso Coffee Maker,Home Appliances,HOME-PEC-006,71.73,32.0,68.97,KitchenBoutique,0,0,6,11,1,1,44,3156.12,1748.12,1.6
2025-11-24,prod-6,Portable Espresso Coffee Maker,Home Appliances,HOME-PEC-006,74.42,32.0,79.71,KitchenBoutique,0,0,0,11,0,1,40,2976.8,1696.8,1.6
2025-11-25,prod-6,Portable Espresso Coffee Maker,Home Appliances,HOME-PEC-006,73.37,32.0,74.75,KitchenBoutique,0,0,1,11,0,1,38,2788.06,1572.06,1.6
2025-11-26,prod-6,Portable Espresso Coffee Maker,Home Appliances,HOME-PEC-006,73.68,32.0,71.08,KitchenBoutique,0,0,2,11,0,1,36,2652.48,1500.48,1.6
2025-11-27,prod-6,Portable Espresso Coffee Maker,Home Appliances,HOME-PEC-006,75.09,32.0,73.84,KitchenBoutique,0,0,3,11,0,1,33,2477.97,1421.97,1.6
2025-11-28,prod-6,Portable Espresso Coffee Maker,Home Appliances,HOME-PEC-006,78.19,32.0,81.84,KitchenBoutique,0,0,4,11,0,1,33,2580.27,1524.27,1.6
2025-11-29,prod-6,Portable Espresso Coffee Maker,Home Appliances,HOME-PEC-006,76.19,32.0,79.51,KitchenBoutique,0,0,5,11,1,1,42,3199.98,1855.98,1.6
2025-11-30,prod-6,Portable Espresso Coffee Maker,Home Appliances,HOME-PEC-006,76.61,32.0,75.77,KitchenBoutique,10,1,6,11,1,1,46,3171.65,1699.65,1.6
2025-12-01,prod-6,Portable Espresso Coffee Maker,Home Appliances,HOME-PEC-006,76.08,32.0,79.4,KitchenBoutique,0,0,0,12,0,0,25,1902.0,1102.0,1.6
2025-12-02,prod-6,Portable Espresso Coffee Maker,Home Appliances,HOME-PEC-006,74.1,32.0,77.19,KitchenBoutique,0,0,1,12,0,0,28,2074.8,1178.8,1.6
2025-12-03,prod-6,Portable Espresso Coffee Maker,Home Appliances,HOME-PEC-006,78.54,32.0,83.33,KitchenBoutique,0,1,2,12,0,0,26,2042.04,1210.04,1.6
2025-12-04,prod-6,Portable Espresso Coffee Maker,Home Appliances,HOME-PEC-006,78.23,32.0,78.83,KitchenBoutique,0,0,3,12,0,0,28,2190.44,1294.44,1.6
2025-12-05,prod-6,Portable Espresso Coffee Maker,Home Appliances,HOME-PEC-006,74.67,32.0,73.38,KitchenBoutique,0,0,4,12,0,0,30,2240.1,1280.1,1.6
2025-12-06,prod-6,Portable Espresso Coffee Maker,Home Appliances,HOME-PEC-006,72.29,32.0,72.02,KitchenBoutique,0,0,5,12,1,0,34,2457.86,1369.86,1.6
2025-12-07,prod-6,Portable Espresso Coffee Maker,Home Appliances,HOME-PEC-006,73.45,32.0,73.23,KitchenBoutique,0,0,6,12,1,0,34,2497.3,1409.3,1.6
2025-12-08,prod-6,Portable Espresso Coffee Maker,Home Appliances,HOME-PEC-006,76.54,32.0,74.29,KitchenBoutique,0,0,0,12,0,0,28,2143.12,1247.12,1.6
2025-12-09,prod-6,Portable Espresso Coffee Maker,Home Appliances,HOME-PEC-006,73.11,32.0,71.44,KitchenBoutique,0,0,1,12,0,0,31,2266.41,1274.41,1.6
2025-12-10,prod-6,Portable Espresso Coffee Maker,Home Appliances,HOME-PEC-006,73.59,32.0,73.37,KitchenBoutique,0,0,2,12,0,0,30,2207.7,1247.7,1.6
2025-12-11,prod-6,Portable Espresso Coffee Maker,Home Appliances,HOME-PEC-006,70.04,32.0,67.83,KitchenBoutique,0,0,3,12,0,0,31,2171.24,1179.24,1.6
2025-12-12,prod-6,Portable Espresso Coffee Maker,Home Appliances,HOME-PEC-006,75.88,32.0,79.52,KitchenBoutique,0,0,4,12,0,0,26,1972.88,1140.88,1.6
2025-12-13,prod-6,Portable Espresso Coffee Maker,Home Appliances,HOME-PEC-006,76.32,32.0,75.08,KitchenBoutique,0,0,5,12,1,0,33,2518.56,1462.56,1.6
2025-12-14,prod-6,Portable Espresso Coffee Maker,Home Appliances,HOME-PEC-006,74.06,32.0,78.34,KitchenBoutique,0,0,6,12,1,0,28,2073.68,1177.68,1.6
2025-12-15,prod-6,Portable Espresso Coffee Maker,Home Appliances,HOME-PEC-006,71.66,32.0,75.32,KitchenBoutique,0,0,0,12,0,1,42,3009.72,1665.72,1.6
2025-12-16,prod-6,Portable Espresso Coffee Maker,Home Appliances,HOME-PEC-006,73.68,32.0,76.28,KitchenBoutique,0,0,1,12,0,1,40,2947.2,1667.2,1.6
2025-12-17,prod-6,Portable Espresso Coffee Maker,Home Appliances,HOME-PEC-006,71.52,32.0,71.17,KitchenBoutique,0,0,2,12,0,1,36,2574.72,1422.72,1.6
2025-12-18,prod-6,Portable Espresso Coffee Maker,Home Appliances,HOME-PEC-006,73.09,32.0,75.3,KitchenBoutique,0,0,3,12,0,1,39,2850.51,1602.51,1.6
2025-12-19,prod-6,Portable Espresso Coffee Maker,Home Appliances,HOME-PEC-006,70.93,32.0,68.61,KitchenBoutique,0,0,4,12,0,1,34,2411.62,1323.62,1.6
2025-12-20,prod-6,Portable Espresso Coffee Maker,Home Appliances,HOME-PEC-006,75.24,32.0,81.15,KitchenBoutique,0,1,5,12,1,1,37,2783.88,1599.88,1.6
2025-12-21,prod-6,Portable Espresso Coffee Maker,Home Appliances,HOME-PEC-006,74.68,32.0,80.31,KitchenBoutique,0,0,6,12,1,1,39,2912.52,1664.52,1.6
2025-12-22,prod-6,Portable Espresso Coffee Maker,Home Appliances,HOME-PEC-006,76.8,32.0,79.3,KitchenBoutique,0,0,0,12,0,1,36,2764.8,1612.8,1.6
2025-12-23,prod-6,Portable Espresso Coffee Maker,Home Appliances,HOME-PEC-006,73.1,32.0,72.94,KitchenBoutique,0,0,1,12,0,1,36,2631.6,1479.6,1.6
2025-12-24,prod-6,Portable Espresso Coffee Maker,Home Appliances,HOME-PEC-006,73.59,32.0,76.04,KitchenBoutique,0,0,2,12,0,1,40,2943.6,1663.6,1.6
2025-12-25,prod-6,Portable Espresso Coffee Maker,Home Appliances,HOME-PEC-006,77.24,32.0,74.18,KitchenBoutique,0,0,3,12,0,1,33,2548.92,1492.92,1.6
2025-12-26,prod-6,Portable Espresso Coffee Maker,Home Appliances,HOME-PEC-006,77.5,32.0,83.0,KitchenBoutique,0,1,4,12,0,1,37,2867.5,1683.5,1.6
2025-12-27,prod-6,Portable Espresso Coffee Maker,Home Appliances,HOME-PEC-006,72.53,32.0,75.71,KitchenBoutique,0,0,5,12,1,1,40,2901.2,1621.2,1.6
2025-12-28,prod-6,Portable Espresso Coffee Maker,Home Appliances,HOME-PEC-006,75.56,32.0,78.51,KitchenBoutique,0,0,6,12,1,1,38,2871.28,1655.28,1.6
2025-12-29,prod-6,Portable Espresso Coffee Maker,Home Appliances,HOME-PEC-006,71.71,32.0,77.33,KitchenBoutique,0,0,0,12,0,1,41,2940.11,1628.11,1.6
2025-12-30,prod-6,Portable Espresso Coffee Maker,Home Appliances,HOME-PEC-006,70.18,32.0,70.41,KitchenBoutique,10,1,1,12,0,1,49,3094.94,1526.94,1.6
2025-12-31,prod-6,Portable Espresso Coffee Maker,Home Appliances,HOME-PEC-006,72.12,32.0,73.43,KitchenBoutique,0,0,2,12,0,1,41,2956.92,1644.92,1.6
2026-01-01,prod-6,Portable Espresso Coffee Maker,Home Appliances,HOME-PEC-006,73.14,32.0,78.46,KitchenBoutique,0,0,3,1,0,1,37,2706.18,1522.18,1.6
2026-01-02,prod-6,Portable Espresso Coffee Maker,Home Appliances,HOME-PEC-006,75.92,32.0,79.26,KitchenBoutique,15,1,4,1,0,1,43,2774.88,1398.88,1.6
2026-01-03,prod-6,Portable Espresso Coffee Maker,Home Appliances,HOME-PEC-006,71.77,32.0,70.13,KitchenBoutique,0,0,5,1,1,1,42,3014.34,1670.34,1.6
2026-01-04,prod-6,Portable Espresso Coffee Maker,Home Appliances,HOME-PEC-006,77.69,32.0,79.29,KitchenBoutique,0,0,6,1,1,1,39,3029.91,1781.91,1.6
2026-01-05,prod-6,Portable Espresso Coffee Maker,Home Appliances,HOME-PEC-006,72.72,32.0,75.68,KitchenBoutique,0,0,0,1,0,1,41,2981.52,1669.52,1.6
2026-01-06,prod-6,Portable Espresso Coffee Maker,Home Appliances,HOME-PEC-006,71.53,32.0,72.5,KitchenBoutique,5,1,1,1,0,0,30,2038.61,1078.6,1.6
2026-01-07,prod-6,Portable Espresso Coffee Maker,Home Appliances,HOME-PEC-006,71.55,32.0,76.79,KitchenBoutique,0,0,2,1,0,0,27,1931.85,1067.85,1.6
2026-01-08,prod-6,Portable Espresso Coffee Maker,Home Appliances,HOME-PEC-006,78.91,32.0,76.03,KitchenBoutique,0,0,3,1,0,0,24,1893.84,1125.84,1.6
2026-01-09,prod-6,Portable Espresso Coffee Maker,Home Appliances,HOME-PEC-006,73.46,32.0,72.99,KitchenBoutique,0,0,4,1,0,0,29,2130.34,1202.34,1.6
2026-01-10,prod-6,Portable Espresso Coffee Maker,Home Appliances,HOME-PEC-006,78.54,32.0,81.72,KitchenBoutique,0,0,5,1,1,0,31,2434.74,1442.74,1.6
2026-01-11,prod-6,Portable Espresso Coffee Maker,Home Appliances,HOME-PEC-006,75.69,32.0,77.13,KitchenBoutique,0,0,6,1,1,0,29,2195.01,1267.01,1.6
2026-01-12,prod-6,Portable Espresso Coffee Maker,Home Appliances,HOME-PEC-006,72.03,32.0,74.13,KitchenBoutique,0,0,0,1,0,0,26,1872.78,1040.78,1.6
2026-01-13,prod-6,Portable Espresso Coffee Maker,Home Appliances,HOME-PEC-006,73.1,32.0,78.16,KitchenBoutique,0,0,1,1,0,0,30,2193.0,1233.0,1.6
2026-01-14,prod-6,Portable Espresso Coffee Maker,Home Appliances,HOME-PEC-006,75.88,32.0,79.99,KitchenBoutique,0,0,2,1,0,0,26,1972.88,1140.88,1.6
2026-01-15,prod-6,Portable Espresso Coffee Maker,Home Appliances,HOME-PEC-006,72.12,32.0,71.48,KitchenBoutique,0,0,3,1,0,0,26,1875.12,1043.12,1.6
2026-01-16,prod-6,Portable Espresso Coffee Maker,Home Appliances,HOME-PEC-006,73.07,32.0,75.34,KitchenBoutique,0,0,4,1,0,0,31,2265.17,1273.17,1.6
2026-01-17,prod-6,Portable Espresso Coffee Maker,Home Appliances,HOME-PEC-006,75.15,32.0,73.29,KitchenBoutique,0,0,5,1,1,0,30,2254.5,1294.5,1.6
2026-01-18,prod-6,Portable Espresso Coffee Maker,Home Appliances,HOME-PEC-006,76.62,32.0,76.41,KitchenBoutique,0,0,6,1,1,0,27,2068.74,1204.74,1.6
2026-01-19,prod-6,Portable Espresso Coffee Maker,Home Appliances,HOME-PEC-006,73.5,32.0,74.3,KitchenBoutique,0,0,0,1,0,0,30,2205.0,1245.0,1.6
2026-01-20,prod-6,Portable Espresso Coffee Maker,Home Appliances,HOME-PEC-006,78.38,32.0,76.43,KitchenBoutique,0,0,1,1,0,0,26,2037.88,1205.88,1.6
2026-01-21,prod-6,Portable Espresso Coffee Maker,Home Appliances,HOME-PEC-006,70.98,32.0,68.22,KitchenBoutique,0,0,2,1,0,0,28,1987.44,1091.44,1.6
2026-01-22,prod-6,Portable Espresso Coffee Maker,Home Appliances,HOME-PEC-006,77.33,32.0,76.99,KitchenBoutique,0,0,3,1,0,0,27,2087.91,1223.91,1.6
2026-01-23,prod-6,Portable Espresso Coffee Maker,Home Appliances,HOME-PEC-006,71.35,32.0,70.92,KitchenBoutique,0,0,4,1,0,0,32,2283.2,1259.2,1.6
2026-01-24,prod-6,Portable Espresso Coffee Maker,Home Appliances,HOME-PEC-006,77.43,32.0,74.65,KitchenBoutique,0,0,5,1,1,0,29,2245.47,1317.47,1.6
2026-01-25,prod-6,Portable Espresso Coffee Maker,Home Appliances,HOME-PEC-006,76.19,32.0,75.64,KitchenBoutique,0,0,6,1,1,0,30,2285.7,1325.7,1.6
2026-01-26,prod-6,Portable Espresso Coffee Maker,Home Appliances,HOME-PEC-006,75.67,32.0,74.6,KitchenBoutique,0,0,0,1,0,0,30,2270.1,1310.1,1.6
2026-01-27,prod-6,Portable Espresso Coffee Maker,Home Appliances,HOME-PEC-006,70.56,32.0,74.6,KitchenBoutique,0,0,1,1,0,0,32,2257.92,1233.92,1.6
2026-01-28,prod-6,Portable Espresso Coffee Maker,Home Appliances,HOME-PEC-006,77.61,32.0,83.21,KitchenBoutique,0,0,2,1,0,0,27,2095.47,1231.47,1.6
2026-01-29,prod-6,Portable Espresso Coffee Maker,Home Appliances,HOME-PEC-006,78.28,32.0,82.44,KitchenBoutique,0,0,3,1,0,0,27,2113.56,1249.56,1.6
2026-01-30,prod-6,Portable Espresso Coffee Maker,Home Appliances,HOME-PEC-006,72.7,32.0,76.9,KitchenBoutique,0,0,4,1,0,0,26,1890.2,1058.2,1.6
2026-01-31,prod-6,Portable Espresso Coffee Maker,Home Appliances,HOME-PEC-006,70.22,32.0,70.72,KitchenBoutique,0,0,5,1,1,0,34,2387.48,1299.48,1.6
2026-02-01,prod-6,Portable Espresso Coffee Maker,Home Appliances,HOME-PEC-006,73.14,32.0,73.65,KitchenBoutique,10,1,6,2,1,0,36,2369.74,1217.74,1.6
2026-02-02,prod-6,Portable Espresso Coffee Maker,Home Appliances,HOME-PEC-006,78.28,32.0,81.73,KitchenBoutique,0,0,0,2,0,0,23,1800.44,1064.44,1.6
2026-02-03,prod-6,Portable Espresso Coffee Maker,Home Appliances,HOME-PEC-006,72.92,32.0,76.93,KitchenBoutique,0,0,1,2,0,0,25,1823.0,1023.0,1.6
2026-02-04,prod-6,Portable Espresso Coffee Maker,Home Appliances,HOME-PEC-006,78.39,32.0,78.11,KitchenBoutique,0,0,2,2,0,0,26,2038.14,1206.14,1.6
2026-02-05,prod-6,Portable Espresso Coffee Maker,Home Appliances,HOME-PEC-006,73.98,32.0,75.3,KitchenBoutique,0,0,3,2,0,0,26,1923.48,1091.48,1.6
2026-02-06,prod-6,Portable Espresso Coffee Maker,Home Appliances,HOME-PEC-006,77.22,32.0,75.94,KitchenBoutique,0,0,4,2,0,0,25,1930.5,1130.5,1.6
2026-02-07,prod-6,Portable Espresso Coffee Maker,Home Appliances,HOME-PEC-006,77.68,32.0,75.52,KitchenBoutique,0,0,5,2,1,0,31,2408.08,1416.08,1.6
2026-02-08,prod-6,Portable Espresso Coffee Maker,Home Appliances,HOME-PEC-006,73.4,32.0,79.12,KitchenBoutique,0,0,6,2,1,0,29,2128.6,1200.6,1.6
2026-02-09,prod-6,Portable Espresso Coffee Maker,Home Appliances,HOME-PEC-006,70.53,32.0,70.72,KitchenBoutique,0,0,0,2,0,0,33,2327.49,1271.49,1.6
2026-02-10,prod-6,Portable Espresso Coffee Maker,Home Appliances,HOME-PEC-006,71.08,32.0,72.63,KitchenBoutique,0,0,1,2,0,0,29,2061.32,1133.32,1.6
2026-02-11,prod-6,Portable Espresso Coffee Maker,Home Appliances,HOME-PEC-006,71.36,32.0,74.69,KitchenBoutique,0,0,2,2,0,0,27,1926.72,1062.72,1.6
2026-02-12,prod-6,Portable Espresso Coffee Maker,Home Appliances,HOME-PEC-006,73.58,32.0,73.31,KitchenBoutique,0,0,3,2,0,0,26,1913.08,1081.08,1.6
2026-02-13,prod-6,Portable Espresso Coffee Maker,Home Appliances,HOME-PEC-006,76.69,32.0,80.76,KitchenBoutique,0,0,4,2,0,0,27,2070.63,1206.63,1.6
2026-02-14,prod-6,Portable Espresso Coffee Maker,Home Appliances,HOME-PEC-006,70.83,32.0,71.94,KitchenBoutique,0,0,5,2,1,0,33,2337.39,1281.39,1.6
2026-02-15,prod-6,Portable Espresso Coffee Maker,Home Appliances,HOME-PEC-006,75.68,32.0,76.7,KitchenBoutique,0,1,6,2,1,0,27,2043.36,1179.36,1.6
2026-02-16,prod-6,Portable Espresso Coffee Maker,Home Appliances,HOME-PEC-006,74.4,32.0,77.39,KitchenBoutique,0,0,0,2,0,0,24,1785.6,1017.6,1.6
2026-02-17,prod-6,Portable Espresso Coffee Maker,Home Appliances,HOME-PEC-006,75.15,32.0,77.31,KitchenBoutique,0,0,1,2,0,0,29,2179.35,1251.35,1.6
2026-02-18,prod-6,Portable Espresso Coffee Maker,Home Appliances,HOME-PEC-006,77.13,32.0,75.72,KitchenBoutique,0,0,2,2,0,0,27,2082.51,1218.51,1.6
2026-02-19,prod-6,Portable Espresso Coffee Maker,Home Appliances,HOME-PEC-006,73.91,32.0,76.02,KitchenBoutique,0,1,3,2,0,0,29,2143.39,1215.39,1.6
2026-02-20,prod-6,Portable Espresso Coffee Maker,Home Appliances,HOME-PEC-006,77.74,32.0,79.64,KitchenBoutique,0,0,4,2,0,0,27,2098.98,1234.98,1.6
2026-02-21,prod-6,Portable Espresso Coffee Maker,Home Appliances,HOME-PEC-006,73.55,32.0,77.82,KitchenBoutique,0,0,5,2,1,0,32,2353.6,1329.6,1.6
2026-02-22,prod-6,Portable Espresso Coffee Maker,Home Appliances,HOME-PEC-006,70.6,32.0,74.87,KitchenBoutique,0,0,6,2,1,0,36,2541.6,1389.6,1.6
2026-02-23,prod-6,Portable Espresso Coffee Maker,Home Appliances,HOME-PEC-006,75.86,32.0,79.68,KitchenBoutique,0,0,0,2,0,0,28,2124.08,1228.08,1.6
2026-02-24,prod-6,Portable Espresso Coffee Maker,Home Appliances,HOME-PEC-006,71.08,32.0,75.59,KitchenBoutique,0,0,1,2,0,0,26,1848.08,1016.08,1.6
2026-02-25,prod-6,Portable Espresso Coffee Maker,Home Appliances,HOME-PEC-006,74.03,32.0,73.86,KitchenBoutique,5,1,2,2,0,0,31,2180.18,1188.18,1.6
2026-02-26,prod-6,Portable Espresso Coffee Maker,Home Appliances,HOME-PEC-006,70.82,32.0,70.17,KitchenBoutique,0,0,3,2,0,0,27,1912.14,1048.14,1.6
2026-02-27,prod-6,Portable Espresso Coffee Maker,Home Appliances,HOME-PEC-006,71.14,32.0,70.84,KitchenBoutique,0,0,4,2,0,0,27,1920.78,1056.78,1.6
2026-02-28,prod-6,Portable Espresso Coffee Maker,Home Appliances,HOME-PEC-006,78.77,32.0,81.84,KitchenBoutique,0,0,5,2,1,0,25,1969.25,1169.25,1.6
2026-03-01,prod-6,Portable Espresso Coffee Maker,Home Appliances,HOME-PEC-006,78.49,32.0,83.87,KitchenBoutique,0,0,6,3,1,0,29,2276.21,1348.21,1.6
2026-03-02,prod-6,Portable Espresso Coffee Maker,Home Appliances,HOME-PEC-006,71.28,32.0,72.62,KitchenBoutique,0,0,0,3,0,0,33,2352.24,1296.24,1.6
2026-03-03,prod-6,Portable Espresso Coffee Maker,Home Appliances,HOME-PEC-006,78.94,32.0,81.52,KitchenBoutique,0,0,1,3,0,0,26,2052.44,1220.44,1.6
2026-03-04,prod-6,Portable Espresso Coffee Maker,Home Appliances,HOME-PEC-006,75.95,32.0,73.32,KitchenBoutique,5,1,2,3,0,0,28,2020.27,1124.27,1.6
2026-03-05,prod-6,Portable Espresso Coffee Maker,Home Appliances,HOME-PEC-006,77.47,32.0,83.27,KitchenBoutique,0,0,3,3,0,0,24,1859.28,1091.28,1.6
2026-03-06,prod-6,Portable Espresso Coffee Maker,Home Appliances,HOME-PEC-006,73.24,32.0,71.44,KitchenBoutique,0,0,4,3,0,0,25,1831.0,1031.0,1.6
2026-03-07,prod-6,Portable Espresso Coffee Maker,Home Appliances,HOME-PEC-006,72.31,32.0,72.73,KitchenBoutique,0,0,5,3,1,0,32,2313.92,1289.92,1.6
2026-03-08,prod-6,Portable Espresso Coffee Maker,Home Appliances,HOME-PEC-006,70.77,32.0,70.1,KitchenBoutique,0,0,6,3,1,0,35,2476.95,1356.95,1.6
2026-03-09,prod-6,Portable Espresso Coffee Maker,Home Appliances,HOME-PEC-006,74.82,32.0,72.46,KitchenBoutique,0,0,0,3,0,0,31,2319.42,1327.42,1.6
2026-03-10,prod-6,Portable Espresso Coffee Maker,Home Appliances,HOME-PEC-006,76.26,32.0,74.97,KitchenBoutique,0,0,1,3,0,0,27,2059.02,1195.02,1.6
2026-03-11,prod-6,Portable Espresso Coffee Maker,Home Appliances,HOME-PEC-006,77.37,32.0,79.89,KitchenBoutique,0,0,2,3,0,0,24,1856.88,1088.88,1.6
2026-03-12,prod-6,Portable Espresso Coffee Maker,Home Appliances,HOME-PEC-006,78.9,32.0,79.85,KitchenBoutique,5,1,3,3,0,0,24,1798.92,1030.92,1.6
2026-03-13,prod-6,Portable Espresso Coffee Maker,Home Appliances,HOME-PEC-006,71.14,32.0,69.23,KitchenBoutique,0,0,4,3,0,0,27,1920.78,1056.78,1.6
2026-03-14,prod-6,Portable Espresso Coffee Maker,Home Appliances,HOME-PEC-006,75.75,32.0,76.02,KitchenBoutique,0,0,5,3,1,0,28,2121.0,1225.0,1.6
2026-03-15,prod-6,Portable Espresso Coffee Maker,Home Appliances,HOME-PEC-006,77.8,32.0,76.8,KitchenBoutique,15,1,6,3,1,0,42,2777.46,1433.46,1.6
2026-03-16,prod-6,Portable Espresso Coffee Maker,Home Appliances,HOME-PEC-006,72.02,32.0,77.36,KitchenBoutique,0,0,0,3,0,0,26,1872.52,1040.52,1.6
2026-03-17,prod-6,Portable Espresso Coffee Maker,Home Appliances,HOME-PEC-006,74.74,32.0,79.6,KitchenBoutique,0,0,1,3,0,0,29,2167.46,1239.46,1.6
2026-03-18,prod-6,Portable Espresso Coffee Maker,Home Appliances,HOME-PEC-006,70.88,32.0,71.01,KitchenBoutique,0,0,2,3,0,0,28,1984.64,1088.64,1.6
2026-03-19,prod-6,Portable Espresso Coffee Maker,Home Appliances,HOME-PEC-006,72.45,32.0,70.41,KitchenBoutique,10,1,3,3,0,0,38,2477.79,1261.79,1.6
2026-03-20,prod-6,Portable Espresso Coffee Maker,Home Appliances,HOME-PEC-006,73.51,32.0,73.61,KitchenBoutique,0,0,4,3,0,0,31,2278.81,1286.81,1.6
2026-03-21,prod-6,Portable Espresso Coffee Maker,Home Appliances,HOME-PEC-006,74.78,32.0,77.12,KitchenBoutique,0,0,5,3,1,0,30,2243.4,1283.4,1.6
2026-03-22,prod-6,Portable Espresso Coffee Maker,Home Appliances,HOME-PEC-006,71.17,32.0,68.4,KitchenBoutique,0,0,6,3,1,0,30,2135.1,1175.1,1.6
2026-03-23,prod-6,Portable Espresso Coffee Maker,Home Appliances,HOME-PEC-006,71.16,32.0,71.55,KitchenBoutique,0,0,0,3,0,0,26,1850.16,1018.16,1.6
2026-03-24,prod-6,Portable Espresso Coffee Maker,Home Appliances,HOME-PEC-006,76.52,32.0,82.41,KitchenBoutique,0,0,1,3,0,0,25,1913.0,1113.0,1.6
2026-03-25,prod-6,Portable Espresso Coffee Maker,Home Appliances,HOME-PEC-006,75.47,32.0,78.85,KitchenBoutique,0,0,2,3,0,0,30,2264.1,1304.1,1.6
2026-03-26,prod-6,Portable Espresso Coffee Maker,Home Appliances,HOME-PEC-006,77.17,32.0,78.73,KitchenBoutique,0,0,3,3,0,0,26,2006.42,1174.42,1.6
2026-03-27,prod-6,Portable Espresso Coffee Maker,Home Appliances,HOME-PEC-006,78.45,32.0,83.61,KitchenBoutique,0,0,4,3,0,0,24,1882.8,1114.8,1.6
2026-03-28,prod-6,Portable Espresso Coffee Maker,Home Appliances,HOME-PEC-006,77.7,32.0,83.43,KitchenBoutique,0,0,5,3,1,0,28,2175.6,1279.6,1.6
2026-03-29,prod-6,Portable Espresso Coffee Maker,Home Appliances,HOME-PEC-006,70.84,32.0,68.68,KitchenBoutique,0,0,6,3,1,0,37,2621.08,1437.08,1.6
2026-03-30,prod-6,Portable Espresso Coffee Maker,Home Appliances,HOME-PEC-006,71.51,32.0,69.14,KitchenBoutique,0,0,0,3,0,0,30,2145.3,1185.3,1.6
2026-03-31,prod-6,Portable Espresso Coffee Maker,Home Appliances,HOME-PEC-006,74.44,32.0,79.27,KitchenBoutique,0,0,1,3,0,0,27,2009.88,1145.88,1.6
2026-04-01,prod-6,Portable Espresso Coffee Maker,Home Appliances,HOME-PEC-006,74.58,32.0,78.14,KitchenBoutique,0,0,2,4,0,0,28,2088.24,1192.24,1.6
2026-04-02,prod-6,Portable Espresso Coffee Maker,Home Appliances,HOME-PEC-006,78.95,32.0,84.21,KitchenBoutique,0,0,3,4,0,0,24,1894.8,1126.8,1.6
2026-04-03,prod-6,Portable Espresso Coffee Maker,Home Appliances,HOME-PEC-006,75.54,32.0,80.78,KitchenBoutique,0,0,4,4,0,0,28,2115.12,1219.12,1.6
2026-04-04,prod-6,Portable Espresso Coffee Maker,Home Appliances,HOME-PEC-006,76.31,32.0,80.12,KitchenBoutique,0,0,5,4,1,0,31,2365.61,1373.61,1.6
2026-04-05,prod-6,Portable Espresso Coffee Maker,Home Appliances,HOME-PEC-006,78.53,32.0,83.15,KitchenBoutique,0,0,6,4,1,0,29,2277.37,1349.37,1.6
2026-04-06,prod-6,Portable Espresso Coffee Maker,Home Appliances,HOME-PEC-006,75.48,32.0,77.96,KitchenBoutique,0,0,0,4,0,0,28,2113.44,1217.44,1.6
2026-04-07,prod-6,Portable Espresso Coffee Maker,Home Appliances,HOME-PEC-006,77.91,32.0,79.69,KitchenBoutique,0,0,1,4,0,0,23,1791.93,1055.93,1.6
2026-04-08,prod-6,Portable Espresso Coffee Maker,Home Appliances,HOME-PEC-006,77.53,32.0,79.21,KitchenBoutique,0,0,2,4,0,0,25,1938.25,1138.25,1.6
2026-04-09,prod-6,Portable Espresso Coffee Maker,Home Appliances,HOME-PEC-006,73.42,32.0,73.77,KitchenBoutique,5,1,3,4,0,0,33,2301.72,1245.72,1.6
2026-04-10,prod-6,Portable Espresso Coffee Maker,Home Appliances,HOME-PEC-006,77.64,32.0,82.53,KitchenBoutique,0,0,4,4,0,0,26,2018.64,1186.64,1.6
2026-04-11,prod-6,Portable Espresso Coffee Maker,Home Appliances,HOME-PEC-006,72.4,32.0,69.52,KitchenBoutique,0,0,5,4,1,0,31,2244.4,1252.4,1.6
2026-04-12,prod-6,Portable Espresso Coffee Maker,Home Appliances,HOME-PEC-006,78.28,32.0,83.88,KitchenBoutique,0,0,6,4,1,0,29,2270.12,1342.12,1.6
2026-04-13,prod-6,Portable Espresso Coffee Maker,Home Appliances,HOME-PEC-006,78.02,32.0,83.66,KitchenBoutique,0,0,0,4,0,0,28,2184.56,1288.56,1.6
2026-04-14,prod-6,Portable Espresso Coffee Maker,Home Appliances,HOME-PEC-006,70.54,32.0,67.77,KitchenBoutique,0,0,1,4,0,0,29,2045.66,1117.66,1.6
2026-04-15,prod-6,Portable Espresso Coffee Maker,Home Appliances,HOME-PEC-006,70.99,32.0,71.13,KitchenBoutique,0,0,2,4,0,0,29,2058.71,1130.71,1.6
2026-04-16,prod-6,Portable Espresso Coffee Maker,Home Appliances,HOME-PEC-006,70.11,32.0,70.93,KitchenBoutique,0,0,3,4,0,0,31,2173.41,1181.41,1.6
2026-04-17,prod-6,Portable Espresso Coffee Maker,Home Appliances,HOME-PEC-006,78.06,32.0,78.78,KitchenBoutique,0,0,4,4,0,0,22,1717.32,1013.32,1.6
2026-04-18,prod-6,Portable Espresso Coffee Maker,Home Appliances,HOME-PEC-006,76.91,32.0,76.14,KitchenBoutique,0,0,5,4,1,0,28,2153.48,1257.48,1.6
2026-04-19,prod-6,Portable Espresso Coffee Maker,Home Appliances,HOME-PEC-006,73.29,32.0,78.21,KitchenBoutique,0,0,6,4,1,0,30,2198.7,1238.7,1.6
2026-04-20,prod-6,Portable Espresso Coffee Maker,Home Appliances,HOME-PEC-006,78.87,32.0,81.93,KitchenBoutique,0,0,0,4,0,0,23,1814.01,1078.01,1.6
2026-04-21,prod-6,Portable Espresso Coffee Maker,Home Appliances,HOME-PEC-006,76.71,32.0,73.7,KitchenBoutique,0,0,1,4,0,0,28,2147.88,1251.88,1.6
2026-04-22,prod-6,Portable Espresso Coffee Maker,Home Appliances,HOME-PEC-006,71.02,32.0,70.61,KitchenBoutique,0,0,2,4,0,0,29,2059.58,1131.58,1.6
2026-04-23,prod-6,Portable Espresso Coffee Maker,Home Appliances,HOME-PEC-006,72.99,32.0,70.35,KitchenBoutique,0,0,3,4,0,0,32,2335.68,1311.68,1.6
2026-04-24,prod-6,Portable Espresso Coffee Maker,Home Appliances,HOME-PEC-006,78.61,32.0,84.74,KitchenBoutique,15,1,4,4,0,0,33,2205.01,1149.01,1.6
2026-04-25,prod-6,Portable Espresso Coffee Maker,Home Appliances,HOME-PEC-006,77.18,32.0,80.71,KitchenBoutique,0,0,5,4,1,0,31,2392.58,1400.58,1.6
2026-04-26,prod-6,Portable Espresso Coffee Maker,Home Appliances,HOME-PEC-006,77.91,32.0,79.49,KitchenBoutique,0,0,6,4,1,0,31,2415.21,1423.21,1.6
2026-04-27,prod-6,Portable Espresso Coffee Maker,Home Appliances,HOME-PEC-006,73.51,32.0,71.54,KitchenBoutique,0,1,0,4,0,0,26,1911.26,1079.26,1.6
2026-04-28,prod-6,Portable Espresso Coffee Maker,Home Appliances,HOME-PEC-006,73.11,32.0,70.31,KitchenBoutique,0,0,1,4,0,0,25,1827.75,1027.75,1.6
2026-04-29,prod-6,Portable Espresso Coffee Maker,Home Appliances,HOME-PEC-006,77.45,32.0,78.35,KitchenBoutique,0,0,2,4,0,0,23,1781.35,1045.35,1.6
2026-04-30,prod-6,Portable Espresso Coffee Maker,Home Appliances,HOME-PEC-006,74.32,32.0,73.86,KitchenBoutique,15,1,3,4,0,0,34,2147.85,1059.85,1.6
2026-05-01,prod-6,Portable Espresso Coffee Maker,Home Appliances,HOME-PEC-006,71.39,32.0,72.91,KitchenBoutique,0,0,4,5,0,0,31,2213.09,1221.09,1.6
2026-05-02,prod-6,Portable Espresso Coffee Maker,Home Appliances,HOME-PEC-006,77.76,32.0,83.93,KitchenBoutique,0,0,5,5,1,0,31,2410.56,1418.56,1.6
2026-05-03,prod-6,Portable Espresso Coffee Maker,Home Appliances,HOME-PEC-006,71.8,32.0,75.01,KitchenBoutique,0,0,6,5,1,0,34,2441.2,1353.2,1.6
2026-05-04,prod-6,Portable Espresso Coffee Maker,Home Appliances,HOME-PEC-006,74.52,32.0,73.16,KitchenBoutique,0,0,0,5,0,0,28,2086.56,1190.56,1.6
2026-05-05,prod-6,Portable Espresso Coffee Maker,Home Appliances,HOME-PEC-006,75.7,32.0,74.76,KitchenBoutique,0,0,1,5,0,0,24,1816.8,1048.8,1.6
2026-05-06,prod-6,Portable Espresso Coffee Maker,Home Appliances,HOME-PEC-006,78.88,32.0,84.52,KitchenBoutique,0,0,2,5,0,0,26,2050.88,1218.88,1.6
2026-05-07,prod-6,Portable Espresso Coffee Maker,Home Appliances,HOME-PEC-006,70.84,32.0,68.44,KitchenBoutique,0,0,3,5,0,0,28,1983.52,1087.52,1.6
2026-05-08,prod-6,Portable Espresso Coffee Maker,Home Appliances,HOME-PEC-006,75.69,32.0,74.76,KitchenBoutique,0,0,4,5,0,0,27,2043.63,1179.63,1.6
2026-05-09,prod-6,Portable Espresso Coffee Maker,Home Appliances,HOME-PEC-006,74.59,32.0,77.37,KitchenBoutique,0,0,5,5,1,0,29,2163.11,1235.11,1.6
2026-05-10,prod-6,Portable Espresso Coffee Maker,Home Appliances,HOME-PEC-006,72.54,32.0,72.69,KitchenBoutique,0,0,6,5,1,0,31,2248.74,1256.74,1.6
2026-05-11,prod-6,Portable Espresso Coffee Maker,Home Appliances,HOME-PEC-006,70.46,32.0,67.99,KitchenBoutique,10,1,0,5,0,0,33,2092.66,1036.66,1.6
2026-05-12,prod-6,Portable Espresso Coffee Maker,Home Appliances,HOME-PEC-006,74.25,32.0,79.37,KitchenBoutique,5,1,1,5,0,0,28,1975.05,1079.05,1.6
2026-05-13,prod-6,Portable Espresso Coffee Maker,Home Appliances,HOME-PEC-006,74.42,32.0,74.43,KitchenBoutique,0,1,2,5,0,0,29,2158.18,1230.18,1.6
2026-05-14,prod-6,Portable Espresso Coffee Maker,Home Appliances,HOME-PEC-006,76.92,32.0,75.05,KitchenBoutique,0,0,3,5,0,0,28,2153.76,1257.76,1.6
2026-05-15,prod-6,Portable Espresso Coffee Maker,Home Appliances,HOME-PEC-006,76.67,32.0,79.02,KitchenBoutique,0,0,4,5,0,0,25,1916.75,1116.75,1.6
2026-05-16,prod-6,Portable Espresso Coffee Maker,Home Appliances,HOME-PEC-006,72.5,32.0,74.68,KitchenBoutique,0,1,5,5,1,0,29,2102.5,1174.5,1.6
2026-05-17,prod-6,Portable Espresso Coffee Maker,Home Appliances,HOME-PEC-006,76.67,32.0,74.71,KitchenBoutique,0,0,6,5,1,0,32,2453.44,1429.44,1.6
2026-05-18,prod-6,Portable Espresso Coffee Maker,Home Appliances,HOME-PEC-006,75.88,32.0,74.58,KitchenBoutique,0,0,0,5,0,0,29,2200.52,1272.52,1.6
2026-05-19,prod-6,Portable Espresso Coffee Maker,Home Appliances,HOME-PEC-006,70.7,32.0,72.51,KitchenBoutique,0,0,1,5,0,0,32,2262.4,1238.4,1.6
2026-05-20,prod-6,Portable Espresso Coffee Maker,Home Appliances,HOME-PEC-006,78.88,32.0,77.64,KitchenBoutique,0,0,2,5,0,0,22,1735.36,1031.36,1.6
2026-05-21,prod-6,Portable Espresso Coffee Maker,Home Appliances,HOME-PEC-006,71.74,32.0,73.61,KitchenBoutique,0,0,3,5,0,0,32,2295.68,1271.68,1.6
2026-05-22,prod-6,Portable Espresso Coffee Maker,Home Appliances,HOME-PEC-006,77.66,32.0,83.0,KitchenBoutique,0,0,4,5,0,0,28,2174.48,1278.48,1.6
2026-05-23,prod-6,Portable Espresso Coffee Maker,Home Appliances,HOME-PEC-006,74.04,32.0,77.45,KitchenBoutique,0,0,5,5,1,0,28,2073.12,1177.12,1.6
2026-05-24,prod-6,Portable Espresso Coffee Maker,Home Appliances,HOME-PEC-006,73.78,32.0,79.07,KitchenBoutique,0,0,6,5,1,0,28,2065.84,1169.84,1.6
2026-05-25,prod-6,Portable Espresso Coffee Maker,Home Appliances,HOME-PEC-006,75.39,32.0,78.68,KitchenBoutique,0,0,0,5,0,0,24,1809.36,1041.36,1.6
2026-05-26,prod-6,Portable Espresso Coffee Maker,Home Appliances,HOME-PEC-006,75.09,32.0,79.24,KitchenBoutique,0,0,1,5,0,0,29,2177.61,1249.61,1.6
2026-05-27,prod-6,Portable Espresso Coffee Maker,Home Appliances,HOME-PEC-006,73.58,32.0,76.68,KitchenBoutique,0,0,2,5,0,0,31,2280.98,1288.98,1.6
2026-05-28,prod-6,Portable Espresso Coffee Maker,Home Appliances,HOME-PEC-006,71.51,32.0,75.09,KitchenBoutique,0,0,3,5,0,0,31,2216.81,1224.81,1.6
2026-05-29,prod-6,Portable Espresso Coffee Maker,Home Appliances,HOME-PEC-006,73.61,32.0,73.06,KitchenBoutique,0,0,4,5,0,0,26,1913.86,1081.86,1.6
2026-05-30,prod-6,Portable Espresso Coffee Maker,Home Appliances,HOME-PEC-006,71.98,32.0,75.12,KitchenBoutique,0,0,5,5,1,0,35,2519.3,1399.3,1.6
2026-05-31,prod-6,Portable Espresso Coffee Maker,Home Appliances,HOME-PEC-006,74.1,32.0,77.43,KitchenBoutique,0,0,6,5,1,0,30,2223.0,1263.0,1.6
2026-06-01,prod-6,Portable Espresso Coffee Maker,Home Appliances,HOME-PEC-006,72.0,32.0,75.24,KitchenBoutique,0,0,0,6,0,0,27,1944.0,1080.0,1.6
2026-06-02,prod-6,Portable Espresso Coffee Maker,Home Appliances,HOME-PEC-006,70.44,32.0,69.64,KitchenBoutique,5,1,1,6,0,0,36,2409.05,1257.05,1.6
2026-06-03,prod-6,Portable Espresso Coffee Maker,Home Appliances,HOME-PEC-006,72.51,32.0,70.77,KitchenBoutique,0,0,2,6,0,0,26,1885.26,1053.26,1.6
2026-06-04,prod-6,Portable Espresso Coffee Maker,Home Appliances,HOME-PEC-006,78.79,32.0,84.99,KitchenBoutique,0,0,3,6,0,0,23,1812.17,1076.17,1.6
2026-06-05,prod-6,Portable Espresso Coffee Maker,Home Appliances,HOME-PEC-006,75.83,32.0,78.55,KitchenBoutique,0,0,4,6,0,0,26,1971.58,1139.58,1.6
2026-06-06,prod-6,Portable Espresso Coffee Maker,Home Appliances,HOME-PEC-006,78.49,32.0,83.68,KitchenBoutique,0,0,5,6,1,0,26,2040.74,1208.74,1.6
2026-06-07,prod-6,Portable Espresso Coffee Maker,Home Appliances,HOME-PEC-006,78.06,32.0,77.7,KitchenBoutique,0,0,6,6,1,0,29,2263.74,1335.74,1.6
2026-06-08,prod-6,Portable Espresso Coffee Maker,Home Appliances,HOME-PEC-006,70.12,32.0,70.31,KitchenBoutique,0,0,0,6,0,0,29,2033.48,1105.48,1.6
2026-06-09,prod-6,Portable Espresso Coffee Maker,Home Appliances,HOME-PEC-006,72.32,32.0,69.56,KitchenBoutique,0,0,1,6,0,0,31,2241.92,1249.92,1.6
2026-06-10,prod-6,Portable Espresso Coffee Maker,Home Appliances,HOME-PEC-006,78.42,32.0,80.77,KitchenBoutique,0,0,2,6,0,0,26,2038.92,1206.92,1.6
2026-06-11,prod-6,Portable Espresso Coffee Maker,Home Appliances,HOME-PEC-006,78.48,32.0,77.76,KitchenBoutique,0,0,3,6,0,0,26,2040.48,1208.48,1.6
2026-06-12,prod-6,Portable Espresso Coffee Maker,Home Appliances,HOME-PEC-006,71.87,32.0,72.81,KitchenBoutique,0,0,4,6,0,0,27,1940.49,1076.49,1.6
2026-06-13,prod-6,Portable Espresso Coffee Maker,Home Appliances,HOME-PEC-006,75.66,32.0,80.43,KitchenBoutique,0,0,5,6,1,0,30,2269.8,1309.8,1.6
2026-06-14,prod-6,Portable Espresso Coffee Maker,Home Appliances,HOME-PEC-006,76.55,32.0,77.47,KitchenBoutique,0,0,6,6,1,0,29,2219.95,1291.95,1.6
2026-06-15,prod-6,Portable Espresso Coffee Maker,Home Appliances,HOME-PEC-006,74.46,32.0,75.59,KitchenBoutique,0,0,0,6,0,0,25,1861.5,1061.5,1.6
2026-06-16,prod-6,Portable Espresso Coffee Maker,Home Appliances,HOME-PEC-006,75.12,32.0,80.62,KitchenBoutique,0,0,1,6,0,0,26,1953.12,1121.12,1.6
2026-06-17,prod-6,Portable Espresso Coffee Maker,Home Appliances,HOME-PEC-006,72.8,32.0,77.62,KitchenBoutique,0,0,2,6,0,0,30,2184.0,1224.0,1.6
2026-06-18,prod-6,Portable Espresso Coffee Maker,Home Appliances,HOME-PEC-006,71.71,32.0,70.08,KitchenBoutique,0,0,3,6,0,0,29,2079.59,1151.59,1.6
2026-06-19,prod-6,Portable Espresso Coffee Maker,Home Appliances,HOME-PEC-006,75.8,32.0,76.43,KitchenBoutique,0,0,4,6,0,0,24,1819.2,1051.2,1.6
2026-06-20,prod-6,Portable Espresso Coffee Maker,Home Appliances,HOME-PEC-006,76.74,32.0,73.78,KitchenBoutique,15,1,5,6,1,0,34,2217.79,1129.79,1.6
2026-06-21,prod-6,Portable Espresso Coffee Maker,Home Appliances,HOME-PEC-006,77.42,32.0,81.42,KitchenBoutique,0,0,6,6,1,0,26,2012.92,1180.92,1.6
2026-06-22,prod-6,Portable Espresso Coffee Maker,Home Appliances,HOME-PEC-006,72.25,32.0,70.08,KitchenBoutique,0,0,0,6,0,0,30,2167.5,1207.5,1.6
2026-06-23,prod-6,Portable Espresso Coffee Maker,Home Appliances,HOME-PEC-006,70.15,32.0,75.48,KitchenBoutique,0,0,1,6,0,0,27,1894.05,1030.05,1.6
2026-06-24,prod-6,Portable Espresso Coffee Maker,Home Appliances,HOME-PEC-006,76.61,32.0,76.66,KitchenBoutique,0,0,2,6,0,0,24,1838.64,1070.64,1.6
2026-06-25,prod-6,Portable Espresso Coffee Maker,Home Appliances,HOME-PEC-006,74.33,32.0,76.38,KitchenBoutique,0,0,3,6,0,0,25,1858.25,1058.25,1.6
2026-06-26,prod-6,Portable Espresso Coffee Maker,Home Appliances,HOME-PEC-006,73.0,32.0,71.43,KitchenBoutique,10,1,4,6,0,0,35,2299.5,1179.5,1.6
2026-06-27,prod-6,Portable Espresso Coffee Maker,Home Appliances,HOME-PEC-006,71.13,32.0,75.33,KitchenBoutique,10,1,5,6,1,0,36,2304.61,1152.61,1.6
2026-06-28,prod-6,Portable Espresso Coffee Maker,Home Appliances,HOME-PEC-006,77.95,32.0,78.72,KitchenBoutique,5,1,6,6,1,0,28,2073.47,1177.47,1.6
2026-06-29,prod-6,Portable Espresso Coffee Maker,Home Appliances,HOME-PEC-006,73.85,32.0,72.2,KitchenBoutique,0,0,0,6,0,0,26,1920.1,1088.1,1.6
2026-06-30,prod-6,Portable Espresso Coffee Maker,Home Appliances,HOME-PEC-006,77.89,32.0,78.37,KitchenBoutique,0,0,1,6,0,0,28,2180.92,1284.92,1.6
2026-07-01,prod-6,Portable Espresso Coffee Maker,Home Appliances,HOME-PEC-006,71.03,32.0,69.63,KitchenBoutique,0,1,2,7,0,0,33,2343.99,1287.99,1.6
2026-07-02,prod-6,Portable Espresso Coffee Maker,Home Appliances,HOME-PEC-006,72.55,32.0,70.31,KitchenBoutique,0,0,3,7,0,0,28,2031.4,1135.4,1.6
2026-07-03,prod-6,Portable Espresso Coffee Maker,Home Appliances,HOME-PEC-006,78.3,32.0,75.96,KitchenBoutique,5,1,4,7,0,0,25,1859.62,1059.62,1.6
2026-07-04,prod-6,Portable Espresso Coffee Maker,Home Appliances,HOME-PEC-006,74.77,32.0,77.16,KitchenBoutique,0,0,5,7,1,0,28,2093.56,1197.56,1.6
2026-07-05,prod-6,Portable Espresso Coffee Maker,Home Appliances,HOME-PEC-006,76.0,32.0,75.71,KitchenBoutique,0,0,6,7,1,0,29,2204.0,1276.0,1.6
2026-07-06,prod-6,Portable Espresso Coffee Maker,Home Appliances,HOME-PEC-006,70.96,32.0,75.92,KitchenBoutique,0,0,0,7,0,0,33,2341.68,1285.68,1.6
2026-07-07,prod-6,Portable Espresso Coffee Maker,Home Appliances,HOME-PEC-006,77.28,32.0,80.79,KitchenBoutique,0,1,1,7,0,0,28,2163.84,1267.84,1.6
2026-07-08,prod-6,Portable Espresso Coffee Maker,Home Appliances,HOME-PEC-006,78.77,32.0,82.97,KitchenBoutique,0,0,2,7,0,0,23,1811.71,1075.71,1.6
2026-07-09,prod-6,Portable Espresso Coffee Maker,Home Appliances,HOME-PEC-006,74.02,32.0,78.14,KitchenBoutique,0,0,3,7,0,0,30,2220.6,1260.6,1.6
2026-07-10,prod-6,Portable Espresso Coffee Maker,Home Appliances,HOME-PEC-006,71.04,32.0,71.84,KitchenBoutique,0,0,4,7,0,0,27,1918.08,1054.08,1.6
2026-07-11,prod-6,Portable Espresso Coffee Maker,Home Appliances,HOME-PEC-006,72.92,32.0,71.12,KitchenBoutique,0,0,5,7,1,0,31,2260.52,1268.52,1.6
2026-07-12,prod-6,Portable Espresso Coffee Maker,Home Appliances,HOME-PEC-006,74.45,32.0,75.77,KitchenBoutique,0,0,6,7,1,0,32,2382.4,1358.4,1.6
2026-07-13,prod-6,Portable Espresso Coffee Maker,Home Appliances,HOME-PEC-006,75.72,32.0,73.95,KitchenBoutique,0,0,0,7,0,0,30,2271.6,1311.6,1.6
2026-07-14,prod-6,Portable Espresso Coffee Maker,Home Appliances,HOME-PEC-006,73.46,32.0,75.36,KitchenBoutique,0,0,1,7,0,0,28,2056.88,1160.88,1.6
2026-07-15,prod-6,Portable Espresso Coffee Maker,Home Appliances,HOME-PEC-006,74.82,32.0,73.89,KitchenBoutique,15,1,2,7,0,0,36,2289.49,1137.49,1.6
2026-07-16,prod-6,Portable Espresso Coffee Maker,Home Appliances,HOME-PEC-006,76.97,32.0,81.38,KitchenBoutique,0,0,3,7,0,0,23,1770.31,1034.31,1.6
2026-07-17,prod-6,Portable Espresso Coffee Maker,Home Appliances,HOME-PEC-006,73.26,32.0,72.12,KitchenBoutique,0,0,4,7,0,0,27,1978.02,1114.02,1.6
2026-07-18,prod-6,Portable Espresso Coffee Maker,Home Appliances,HOME-PEC-006,74.27,32.0,72.49,KitchenBoutique,10,1,5,7,1,0,36,2406.35,1254.35,1.6
2026-07-19,prod-6,Portable Espresso Coffee Maker,Home Appliances,HOME-PEC-006,77.62,32.0,81.77,KitchenBoutique,0,0,6,7,1,0,29,2250.98,1322.98,1.6
2026-07-20,prod-6,Portable Espresso Coffee Maker,Home Appliances,HOME-PEC-006,77.5,32.0,79.53,KitchenBoutique,0,0,0,7,0,0,25,1937.5,1137.5,1.6
2026-07-21,prod-6,Portable Espresso Coffee Maker,Home Appliances,HOME-PEC-006,71.91,32.0,70.97,KitchenBoutique,0,0,1,7,0,0,26,1869.66,1037.66,1.6
2026-07-22,prod-6,Portable Espresso Coffee Maker,Home Appliances,HOME-PEC-006,76.25,32.0,74.51,KitchenBoutique,0,0,2,7,0,0,28,2135.0,1239.0,1.6
2026-07-23,prod-6,Portable Espresso Coffee Maker,Home Appliances,HOME-PEC-006,73.83,32.0,71.36,KitchenBoutique,0,1,3,7,0,0,28,2067.24,1171.24,1.6
2026-07-24,prod-6,Portable Espresso Coffee Maker,Home Appliances,HOME-PEC-006,75.34,32.0,73.76,KitchenBoutique,0,0,4,7,0,0,25,1883.5,1083.5,1.6
2026-07-25,prod-6,Portable Espresso Coffee Maker,Home Appliances,HOME-PEC-006,72.22,32.0,69.44,KitchenBoutique,0,0,5,7,1,0,32,2311.04,1287.04,1.6
2026-07-26,prod-6,Portable Espresso Coffee Maker,Home Appliances,HOME-PEC-006,76.87,32.0,78.13,KitchenBoutique,0,0,6,7,1,0,30,2306.1,1346.1,1.6
2026-07-27,prod-6,Portable Espresso Coffee Maker,Home Appliances,HOME-PEC-006,78.51,32.0,79.8,KitchenBoutique,0,0,0,7,0,0,25,1962.75,1162.75,1.6
2026-07-28,prod-6,Portable Espresso Coffee Maker,Home Appliances,HOME-PEC-006,75.79,32.0,72.88,KitchenBoutique,0,1,1,7,0,0,29,2197.91,1269.91,1.6
2026-07-29,prod-6,Portable Espresso Coffee Maker,Home Appliances,HOME-PEC-006,70.32,32.0,73.85,KitchenBoutique,0,0,2,7,0,0,27,1898.64,1034.64,1.6
2026-07-30,prod-6,Portable Espresso Coffee Maker,Home Appliances,HOME-PEC-006,77.47,32.0,80.69,KitchenBoutique,0,0,3,7,0,0,26,2014.22,1182.22,1.6
2026-07-31,prod-6,Portable Espresso Coffee Maker,Home Appliances,HOME-PEC-006,77.45,32.0,82.89,KitchenBoutique,0,0,4,7,0,0,27,2091.15,1227.15,1.6
2026-08-01,prod-6,Portable Espresso Coffee Maker,Home Appliances,HOME-PEC-006,73.82,32.0,72.26,KitchenBoutique,0,0,5,8,1,0,31,2288.42,1296.42,1.6
2026-08-02,prod-6,Portable Espresso Coffee Maker,Home Appliances,HOME-PEC-006,78.77,32.0,76.8,KitchenBoutique,0,0,6,8,1,0,29,2284.33,1356.33,1.6
2026-08-03,prod-6,Portable Espresso Coffee Maker,Home Appliances,HOME-PEC-006,71.99,32.0,70.7,KitchenBoutique,0,0,0,8,0,0,29,2087.71,1159.71,1.6
2026-08-04,prod-6,Portable Espresso Coffee Maker,Home Appliances,HOME-PEC-006,77.55,32.0,82.05,KitchenBoutique,0,0,1,8,0,0,25,1938.75,1138.75,1.6
2026-08-05,prod-6,Portable Espresso Coffee Maker,Home Appliances,HOME-PEC-006,75.77,32.0,80.26,KitchenBoutique,0,0,2,8,0,0,29,2197.33,1269.33,1.6
2026-08-06,prod-6,Portable Espresso Coffee Maker,Home Appliances,HOME-PEC-006,75.81,32.0,74.55,KitchenBoutique,0,1,3,8,0,0,26,1971.06,1139.06,1.6
2026-08-07,prod-6,Portable Espresso Coffee Maker,Home Appliances,HOME-PEC-006,76.99,32.0,77.01,KitchenBoutique,0,0,4,8,0,0,24,1847.76,1079.76,1.6
2026-08-08,prod-6,Portable Espresso Coffee Maker,Home Appliances,HOME-PEC-006,70.98,32.0,69.95,KitchenBoutique,10,1,5,8,1,0,37,2363.63,1179.63,1.6
2026-08-09,prod-6,Portable Espresso Coffee Maker,Home Appliances,HOME-PEC-006,71.83,32.0,76.97,KitchenBoutique,0,0,6,8,1,0,29,2083.07,1155.07,1.6
2026-08-10,prod-6,Portable Espresso Coffee Maker,Home Appliances,HOME-PEC-006,75.13,32.0,72.53,KitchenBoutique,0,0,0,8,0,0,27,2028.51,1164.51,1.6
2026-08-11,prod-6,Portable Espresso Coffee Maker,Home Appliances,HOME-PEC-006,70.46,32.0,68.43,KitchenBoutique,0,0,1,8,0,0,34,2395.64,1307.64,1.6
2026-08-12,prod-6,Portable Espresso Coffee Maker,Home Appliances,HOME-PEC-006,76.75,32.0,82.51,KitchenBoutique,0,0,2,8,0,0,25,1918.75,1118.75,1.6
2026-08-13,prod-6,Portable Espresso Coffee Maker,Home Appliances,HOME-PEC-006,73.52,32.0,73.72,KitchenBoutique,0,0,3,8,0,0,29,2132.08,1204.08,1.6
2026-08-14,prod-6,Portable Espresso Coffee Maker,Home Appliances,HOME-PEC-006,72.99,32.0,77.92,KitchenBoutique,0,0,4,8,0,0,28,2043.72,1147.72,1.6
2026-08-15,prod-6,Portable Espresso Coffee Maker,Home Appliances,HOME-PEC-006,76.96,32.0,74.1,KitchenBoutique,0,0,5,8,1,0,29,2231.84,1303.84,1.6
2026-08-16,prod-6,Portable Espresso Coffee Maker,Home Appliances,HOME-PEC-006,77.8,32.0,75.04,KitchenBoutique,0,0,6,8,1,0,30,2334.0,1374.0,1.6
2026-08-17,prod-6,Portable Espresso Coffee Maker,Home Appliances,HOME-PEC-006,70.73,32.0,73.21,KitchenBoutique,0,0,0,8,0,0,28,1980.44,1084.44,1.6
2025-08-18,prod-7,Compact Robot Vacuum & Mop,Home Appliances,HOME-RVM-007,375.73,220.0,391.43,CleanTech Direct,0,0,0,8,0,0,19,7138.87,2958.87,1.35
2025-08-19,prod-7,Compact Robot Vacuum & Mop,Home Appliances,HOME-RVM-007,412.03,220.0,420.35,CleanTech Direct,0,0,1,8,0,0,16,6592.48,3072.48,1.35
2025-08-20,prod-7,Compact Robot Vacuum & Mop,Home Appliances,HOME-RVM-007,390.09,220.0,410.47,CleanTech Direct,0,0,2,8,0,0,15,5851.35,2551.35,1.35
2025-08-21,prod-7,Compact Robot Vacuum & Mop,Home Appliances,HOME-RVM-007,379.24,220.0,392.44,CleanTech Direct,0,0,3,8,0,0,15,5688.6,2388.6,1.35
2025-08-22,prod-7,Compact Robot Vacuum & Mop,Home Appliances,HOME-RVM-007,398.93,220.0,415.66,CleanTech Direct,0,0,4,8,0,0,18,7180.74,3220.74,1.35
2025-08-23,prod-7,Compact Robot Vacuum & Mop,Home Appliances,HOME-RVM-007,393.99,220.0,423.52,CleanTech Direct,0,0,5,8,1,0,21,8273.79,3653.79,1.35
2025-08-24,prod-7,Compact Robot Vacuum & Mop,Home Appliances,HOME-RVM-007,370.21,220.0,356.07,CleanTech Direct,0,0,6,8,1,0,19,7033.99,2853.99,1.35
2025-08-25,prod-7,Compact Robot Vacuum & Mop,Home Appliances,HOME-RVM-007,406.16,220.0,428.78,CleanTech Direct,0,0,0,8,0,0,16,6498.56,2978.56,1.35
2025-08-26,prod-7,Compact Robot Vacuum & Mop,Home Appliances,HOME-RVM-007,386.89,220.0,379.29,CleanTech Direct,0,0,1,8,0,0,15,5803.35,2503.35,1.35
2025-08-27,prod-7,Compact Robot Vacuum & Mop,Home Appliances,HOME-RVM-007,392.57,220.0,393.51,CleanTech Direct,15,1,2,8,0,0,20,6673.69,2273.69,1.35
2025-08-28,prod-7,Compact Robot Vacuum & Mop,Home Appliances,HOME-RVM-007,387.75,220.0,384.15,CleanTech Direct,0,0,3,8,0,0,18,6979.5,3019.5,1.35
2025-08-29,prod-7,Compact Robot Vacuum & Mop,Home Appliances,HOME-RVM-007,372.22,220.0,362.87,CleanTech Direct,0,0,4,8,0,0,16,5955.52,2435.52,1.35
2025-08-30,prod-7,Compact Robot Vacuum & Mop,Home Appliances,HOME-RVM-007,405.76,220.0,409.05,CleanTech Direct,0,0,5,8,1,0,20,8115.2,3715.2,1.35
2025-08-31,prod-7,Compact Robot Vacuum & Mop,Home Appliances,HOME-RVM-007,371.68,220.0,373.17,CleanTech Direct,0,0,6,8,1,0,22,8176.96,3336.96,1.35
2025-09-01,prod-7,Compact Robot Vacuum & Mop,Home Appliances,HOME-RVM-007,383.1,220.0,399.14,CleanTech Direct,0,0,0,9,0,0,16,6129.6,2609.6,1.35
2025-09-02,prod-7,Compact Robot Vacuum & Mop,Home Appliances,HOME-RVM-007,406.53,220.0,423.57,CleanTech Direct,0,0,1,9,0,0,16,6504.48,2984.48,1.35
2025-09-03,prod-7,Compact Robot Vacuum & Mop,Home Appliances,HOME-RVM-007,400.25,220.0,396.0,CleanTech Direct,0,0,2,9,0,0,14,5603.5,2523.5,1.35
2025-09-04,prod-7,Compact Robot Vacuum & Mop,Home Appliances,HOME-RVM-007,405.48,220.0,403.4,CleanTech Direct,0,0,3,9,0,0,15,6082.2,2782.2,1.35
2025-09-05,prod-7,Compact Robot Vacuum & Mop,Home Appliances,HOME-RVM-007,369.07,220.0,371.5,CleanTech Direct,0,0,4,9,0,0,16,5905.12,2385.12,1.35
2025-09-06,prod-7,Compact Robot Vacuum & Mop,Home Appliances,HOME-RVM-007,387.41,220.0,401.78,CleanTech Direct,0,0,5,9,1,0,19,7360.79,3180.79,1.35
2025-09-07,prod-7,Compact Robot Vacuum & Mop,Home Appliances,HOME-RVM-007,369.67,220.0,387.35,CleanTech Direct,0,0,6,9,1,0,22,8132.74,3292.74,1.35
2025-09-08,prod-7,Compact Robot Vacuum & Mop,Home Appliances,HOME-RVM-007,401.52,220.0,395.07,CleanTech Direct,0,0,0,9,0,0,15,6022.8,2722.8,1.35
2025-09-09,prod-7,Compact Robot Vacuum & Mop,Home Appliances,HOME-RVM-007,412.17,220.0,419.74,CleanTech Direct,0,0,1,9,0,0,15,6182.55,2882.55,1.35
2025-09-10,prod-7,Compact Robot Vacuum & Mop,Home Appliances,HOME-RVM-007,378.65,220.0,365.24,CleanTech Direct,0,0,2,9,0,0,17,6437.05,2697.05,1.35
2025-09-11,prod-7,Compact Robot Vacuum & Mop,Home Appliances,HOME-RVM-007,395.55,220.0,394.93,CleanTech Direct,15,1,3,9,0,0,18,6051.91,2091.91,1.35
2025-09-12,prod-7,Compact Robot Vacuum & Mop,Home Appliances,HOME-RVM-007,403.4,220.0,425.48,CleanTech Direct,0,0,4,9,0,0,15,6051.0,2751.0,1.35
2025-09-13,prod-7,Compact Robot Vacuum & Mop,Home Appliances,HOME-RVM-007,375.53,220.0,361.54,CleanTech Direct,0,0,5,9,1,0,19,7135.07,2955.07,1.35
2025-09-14,prod-7,Compact Robot Vacuum & Mop,Home Appliances,HOME-RVM-007,377.43,220.0,370.31,CleanTech Direct,0,0,6,9,1,0,19,7171.17,2991.17,1.35
2025-09-15,prod-7,Compact Robot Vacuum & Mop,Home Appliances,HOME-RVM-007,369.47,220.0,393.43,CleanTech Direct,0,0,0,9,0,0,18,6650.46,2690.46,1.35
2025-09-16,prod-7,Compact Robot Vacuum & Mop,Home Appliances,HOME-RVM-007,375.65,220.0,400.88,CleanTech Direct,0,0,1,9,0,0,16,6010.4,2490.4,1.35
2025-09-17,prod-7,Compact Robot Vacuum & Mop,Home Appliances,HOME-RVM-007,407.44,220.0,412.09,CleanTech Direct,0,0,2,9,0,0,15,6111.6,2811.6,1.35
2025-09-18,prod-7,Compact Robot Vacuum & Mop,Home Appliances,HOME-RVM-007,374.93,220.0,402.31,CleanTech Direct,0,0,3,9,0,0,18,6748.74,2788.74,1.35
2025-09-19,prod-7,Compact Robot Vacuum & Mop,Home Appliances,HOME-RVM-007,402.25,220.0,432.77,CleanTech Direct,0,0,4,9,0,0,18,7240.5,3280.5,1.35
2025-09-20,prod-7,Compact Robot Vacuum & Mop,Home Appliances,HOME-RVM-007,392.28,220.0,415.33,CleanTech Direct,0,0,5,9,1,0,21,8237.88,3617.88,1.35
2025-09-21,prod-7,Compact Robot Vacuum & Mop,Home Appliances,HOME-RVM-007,374.93,220.0,392.45,CleanTech Direct,0,0,6,9,1,0,18,6748.74,2788.74,1.35
2025-09-22,prod-7,Compact Robot Vacuum & Mop,Home Appliances,HOME-RVM-007,396.66,220.0,419.99,CleanTech Direct,0,0,0,9,0,0,18,7139.88,3179.88,1.35
2025-09-23,prod-7,Compact Robot Vacuum & Mop,Home Appliances,HOME-RVM-007,399.88,220.0,384.57,CleanTech Direct,0,0,1,9,0,0,18,7197.84,3237.84,1.35
2025-09-24,prod-7,Compact Robot Vacuum & Mop,Home Appliances,HOME-RVM-007,388.97,220.0,388.18,CleanTech Direct,0,0,2,9,0,0,18,7001.46,3041.46,1.35
2025-09-25,prod-7,Compact Robot Vacuum & Mop,Home Appliances,HOME-RVM-007,377.93,220.0,395.57,CleanTech Direct,0,0,3,9,0,0,19,7180.67,3000.67,1.35
2025-09-26,prod-7,Compact Robot Vacuum & Mop,Home Appliances,HOME-RVM-007,405.68,220.0,420.33,CleanTech Direct,0,0,4,9,0,0,16,6490.88,2970.88,1.35
2025-09-27,prod-7,Compact Robot Vacuum & Mop,Home Appliances,HOME-RVM-007,367.36,220.0,385.54,CleanTech Direct,0,0,5,9,1,0,21,7714.56,3094.56,1.35
2025-09-28,prod-7,Compact Robot Vacuum & Mop,Home Appliances,HOME-RVM-007,401.81,220.0,414.71,CleanTech Direct,0,0,6,9,1,0,17,6830.77,3090.77,1.35
2025-09-29,prod-7,Compact Robot Vacuum & Mop,Home Appliances,HOME-RVM-007,374.58,220.0,390.15,CleanTech Direct,0,0,0,9,0,0,17,6367.86,2627.86,1.35
2025-09-30,prod-7,Compact Robot Vacuum & Mop,Home Appliances,HOME-RVM-007,382.64,220.0,381.2,CleanTech Direct,0,0,1,9,0,0,19,7270.16,3090.16,1.35
2025-10-01,prod-7,Compact Robot Vacuum & Mop,Home Appliances,HOME-RVM-007,371.48,220.0,378.87,CleanTech Direct,0,0,2,10,0,0,18,6686.64,2726.64,1.35
2025-10-02,prod-7,Compact Robot Vacuum & Mop,Home Appliances,HOME-RVM-007,382.08,220.0,404.77,CleanTech Direct,0,0,3,10,0,0,19,7259.52,3079.52,1.35
2025-10-03,prod-7,Compact Robot Vacuum & Mop,Home Appliances,HOME-RVM-007,381.34,220.0,408.48,CleanTech Direct,0,0,4,10,0,0,17,6482.78,2742.78,1.35
2025-10-04,prod-7,Compact Robot Vacuum & Mop,Home Appliances,HOME-RVM-007,391.46,220.0,383.44,CleanTech Direct,0,0,5,10,1,0,18,7046.28,3086.28,1.35
2025-10-05,prod-7,Compact Robot Vacuum & Mop,Home Appliances,HOME-RVM-007,396.45,220.0,412.96,CleanTech Direct,0,0,6,10,1,0,19,7532.55,3352.55,1.35
2025-10-06,prod-7,Compact Robot Vacuum & Mop,Home Appliances,HOME-RVM-007,409.44,220.0,437.57,CleanTech Direct,0,1,0,10,0,0,17,6960.48,3220.48,1.35
2025-10-07,prod-7,Compact Robot Vacuum & Mop,Home Appliances,HOME-RVM-007,370.51,220.0,384.57,CleanTech Direct,0,0,1,10,0,0,18,6669.18,2709.18,1.35
2025-10-08,prod-7,Compact Robot Vacuum & Mop,Home Appliances,HOME-RVM-007,388.83,220.0,408.35,CleanTech Direct,0,0,2,10,0,0,15,5832.45,2532.45,1.35
2025-10-09,prod-7,Compact Robot Vacuum & Mop,Home Appliances,HOME-RVM-007,386.39,220.0,397.88,CleanTech Direct,10,1,3,10,0,0,21,7302.77,2682.77,1.35
2025-10-10,prod-7,Compact Robot Vacuum & Mop,Home Appliances,HOME-RVM-007,375.55,220.0,395.54,CleanTech Direct,0,0,4,10,0,0,16,6008.8,2488.8,1.35
2025-10-11,prod-7,Compact Robot Vacuum & Mop,Home Appliances,HOME-RVM-007,405.63,220.0,435.67,CleanTech Direct,0,0,5,10,1,0,19,7706.97,3526.97,1.35
2025-10-12,prod-7,Compact Robot Vacuum & Mop,Home Appliances,HOME-RVM-007,387.32,220.0,414.03,CleanTech Direct,0,0,6,10,1,0,20,7746.4,3346.4,1.35
2025-10-13,prod-7,Compact Robot Vacuum & Mop,Home Appliances,HOME-RVM-007,384.14,220.0,412.09,CleanTech Direct,0,0,0,10,0,0,17,6530.38,2790.38,1.35
2025-10-14,prod-7,Compact Robot Vacuum & Mop,Home Appliances,HOME-RVM-007,378.15,220.0,392.91,CleanTech Direct,0,0,1,10,0,0,19,7184.85,3004.85,1.35
2025-10-15,prod-7,Compact Robot Vacuum & Mop,Home Appliances,HOME-RVM-007,408.11,220.0,424.76,CleanTech Direct,15,1,2,10,0,0,17,5897.19,2157.19,1.35
2025-10-16,prod-7,Compact Robot Vacuum & Mop,Home Appliances,HOME-RVM-007,366.89,220.0,387.02,CleanTech Direct,0,0,3,10,0,0,18,6604.02,2644.02,1.35
2025-10-17,prod-7,Compact Robot Vacuum & Mop,Home Appliances,HOME-RVM-007,400.26,220.0,399.5,CleanTech Direct,0,0,4,10,0,0,16,6404.16,2884.16,1.35
2025-10-18,prod-7,Compact Robot Vacuum & Mop,Home Appliances,HOME-RVM-007,385.73,220.0,396.02,CleanTech Direct,0,0,5,10,1,0,20,7714.6,3314.6,1.35
2025-10-19,prod-7,Compact Robot Vacuum & Mop,Home Appliances,HOME-RVM-007,384.02,220.0,371.04,CleanTech Direct,0,0,6,10,1,0,19,7296.38,3116.38,1.35
2025-10-20,prod-7,Compact Robot Vacuum & Mop,Home Appliances,HOME-RVM-007,409.51,220.0,412.31,CleanTech Direct,0,0,0,10,0,0,15,6142.65,2842.65,1.35
2025-10-21,prod-7,Compact Robot Vacuum & Mop,Home Appliances,HOME-RVM-007,380.51,220.0,372.52,CleanTech Direct,0,0,1,10,0,0,18,6849.18,2889.18,1.35
2025-10-22,prod-7,Compact Robot Vacuum & Mop,Home Appliances,HOME-RVM-007,371.56,220.0,361.98,CleanTech Direct,0,0,2,10,0,0,17,6316.52,2576.52,1.35
2025-10-23,prod-7,Compact Robot Vacuum & Mop,Home Appliances,HOME-RVM-007,401.24,220.0,429.33,CleanTech Direct,0,0,3,10,0,0,15,6018.6,2718.6,1.35
2025-10-24,prod-7,Compact Robot Vacuum & Mop,Home Appliances,HOME-RVM-007,380.71,220.0,369.74,CleanTech Direct,0,1,4,10,0,0,18,6852.78,2892.78,1.35
2025-10-25,prod-7,Compact Robot Vacuum & Mop,Home Appliances,HOME-RVM-007,393.35,220.0,378.93,CleanTech Direct,0,0,5,10,1,0,21,8260.35,3640.35,1.35
2025-10-26,prod-7,Compact Robot Vacuum & Mop,Home Appliances,HOME-RVM-007,369.34,220.0,371.51,CleanTech Direct,0,0,6,10,1,0,18,6648.12,2688.12,1.35
2025-10-27,prod-7,Compact Robot Vacuum & Mop,Home Appliances,HOME-RVM-007,386.84,220.0,400.68,CleanTech Direct,0,0,0,10,0,0,16,6189.44,2669.44,1.35
2025-10-28,prod-7,Compact Robot Vacuum & Mop,Home Appliances,HOME-RVM-007,407.57,220.0,405.79,CleanTech Direct,0,0,1,10,0,0,15,6113.55,2813.55,1.35
2025-10-29,prod-7,Compact Robot Vacuum & Mop,Home Appliances,HOME-RVM-007,402.07,220.0,423.91,CleanTech Direct,0,0,2,10,0,0,17,6835.19,3095.19,1.35
2025-10-30,prod-7,Compact Robot Vacuum & Mop,Home Appliances,HOME-RVM-007,378.5,220.0,405.83,CleanTech Direct,0,0,3,10,0,0,18,6813.0,2853.0,1.35
2025-10-31,prod-7,Compact Robot Vacuum & Mop,Home Appliances,HOME-RVM-007,392.7,220.0,381.87,CleanTech Direct,0,0,4,10,0,0,17,6675.9,2935.9,1.35
2025-11-01,prod-7,Compact Robot Vacuum & Mop,Home Appliances,HOME-RVM-007,370.66,220.0,368.4,CleanTech Direct,0,0,5,11,1,0,18,6671.88,2711.88,1.35
2025-11-02,prod-7,Compact Robot Vacuum & Mop,Home Appliances,HOME-RVM-007,388.73,220.0,390.04,CleanTech Direct,0,0,6,11,1,0,18,6997.14,3037.14,1.35
2025-11-03,prod-7,Compact Robot Vacuum & Mop,Home Appliances,HOME-RVM-007,388.58,220.0,374.06,CleanTech Direct,0,1,0,11,0,0,16,6217.28,2697.28,1.35
2025-11-04,prod-7,Compact Robot Vacuum & Mop,Home Appliances,HOME-RVM-007,385.26,220.0,410.98,CleanTech Direct,0,0,1,11,0,0,17,6549.42,2809.42,1.35
2025-11-05,prod-7,Compact Robot Vacuum & Mop,Home Appliances,HOME-RVM-007,373.18,220.0,371.63,CleanTech Direct,0,0,2,11,0,0,19,7090.42,2910.42,1.35
2025-11-06,prod-7,Compact Robot Vacuum & Mop,Home Appliances,HOME-RVM-007,395.13,220.0,419.86,CleanTech Direct,10,1,3,11,0,0,21,7467.96,2847.96,1.35
2025-11-07,prod-7,Compact Robot Vacuum & Mop,Home Appliances,HOME-RVM-007,388.25,220.0,401.33,CleanTech Direct,0,0,4,11,0,0,15,5823.75,2523.75,1.35
2025-11-08,prod-7,Compact Robot Vacuum & Mop,Home Appliances,HOME-RVM-007,400.28,220.0,428.78,CleanTech Direct,0,0,5,11,1,0,16,6404.48,2884.48,1.35
2025-11-09,prod-7,Compact Robot Vacuum & Mop,Home Appliances,HOME-RVM-007,366.74,220.0,374.59,CleanTech Direct,0,0,6,11,1,0,22,8068.28,3228.28,1.35
2025-11-10,prod-7,Compact Robot Vacuum & Mop,Home Appliances,HOME-RVM-007,371.02,220.0,365.84,CleanTech Direct,0,0,0,11,0,0,17,6307.34,2567.34,1.35
2025-11-11,prod-7,Compact Robot Vacuum & Mop,Home Appliances,HOME-RVM-007,399.63,220.0,428.72,CleanTech Direct,0,0,1,11,0,0,16,6394.08,2874.08,1.35
2025-11-12,prod-7,Compact Robot Vacuum & Mop,Home Appliances,HOME-RVM-007,410.16,220.0,410.91,CleanTech Direct,0,0,2,11,0,0,15,6152.4,2852.4,1.35
2025-11-13,prod-7,Compact Robot Vacuum & Mop,Home Appliances,HOME-RVM-007,400.45,220.0,408.26,CleanTech Direct,0,0,3,11,0,0,16,6407.2,2887.2,1.35
2025-11-14,prod-7,Compact Robot Vacuum & Mop,Home Appliances,HOME-RVM-007,374.67,220.0,367.46,CleanTech Direct,0,0,4,11,0,0,19,7118.73,2938.73,1.35
2025-11-15,prod-7,Compact Robot Vacuum & Mop,Home Appliances,HOME-RVM-007,378.78,220.0,381.48,CleanTech Direct,0,0,5,11,1,0,21,7954.38,3334.38,1.35
2025-11-16,prod-7,Compact Robot Vacuum & Mop,Home Appliances,HOME-RVM-007,380.2,220.0,401.22,CleanTech Direct,0,0,6,11,1,0,19,7223.8,3043.8,1.35
2025-11-17,prod-7,Compact Robot Vacuum & Mop,Home Appliances,HOME-RVM-007,406.87,220.0,411.28,CleanTech Direct,0,0,0,11,0,0,17,6916.79,3176.79,1.35
2025-11-18,prod-7,Compact Robot Vacuum & Mop,Home Appliances,HOME-RVM-007,394.74,220.0,407.72,CleanTech Direct,0,0,1,11,0,0,17,6710.58,2970.58,1.35
2025-11-19,prod-7,Compact Robot Vacuum & Mop,Home Appliances,HOME-RVM-007,383.12,220.0,396.88,CleanTech Direct,5,1,2,11,0,0,20,7279.28,2879.28,1.35
2025-11-20,prod-7,Compact Robot Vacuum & Mop,Home Appliances,HOME-RVM-007,410.38,220.0,406.43,CleanTech Direct,0,0,3,11,0,1,21,8617.98,3997.98,1.35
2025-11-21,prod-7,Compact Robot Vacuum & Mop,Home Appliances,HOME-RVM-007,406.61,220.0,436.72,CleanTech Direct,0,0,4,11,0,1,20,8132.2,3732.2,1.35
2025-11-22,prod-7,Compact Robot Vacuum & Mop,Home Appliances,HOME-RVM-007,371.01,220.0,392.19,CleanTech Direct,0,0,5,11,1,1,24,8904.24,3624.24,1.35
2025-11-23,prod-7,Compact Robot Vacuum & Mop,Home Appliances,HOME-RVM-007,377.11,220.0,371.76,CleanTech Direct,0,0,6,11,1,1,23,8673.53,3613.53,1.35
2025-11-24,prod-7,Compact Robot Vacuum & Mop,Home Appliances,HOME-RVM-007,380.34,220.0,365.57,CleanTech Direct,0,0,0,11,0,1,24,9128.16,3848.16,1.35
2025-11-25,prod-7,Compact Robot Vacuum & Mop,Home Appliances,HOME-RVM-007,375.64,220.0,386.19,CleanTech Direct,0,0,1,11,0,1,22,8264.08,3424.08,1.35
2025-11-26,prod-7,Compact Robot Vacuum & Mop,Home Appliances,HOME-RVM-007,368.75,220.0,366.55,CleanTech Direct,0,0,2,11,0,1,22,8112.5,3272.5,1.35
2025-11-27,prod-7,Compact Robot Vacuum & Mop,Home Appliances,HOME-RVM-007,391.85,220.0,409.86,CleanTech Direct,0,0,3,11,0,1,23,9012.55,3952.55,1.35
2025-11-28,prod-7,Compact Robot Vacuum & Mop,Home Appliances,HOME-RVM-007,397.0,220.0,408.46,CleanTech Direct,0,0,4,11,0,1,22,8734.0,3894.0,1.35
2025-11-29,prod-7,Compact Robot Vacuum & Mop,Home Appliances,HOME-RVM-007,385.98,220.0,408.22,CleanTech Direct,0,0,5,11,1,1,22,8491.56,3651.56,1.35
2025-11-30,prod-7,Compact Robot Vacuum & Mop,Home Appliances,HOME-RVM-007,388.72,220.0,375.35,CleanTech Direct,0,0,6,11,1,1,22,8551.84,3711.84,1.35
2025-12-01,prod-7,Compact Robot Vacuum & Mop,Home Appliances,HOME-RVM-007,386.8,220.0,399.24,CleanTech Direct,0,0,0,12,0,0,16,6188.8,2668.8,1.35
2025-12-02,prod-7,Compact Robot Vacuum & Mop,Home Appliances,HOME-RVM-007,366.65,220.0,352.77,CleanTech Direct,0,0,1,12,0,0,19,6966.35,2786.35,1.35
2025-12-03,prod-7,Compact Robot Vacuum & Mop,Home Appliances,HOME-RVM-007,365.88,220.0,371.52,CleanTech Direct,0,0,2,12,0,0,20,7317.6,2917.6,1.35
2025-12-04,prod-7,Compact Robot Vacuum & Mop,Home Appliances,HOME-RVM-007,367.39,220.0,376.21,CleanTech Direct,0,0,3,12,0,0,17,6245.63,2505.63,1.35
2025-12-05,prod-7,Compact Robot Vacuum & Mop,Home Appliances,HOME-RVM-007,366.42,220.0,372.42,CleanTech Direct,0,0,4,12,0,0,18,6595.56,2635.56,1.35
2025-12-06,prod-7,Compact Robot Vacuum & Mop,Home Appliances,HOME-RVM-007,379.71,220.0,378.97,CleanTech Direct,0,0,5,12,1,0,18,6834.78,2874.78,1.35
2025-12-07,prod-7,Compact Robot Vacuum & Mop,Home Appliances,HOME-RVM-007,401.82,220.0,409.56,CleanTech Direct,10,1,6,12,1,0,22,7956.04,3116.04,1.35
2025-12-08,prod-7,Compact Robot Vacuum & Mop,Home Appliances,HOME-RVM-007,386.88,220.0,410.8,CleanTech Direct,0,0,0,12,0,0,15,5803.2,2503.2,1.35
2025-12-09,prod-7,Compact Robot Vacuum & Mop,Home Appliances,HOME-RVM-007,383.11,220.0,396.2,CleanTech Direct,0,1,1,12,0,0,19,7279.09,3099.09,1.35
2025-12-10,prod-7,Compact Robot Vacuum & Mop,Home Appliances,HOME-RVM-007,372.14,220.0,401.62,CleanTech Direct,0,0,2,12,0,0,19,7070.66,2890.66,1.35
2025-12-11,prod-7,Compact Robot Vacuum & Mop,Home Appliances,HOME-RVM-007,376.23,220.0,365.15,CleanTech Direct,0,0,3,12,0,0,19,7148.37,2968.37,1.35
2025-12-12,prod-7,Compact Robot Vacuum & Mop,Home Appliances,HOME-RVM-007,403.76,220.0,413.65,CleanTech Direct,0,1,4,12,0,0,15,6056.4,2756.4,1.35
2025-12-13,prod-7,Compact Robot Vacuum & Mop,Home Appliances,HOME-RVM-007,402.3,220.0,391.56,CleanTech Direct,0,0,5,12,1,0,16,6436.8,2916.8,1.35
2025-12-14,prod-7,Compact Robot Vacuum & Mop,Home Appliances,HOME-RVM-007,381.03,220.0,393.81,CleanTech Direct,0,0,6,12,1,0,18,6858.54,2898.54,1.35
2025-12-15,prod-7,Compact Robot Vacuum & Mop,Home Appliances,HOME-RVM-007,373.61,220.0,364.84,CleanTech Direct,0,0,0,12,0,1,21,7845.81,3225.81,1.35
2025-12-16,prod-7,Compact Robot Vacuum & Mop,Home Appliances,HOME-RVM-007,405.89,220.0,426.33,CleanTech Direct,0,0,1,12,0,1,23,9335.47,4275.47,1.35
2025-12-17,prod-7,Compact Robot Vacuum & Mop,Home Appliances,HOME-RVM-007,384.95,220.0,390.19,CleanTech Direct,0,0,2,12,0,1,23,8853.85,3793.85,1.35
2025-12-18,prod-7,Compact Robot Vacuum & Mop,Home Appliances,HOME-RVM-007,392.64,220.0,408.09,CleanTech Direct,0,0,3,12,0,1,21,8245.44,3625.44,1.35
2025-12-19,prod-7,Compact Robot Vacuum & Mop,Home Appliances,HOME-RVM-007,399.78,220.0,394.62,CleanTech Direct,0,0,4,12,0,1,20,7995.6,3595.6,1.35
2025-12-20,prod-7,Compact Robot Vacuum & Mop,Home Appliances,HOME-RVM-007,369.52,220.0,379.51,CleanTech Direct,0,0,5,12,1,1,27,9977.04,4037.04,1.35
2025-12-21,prod-7,Compact Robot Vacuum & Mop,Home Appliances,HOME-RVM-007,399.98,220.0,393.86,CleanTech Direct,15,1,6,12,1,1,26,8839.56,3119.56,1.35
2025-12-22,prod-7,Compact Robot Vacuum & Mop,Home Appliances,HOME-RVM-007,366.27,220.0,361.12,CleanTech Direct,0,0,0,12,0,1,22,8057.94,3217.94,1.35
2025-12-23,prod-7,Compact Robot Vacuum & Mop,Home Appliances,HOME-RVM-007,370.54,220.0,365.0,CleanTech Direct,0,0,1,12,0,1,24,8892.96,3612.96,1.35
2025-12-24,prod-7,Compact Robot Vacuum & Mop,Home Appliances,HOME-RVM-007,405.73,220.0,426.53,CleanTech Direct,0,0,2,12,0,1,21,8520.33,3900.33,1.35
2025-12-25,prod-7,Compact Robot Vacuum & Mop,Home Appliances,HOME-RVM-007,372.85,220.0,380.51,CleanTech Direct,0,0,3,12,0,1,22,8202.7,3362.7,1.35
2025-12-26,prod-7,Compact Robot Vacuum & Mop,Home Appliances,HOME-RVM-007,382.63,220.0,412.1,CleanTech Direct,0,0,4,12,0,1,23,8800.49,3740.49,1.35
2025-12-27,prod-7,Compact Robot Vacuum & Mop,Home Appliances,HOME-RVM-007,402.07,220.0,395.06,CleanTech Direct,0,0,5,12,1,1,21,8443.47,3823.47,1.35
2025-12-28,prod-7,Compact Robot Vacuum & Mop,Home Appliances,HOME-RVM-007,380.0,220.0,404.46,CleanTech Direct,0,0,6,12,1,1,23,8740.0,3680.0,1.35
2025-12-29,prod-7,Compact Robot Vacuum & Mop,Home Appliances,HOME-RVM-007,406.56,220.0,426.65,CleanTech Direct,0,0,0,12,0,1,23,9350.88,4290.88,1.35
2025-12-30,prod-7,Compact Robot Vacuum & Mop,Home Appliances,HOME-RVM-007,374.39,220.0,360.7,CleanTech Direct,0,0,1,12,0,1,23,8610.97,3550.97,1.35
2025-12-31,prod-7,Compact Robot Vacuum & Mop,Home Appliances,HOME-RVM-007,378.06,220.0,404.99,CleanTech Direct,15,1,2,12,0,1,27,8676.48,2736.48,1.35
2026-01-01,prod-7,Compact Robot Vacuum & Mop,Home Appliances,HOME-RVM-007,384.19,220.0,388.69,CleanTech Direct,0,0,3,1,0,1,22,8452.18,3612.18,1.35
2026-01-02,prod-7,Compact Robot Vacuum & Mop,Home Appliances,HOME-RVM-007,382.92,220.0,369.86,CleanTech Direct,0,0,4,1,0,1,25,9573.0,4073.0,1.35
2026-01-03,prod-7,Compact Robot Vacuum & Mop,Home Appliances,HOME-RVM-007,374.71,220.0,368.24,CleanTech Direct,0,0,5,1,1,1,24,8993.04,3713.04,1.35
2026-01-04,prod-7,Compact Robot Vacuum & Mop,Home Appliances,HOME-RVM-007,394.02,220.0,402.78,CleanTech Direct,0,1,6,1,1,1,25,9850.5,4350.5,1.35
2026-01-05,prod-7,Compact Robot Vacuum & Mop,Home Appliances,HOME-RVM-007,410.42,220.0,404.82,CleanTech Direct,0,1,0,1,0,1,21,8618.82,3998.82,1.35
2026-01-06,prod-7,Compact Robot Vacuum & Mop,Home Appliances,HOME-RVM-007,376.81,220.0,385.8,CleanTech Direct,0,0,1,1,0,0,19,7159.39,2979.39,1.35
2026-01-07,prod-7,Compact Robot Vacuum & Mop,Home Appliances,HOME-RVM-007,398.31,220.0,401.71,CleanTech Direct,0,0,2,1,0,0,15,5974.65,2674.65,1.35
2026-01-08,prod-7,Compact Robot Vacuum & Mop,Home Appliances,HOME-RVM-007,404.13,220.0,421.51,CleanTech Direct,0,0,3,1,0,0,15,6061.95,2761.95,1.35
2026-01-09,prod-7,Compact Robot Vacuum & Mop,Home Appliances,HOME-RVM-007,375.16,220.0,388.83,CleanTech Direct,0,0,4,1,0,0,17,6377.72,2637.72,1.35
2026-01-10,prod-7,Compact Robot Vacuum & Mop,Home Appliances,HOME-RVM-007,365.81,220.0,359.3,CleanTech Direct,0,0,5,1,1,0,21,7682.01,3062.01,1.35
2026-01-11,prod-7,Compact Robot Vacuum & Mop,Home Appliances,HOME-RVM-007,400.16,220.0,425.09,CleanTech Direct,0,0,6,1,1,0,17,6802.72,3062.72,1.35
2026-01-12,prod-7,Compact Robot Vacuum & Mop,Home Appliances,HOME-RVM-007,397.47,220.0,389.52,CleanTech Direct,0,0,0,1,0,0,16,6359.52,2839.52,1.35
2026-01-13,prod-7,Compact Robot Vacuum & Mop,Home Appliances,HOME-RVM-007,410.58,220.0,426.97,CleanTech Direct,0,0,1,1,0,0,14,5748.12,2668.12,1.35
2026-01-14,prod-7,Compact Robot Vacuum & Mop,Home Appliances,HOME-RVM-007,411.14,220.0,438.17,CleanTech Direct,0,0,2,1,0,0,17,6989.38,3249.38,1.35
2026-01-15,prod-7,Compact Robot Vacuum & Mop,Home Appliances,HOME-RVM-007,366.11,220.0,366.94,CleanTech Direct,0,0,3,1,0,0,16,5857.76,2337.76,1.35
2026-01-16,prod-7,Compact Robot Vacuum & Mop,Home Appliances,HOME-RVM-007,406.42,220.0,413.21,CleanTech Direct,0,1,4,1,0,0,16,6502.72,2982.72,1.35
2026-01-17,prod-7,Compact Robot Vacuum & Mop,Home Appliances,HOME-RVM-007,411.89,220.0,436.7,CleanTech Direct,0,0,5,1,1,0,16,6590.24,3070.24,1.35
2026-01-18,prod-7,Compact Robot Vacuum & Mop,Home Appliances,HOME-RVM-007,372.5,220.0,361.8,CleanTech Direct,0,0,6,1,1,0,21,7822.5,3202.5,1.35
2026-01-19,prod-7,Compact Robot Vacuum & Mop,Home Appliances,HOME-RVM-007,386.79,220.0,405.42,CleanTech Direct,0,0,0,1,0,0,16,6188.64,2668.64,1.35
2026-01-20,prod-7,Compact Robot Vacuum & Mop,Home Appliances,HOME-RVM-007,388.37,220.0,389.81,CleanTech Direct,10,1,1,1,0,0,19,6641.13,2461.13,1.35
2026-01-21,prod-7,Compact Robot Vacuum & Mop,Home Appliances,HOME-RVM-007,381.24,220.0,389.68,CleanTech Direct,0,0,2,1,0,0,19,7243.56,3063.56,1.35
2026-01-22,prod-7,Compact Robot Vacuum & Mop,Home Appliances,HOME-RVM-007,405.04,220.0,412.38,CleanTech Direct,0,0,3,1,0,0,16,6480.64,2960.64,1.35
2026-01-23,prod-7,Compact Robot Vacuum & Mop,Home Appliances,HOME-RVM-007,395.53,220.0,386.73,CleanTech Direct,0,0,4,1,0,0,15,5932.95,2632.95,1.35
2026-01-24,prod-7,Compact Robot Vacuum & Mop,Home Appliances,HOME-RVM-007,412.06,220.0,413.24,CleanTech Direct,15,1,5,1,1,0,21,7355.27,2735.27,1.35
2026-01-25,prod-7,Compact Robot Vacuum & Mop,Home Appliances,HOME-RVM-007,400.41,220.0,393.71,CleanTech Direct,0,0,6,1,1,0,19,7607.79,3427.79,1.35
2026-01-26,prod-7,Compact Robot Vacuum & Mop,Home Appliances,HOME-RVM-007,410.73,220.0,437.53,CleanTech Direct,0,0,0,1,0,0,17,6982.41,3242.41,1.35
2026-01-27,prod-7,Compact Robot Vacuum & Mop,Home Appliances,HOME-RVM-007,386.63,220.0,415.63,CleanTech Direct,0,0,1,1,0,0,16,6186.08,2666.08,1.35
2026-01-28,prod-7,Compact Robot Vacuum & Mop,Home Appliances,HOME-RVM-007,397.36,220.0,423.81,CleanTech Direct,0,0,2,1,0,0,16,6357.76,2837.76,1.35
2026-01-29,prod-7,Compact Robot Vacuum & Mop,Home Appliances,HOME-RVM-007,412.06,220.0,410.87,CleanTech Direct,10,1,3,1,0,0,19,7046.23,2866.23,1.35
2026-01-30,prod-7,Compact Robot Vacuum & Mop,Home Appliances,HOME-RVM-007,371.4,220.0,391.99,CleanTech Direct,0,0,4,1,0,0,19,7056.6,2876.6,1.35
2026-01-31,prod-7,Compact Robot Vacuum & Mop,Home Appliances,HOME-RVM-007,381.86,220.0,371.63,CleanTech Direct,5,1,5,1,1,0,21,7618.11,2998.11,1.35
2026-02-01,prod-7,Compact Robot Vacuum & Mop,Home Appliances,HOME-RVM-007,372.67,220.0,400.99,CleanTech Direct,0,0,6,2,1,0,21,7826.07,3206.07,1.35
2026-02-02,prod-7,Compact Robot Vacuum & Mop,Home Appliances,HOME-RVM-007,379.83,220.0,377.78,CleanTech Direct,0,0,0,2,0,0,15,5697.45,2397.45,1.35
2026-02-03,prod-7,Compact Robot Vacuum & Mop,Home Appliances,HOME-RVM-007,367.57,220.0,365.35,CleanTech Direct,0,0,1,2,0,0,16,5881.12,2361.12,1.35
2026-02-04,prod-7,Compact Robot Vacuum & Mop,Home Appliances,HOME-RVM-007,379.94,220.0,384.36,CleanTech Direct,0,0,2,2,0,0,15,5699.1,2399.1,1.35
2026-02-05,prod-7,Compact Robot Vacuum & Mop,Home Appliances,HOME-RVM-007,377.4,220.0,378.16,CleanTech Direct,0,0,3,2,0,0,19,7170.6,2990.6,1.35
2026-02-06,prod-7,Compact Robot Vacuum & Mop,Home Appliances,HOME-RVM-007,396.72,220.0,417.46,CleanTech Direct,0,0,4,2,0,0,15,5950.8,2650.8,1.35
2026-02-07,prod-7,Compact Robot Vacuum & Mop,Home Appliances,HOME-RVM-007,378.29,220.0,408.37,CleanTech Direct,0,0,5,2,1,0,20,7565.8,3165.8,1.35
2026-02-08,prod-7,Compact Robot Vacuum & Mop,Home Appliances,HOME-RVM-007,369.43,220.0,364.36,CleanTech Direct,0,0,6,2,1,0,20,7388.6,2988.6,1.35
2026-02-09,prod-7,Compact Robot Vacuum & Mop,Home Appliances,HOME-RVM-007,403.55,220.0,418.26,CleanTech Direct,0,0,0,2,0,0,18,7263.9,3303.9,1.35
2026-02-10,prod-7,Compact Robot Vacuum & Mop,Home Appliances,HOME-RVM-007,370.24,220.0,367.04,CleanTech Direct,0,0,1,2,0,0,17,6294.08,2554.08,1.35
2026-02-11,prod-7,Compact Robot Vacuum & Mop,Home Appliances,HOME-RVM-007,391.98,220.0,408.24,CleanTech Direct,0,0,2,2,0,0,17,6663.66,2923.66,1.35
2026-02-12,prod-7,Compact Robot Vacuum & Mop,Home Appliances,HOME-RVM-007,397.56,220.0,391.18,CleanTech Direct,0,0,3,2,0,0,17,6758.52,3018.52,1.35
2026-02-13,prod-7,Compact Robot Vacuum & Mop,Home Appliances,HOME-RVM-007,379.71,220.0,368.42,CleanTech Direct,0,0,4,2,0,0,18,6834.78,2874.78,1.35
2026-02-14,prod-7,Compact Robot Vacuum & Mop,Home Appliances,HOME-RVM-007,391.14,220.0,393.14,CleanTech Direct,0,0,5,2,1,0,18,7040.52,3080.52,1.35
2026-02-15,prod-7,Compact Robot Vacuum & Mop,Home Appliances,HOME-RVM-007,372.13,220.0,376.98,CleanTech Direct,0,0,6,2,1,0,22,8186.86,3346.86,1.35
2026-02-16,prod-7,Compact Robot Vacuum & Mop,Home Appliances,HOME-RVM-007,398.92,220.0,405.38,CleanTech Direct,0,0,0,2,0,0,16,6382.72,2862.72,1.35
2026-02-17,prod-7,Compact Robot Vacuum & Mop,Home Appliances,HOME-RVM-007,384.81,220.0,370.7,CleanTech Direct,0,0,1,2,0,0,19,7311.39,3131.39,1.35
2026-02-18,prod-7,Compact Robot Vacuum & Mop,Home Appliances,HOME-RVM-007,385.31,220.0,404.85,CleanTech Direct,0,0,2,2,0,0,16,6164.96,2644.96,1.35
2026-02-19,prod-7,Compact Robot Vacuum & Mop,Home Appliances,HOME-RVM-007,376.99,220.0,385.08,CleanTech Direct,0,0,3,2,0,0,18,6785.82,2825.82,1.35
2026-02-20,prod-7,Compact Robot Vacuum & Mop,Home Appliances,HOME-RVM-007,392.06,220.0,390.18,CleanTech Direct,0,0,4,2,0,0,16,6272.96,2752.96,1.35
2026-02-21,prod-7,Compact Robot Vacuum & Mop,Home Appliances,HOME-RVM-007,384.47,220.0,369.37,CleanTech Direct,0,0,5,2,1,0,21,8073.87,3453.87,1.35
2026-02-22,prod-7,Compact Robot Vacuum & Mop,Home Appliances,HOME-RVM-007,387.14,220.0,374.18,CleanTech Direct,0,1,6,2,1,0,18,6968.52,3008.52,1.35
2026-02-23,prod-7,Compact Robot Vacuum & Mop,Home Appliances,HOME-RVM-007,370.21,220.0,368.31,CleanTech Direct,0,0,0,2,0,0,17,6293.57,2553.57,1.35
2026-02-24,prod-7,Compact Robot Vacuum & Mop,Home Appliances,HOME-RVM-007,368.5,220.0,386.5,CleanTech Direct,0,0,1,2,0,0,19,7001.5,2821.5,1.35
2026-02-25,prod-7,Compact Robot Vacuum & Mop,Home Appliances,HOME-RVM-007,368.13,220.0,362.46,CleanTech Direct,0,0,2,2,0,0,19,6994.47,2814.47,1.35
2026-02-26,prod-7,Compact Robot Vacuum & Mop,Home Appliances,HOME-RVM-007,388.78,220.0,383.66,CleanTech Direct,0,0,3,2,0,0,18,6998.04,3038.04,1.35
2026-02-27,prod-7,Compact Robot Vacuum & Mop,Home Appliances,HOME-RVM-007,379.71,220.0,378.69,CleanTech Direct,0,0,4,2,0,0,15,5695.65,2395.65,1.35
2026-02-28,prod-7,Compact Robot Vacuum & Mop,Home Appliances,HOME-RVM-007,388.3,220.0,404.82,CleanTech Direct,0,1,5,2,1,0,17,6601.1,2861.1,1.35
2026-03-01,prod-7,Compact Robot Vacuum & Mop,Home Appliances,HOME-RVM-007,406.73,220.0,415.83,CleanTech Direct,0,0,6,3,1,0,16,6507.68,2987.68,1.35
2026-03-02,prod-7,Compact Robot Vacuum & Mop,Home Appliances,HOME-RVM-007,366.81,220.0,374.4,CleanTech Direct,0,0,0,3,0,0,20,7336.2,2936.2,1.35
2026-03-03,prod-7,Compact Robot Vacuum & Mop,Home Appliances,HOME-RVM-007,379.66,220.0,386.51,CleanTech Direct,0,0,1,3,0,0,16,6074.56,2554.56,1.35
2026-03-04,prod-7,Compact Robot Vacuum & Mop,Home Appliances,HOME-RVM-007,405.23,220.0,401.68,CleanTech Direct,0,0,2,3,0,0,16,6483.68,2963.68,1.35
2026-03-05,prod-7,Compact Robot Vacuum & Mop,Home Appliances,HOME-RVM-007,396.38,220.0,386.38,CleanTech Direct,0,0,3,3,0,0,14,5549.32,2469.32,1.35
2026-03-06,prod-7,Compact Robot Vacuum & Mop,Home Appliances,HOME-RVM-007,372.27,220.0,390.64,CleanTech Direct,0,0,4,3,0,0,18,6700.86,2740.86,1.35
2026-03-07,prod-7,Compact Robot Vacuum & Mop,Home Appliances,HOME-RVM-007,398.32,220.0,391.96,CleanTech Direct,0,0,5,3,1,0,17,6771.44,3031.44,1.35
2026-03-08,prod-7,Compact Robot Vacuum & Mop,Home Appliances,HOME-RVM-007,370.33,220.0,381.68,CleanTech Direct,0,0,6,3,1,0,19,7036.27,2856.27,1.35
2026-03-09,prod-7,Compact Robot Vacuum & Mop,Home Appliances,HOME-RVM-007,383.67,220.0,405.15,CleanTech Direct,0,0,0,3,0,0,18,6906.06,2946.06,1.35
2026-03-10,prod-7,Compact Robot Vacuum & Mop,Home Appliances,HOME-RVM-007,372.58,220.0,370.35,CleanTech Direct,0,0,1,3,0,0,17,6333.86,2593.86,1.35
2026-03-11,prod-7,Compact Robot Vacuum & Mop,Home Appliances,HOME-RVM-007,392.76,220.0,378.66,CleanTech Direct,0,0,2,3,0,0,17,6676.92,2936.92,1.35
2026-03-12,prod-7,Compact Robot Vacuum & Mop,Home Appliances,HOME-RVM-007,386.41,220.0,413.06,CleanTech Direct,0,0,3,3,0,0,15,5796.15,2496.15,1.35
2026-03-13,prod-7,Compact Robot Vacuum & Mop,Home Appliances,HOME-RVM-007,406.85,220.0,412.95,CleanTech Direct,5,1,4,3,0,0,16,6184.12,2664.12,1.35
2026-03-14,prod-7,Compact Robot Vacuum & Mop,Home Appliances,HOME-RVM-007,405.61,220.0,413.88,CleanTech Direct,0,0,5,3,1,0,19,7706.59,3526.59,1.35
2026-03-15,prod-7,Compact Robot Vacuum & Mop,Home Appliances,HOME-RVM-007,383.89,220.0,371.43,CleanTech Direct,0,0,6,3,1,0,19,7293.91,3113.91,1.35
2026-03-16,prod-7,Compact Robot Vacuum & Mop,Home Appliances,HOME-RVM-007,399.23,220.0,399.52,CleanTech Direct,0,0,0,3,0,0,17,6786.91,3046.91,1.35
2026-03-17,prod-7,Compact Robot Vacuum & Mop,Home Appliances,HOME-RVM-007,378.65,220.0,398.16,CleanTech Direct,0,0,1,3,0,0,17,6437.05,2697.05,1.35
2026-03-18,prod-7,Compact Robot Vacuum & Mop,Home Appliances,HOME-RVM-007,408.43,220.0,423.71,CleanTech Direct,0,0,2,3,0,0,16,6534.88,3014.88,1.35
2026-03-19,prod-7,Compact Robot Vacuum & Mop,Home Appliances,HOME-RVM-007,396.42,220.0,407.97,CleanTech Direct,0,0,3,3,0,0,18,7135.56,3175.56,1.35
2026-03-20,prod-7,Compact Robot Vacuum & Mop,Home Appliances,HOME-RVM-007,390.19,220.0,380.64,CleanTech Direct,0,0,4,3,0,0,19,7413.61,3233.61,1.35
2026-03-21,prod-7,Compact Robot Vacuum & Mop,Home Appliances,HOME-RVM-007,381.91,220.0,394.93,CleanTech Direct,0,0,5,3,1,0,17,6492.47,2752.47,1.35
2026-03-22,prod-7,Compact Robot Vacuum & Mop,Home Appliances,HOME-RVM-007,405.43,220.0,396.96,CleanTech Direct,0,1,6,3,1,0,18,7297.74,3337.74,1.35
2026-03-23,prod-7,Compact Robot Vacuum & Mop,Home Appliances,HOME-RVM-007,397.37,220.0,396.91,CleanTech Direct,0,0,0,3,0,0,17,6755.29,3015.29,1.35
2026-03-24,prod-7,Compact Robot Vacuum & Mop,Home Appliances,HOME-RVM-007,408.48,220.0,431.14,CleanTech Direct,5,1,1,3,0,0,18,6985.01,3025.01,1.35
2026-03-25,prod-7,Compact Robot Vacuum & Mop,Home Appliances,HOME-RVM-007,383.59,220.0,413.05,CleanTech Direct,0,0,2,3,0,0,15,5753.85,2453.85,1.35
2026-03-26,prod-7,Compact Robot Vacuum & Mop,Home Appliances,HOME-RVM-007,377.35,220.0,363.95,CleanTech Direct,0,0,3,3,0,0,17,6414.95,2674.95,1.35
2026-03-27,prod-7,Compact Robot Vacuum & Mop,Home Appliances,HOME-RVM-007,383.13,220.0,396.83,CleanTech Direct,5,1,4,3,0,0,18,6551.52,2591.52,1.35
2026-03-28,prod-7,Compact Robot Vacuum & Mop,Home Appliances,HOME-RVM-007,398.28,220.0,400.4,CleanTech Direct,0,0,5,3,1,0,19,7567.32,3387.32,1.35
2026-03-29,prod-7,Compact Robot Vacuum & Mop,Home Appliances,HOME-RVM-007,374.98,220.0,371.34,CleanTech Direct,0,0,6,3,1,0,19,7124.62,2944.62,1.35
2026-03-30,prod-7,Compact Robot Vacuum & Mop,Home Appliances,HOME-RVM-007,375.05,220.0,367.34,CleanTech Direct,0,0,0,3,0,0,19,7125.95,2945.95,1.35
2026-03-31,prod-7,Compact Robot Vacuum & Mop,Home Appliances,HOME-RVM-007,374.64,220.0,385.82,CleanTech Direct,0,0,1,3,0,0,18,6743.52,2783.52,1.35
2026-04-01,prod-7,Compact Robot Vacuum & Mop,Home Appliances,HOME-RVM-007,375.16,220.0,396.62,CleanTech Direct,0,0,2,4,0,0,17,6377.72,2637.72,1.35
2026-04-02,prod-7,Compact Robot Vacuum & Mop,Home Appliances,HOME-RVM-007,384.71,220.0,394.55,CleanTech Direct,5,1,3,4,0,0,19,6944.02,2764.02,1.35
2026-04-03,prod-7,Compact Robot Vacuum & Mop,Home Appliances,HOME-RVM-007,410.37,220.0,429.82,CleanTech Direct,0,0,4,4,0,0,14,5745.18,2665.18,1.35
2026-04-04,prod-7,Compact Robot Vacuum & Mop,Home Appliances,HOME-RVM-007,375.34,220.0,397.6,CleanTech Direct,0,0,5,4,1,0,19,7131.46,2951.46,1.35
2026-04-05,prod-7,Compact Robot Vacuum & Mop,Home Appliances,HOME-RVM-007,407.66,220.0,433.1,CleanTech Direct,0,0,6,4,1,0,17,6930.22,3190.22,1.35
2026-04-06,prod-7,Compact Robot Vacuum & Mop,Home Appliances,HOME-RVM-007,394.86,220.0,420.48,CleanTech Direct,0,0,0,4,0,0,15,5922.9,2622.9,1.35
2026-04-07,prod-7,Compact Robot Vacuum & Mop,Home Appliances,HOME-RVM-007,389.81,220.0,378.94,CleanTech Direct,0,0,1,4,0,0,15,5847.15,2547.15,1.35
2026-04-08,prod-7,Compact Robot Vacuum & Mop,Home Appliances,HOME-RVM-007,390.89,220.0,376.31,CleanTech Direct,0,0,2,4,0,0,16,6254.24,2734.24,1.35
2026-04-09,prod-7,Compact Robot Vacuum & Mop,Home Appliances,HOME-RVM-007,404.32,220.0,407.09,CleanTech Direct,0,0,3,4,0,0,17,6873.44,3133.44,1.35
2026-04-10,prod-7,Compact Robot Vacuum & Mop,Home Appliances,HOME-RVM-007,373.03,220.0,371.0,CleanTech Direct,0,0,4,4,0,0,17,6341.51,2601.51,1.35
2026-04-11,prod-7,Compact Robot Vacuum & Mop,Home Appliances,HOME-RVM-007,389.83,220.0,402.83,CleanTech Direct,0,0,5,4,1,0,19,7406.77,3226.77,1.35
2026-04-12,prod-7,Compact Robot Vacuum & Mop,Home Appliances,HOME-RVM-007,391.14,220.0,417.35,CleanTech Direct,0,0,6,4,1,0,21,8213.94,3593.94,1.35
2026-04-13,prod-7,Compact Robot Vacuum & Mop,Home Appliances,HOME-RVM-007,411.64,220.0,427.44,CleanTech Direct,15,1,0,4,0,0,18,6298.09,2338.09,1.35
2026-04-14,prod-7,Compact Robot Vacuum & Mop,Home Appliances,HOME-RVM-007,381.28,220.0,401.02,CleanTech Direct,0,0,1,4,0,0,18,6863.04,2903.04,1.35
2026-04-15,prod-7,Compact Robot Vacuum & Mop,Home Appliances,HOME-RVM-007,399.92,220.0,428.27,CleanTech Direct,0,0,2,4,0,0,18,7198.56,3238.56,1.35
2026-04-16,prod-7,Compact Robot Vacuum & Mop,Home Appliances,HOME-RVM-007,376.66,220.0,364.89,CleanTech Direct,0,0,3,4,0,0,19,7156.54,2976.54,1.35
2026-04-17,prod-7,Compact Robot Vacuum & Mop,Home Appliances,HOME-RVM-007,398.48,220.0,419.15,CleanTech Direct,0,1,4,4,0,0,18,7172.64,3212.64,1.35
2026-04-18,prod-7,Compact Robot Vacuum & Mop,Home Appliances,HOME-RVM-007,393.58,220.0,406.76,CleanTech Direct,15,1,5,4,1,0,26,8698.12,2978.12,1.35
2026-04-19,prod-7,Compact Robot Vacuum & Mop,Home Appliances,HOME-RVM-007,378.29,220.0,365.05,CleanTech Direct,5,1,6,4,1,0,22,7906.26,3066.26,1.35
2026-04-20,prod-7,Compact Robot Vacuum & Mop,Home Appliances,HOME-RVM-007,385.8,220.0,384.42,CleanTech Direct,0,0,0,4,0,0,19,7330.2,3150.2,1.35
2026-04-21,prod-7,Compact Robot Vacuum & Mop,Home Appliances,HOME-RVM-007,366.66,220.0,354.43,CleanTech Direct,0,0,1,4,0,0,20,7333.2,2933.2,1.35
2026-04-22,prod-7,Compact Robot Vacuum & Mop,Home Appliances,HOME-RVM-007,390.6,220.0,415.3,CleanTech Direct,0,0,2,4,0,0,18,7030.8,3070.8,1.35
2026-04-23,prod-7,Compact Robot Vacuum & Mop,Home Appliances,HOME-RVM-007,391.45,220.0,378.24,CleanTech Direct,0,0,3,4,0,0,17,6654.65,2914.65,1.35
2026-04-24,prod-7,Compact Robot Vacuum & Mop,Home Appliances,HOME-RVM-007,385.72,220.0,390.05,CleanTech Direct,0,0,4,4,0,0,17,6557.24,2817.24,1.35
2026-04-25,prod-7,Compact Robot Vacuum & Mop,Home Appliances,HOME-RVM-007,407.54,220.0,439.29,CleanTech Direct,0,0,5,4,1,0,16,6520.64,3000.64,1.35
2026-04-26,prod-7,Compact Robot Vacuum & Mop,Home Appliances,HOME-RVM-007,386.04,220.0,373.28,CleanTech Direct,0,0,6,4,1,0,20,7720.8,3320.8,1.35
2026-04-27,prod-7,Compact Robot Vacuum & Mop,Home Appliances,HOME-RVM-007,376.26,220.0,394.96,CleanTech Direct,0,0,0,4,0,0,19,7148.94,2968.94,1.35
2026-04-28,prod-7,Compact Robot Vacuum & Mop,Home Appliances,HOME-RVM-007,392.18,220.0,423.13,CleanTech Direct,5,1,1,4,0,0,19,7078.85,2898.85,1.35
2026-04-29,prod-7,Compact Robot Vacuum & Mop,Home Appliances,HOME-RVM-007,369.24,220.0,360.09,CleanTech Direct,0,0,2,4,0,0,16,5907.84,2387.84,1.35
2026-04-30,prod-7,Compact Robot Vacuum & Mop,Home Appliances,HOME-RVM-007,381.98,220.0,396.73,CleanTech Direct,0,0,3,4,0,0,16,6111.68,2591.68,1.35
2026-05-01,prod-7,Compact Robot Vacuum & Mop,Home Appliances,HOME-RVM-007,393.95,220.0,400.82,CleanTech Direct,0,0,4,5,0,0,15,5909.25,2609.25,1.35
2026-05-02,prod-7,Compact Robot Vacuum & Mop,Home Appliances,HOME-RVM-007,377.34,220.0,386.86,CleanTech Direct,0,0,5,5,1,0,21,7924.14,3304.14,1.35
2026-05-03,prod-7,Compact Robot Vacuum & Mop,Home Appliances,HOME-RVM-007,382.32,220.0,409.01,CleanTech Direct,0,0,6,5,1,0,20,7646.4,3246.4,1.35
2026-05-04,prod-7,Compact Robot Vacuum & Mop,Home Appliances,HOME-RVM-007,409.61,220.0,431.58,CleanTech Direct,0,0,0,5,0,0,16,6553.76,3033.76,1.35
2026-05-05,prod-7,Compact Robot Vacuum & Mop,Home Appliances,HOME-RVM-007,390.25,220.0,387.17,CleanTech Direct,0,0,1,5,0,0,17,6634.25,2894.25,1.35
2026-05-06,prod-7,Compact Robot Vacuum & Mop,Home Appliances,HOME-RVM-007,368.18,220.0,393.24,CleanTech Direct,0,0,2,5,0,0,19,6995.42,2815.42,1.35
2026-05-07,prod-7,Compact Robot Vacuum & Mop,Home Appliances,HOME-RVM-007,378.72,220.0,372.82,CleanTech Direct,0,0,3,5,0,0,20,7574.4,3174.4,1.35
2026-05-08,prod-7,Compact Robot Vacuum & Mop,Home Appliances,HOME-RVM-007,376.42,220.0,394.88,CleanTech Direct,0,0,4,5,0,0,17,6399.14,2659.14,1.35
2026-05-09,prod-7,Compact Robot Vacuum & Mop,Home Appliances,HOME-RVM-007,403.77,220.0,394.5,CleanTech Direct,0,0,5,5,1,0,19,7671.63,3491.63,1.35
2026-05-10,prod-7,Compact Robot Vacuum & Mop,Home Appliances,HOME-RVM-007,396.0,220.0,401.72,CleanTech Direct,15,1,6,5,1,0,25,8415.0,2915.0,1.35
2026-05-11,prod-7,Compact Robot Vacuum & Mop,Home Appliances,HOME-RVM-007,378.28,220.0,389.85,CleanTech Direct,0,0,0,5,0,0,20,7565.6,3165.6,1.35
2026-05-12,prod-7,Compact Robot Vacuum & Mop,Home Appliances,HOME-RVM-007,368.45,220.0,391.5,CleanTech Direct,0,0,1,5,0,0,16,5895.2,2375.2,1.35
2026-05-13,prod-7,Compact Robot Vacuum & Mop,Home Appliances,HOME-RVM-007,383.52,220.0,388.61,CleanTech Direct,0,0,2,5,0,0,17,6519.84,2779.84,1.35
2026-05-14,prod-7,Compact Robot Vacuum & Mop,Home Appliances,HOME-RVM-007,396.47,220.0,405.95,CleanTech Direct,0,0,3,5,0,0,14,5550.58,2470.58,1.35
2026-05-15,prod-7,Compact Robot Vacuum & Mop,Home Appliances,HOME-RVM-007,401.28,220.0,430.36,CleanTech Direct,0,0,4,5,0,0,17,6821.76,3081.76,1.35
2026-05-16,prod-7,Compact Robot Vacuum & Mop,Home Appliances,HOME-RVM-007,381.35,220.0,403.99,CleanTech Direct,0,0,5,5,1,0,21,8008.35,3388.35,1.35
2026-05-17,prod-7,Compact Robot Vacuum & Mop,Home Appliances,HOME-RVM-007,375.77,220.0,361.97,CleanTech Direct,0,0,6,5,1,0,20,7515.4,3115.4,1.35
2026-05-18,prod-7,Compact Robot Vacuum & Mop,Home Appliances,HOME-RVM-007,406.07,220.0,427.96,CleanTech Direct,0,0,0,5,0,0,17,6903.19,3163.19,1.35
2026-05-19,prod-7,Compact Robot Vacuum & Mop,Home Appliances,HOME-RVM-007,403.35,220.0,414.0,CleanTech Direct,0,0,1,5,0,0,18,7260.3,3300.3,1.35
2026-05-20,prod-7,Compact Robot Vacuum & Mop,Home Appliances,HOME-RVM-007,379.08,220.0,408.99,CleanTech Direct,0,0,2,5,0,0,17,6444.36,2704.36,1.35
2026-05-21,prod-7,Compact Robot Vacuum & Mop,Home Appliances,HOME-RVM-007,399.23,220.0,420.1,CleanTech Direct,0,0,3,5,0,0,18,7186.14,3226.14,1.35
2026-05-22,prod-7,Compact Robot Vacuum & Mop,Home Appliances,HOME-RVM-007,387.48,220.0,418.13,CleanTech Direct,0,0,4,5,0,0,19,7362.12,3182.12,1.35
2026-05-23,prod-7,Compact Robot Vacuum & Mop,Home Appliances,HOME-RVM-007,378.76,220.0,394.63,CleanTech Direct,0,0,5,5,1,0,22,8332.72,3492.72,1.35
2026-05-24,prod-7,Compact Robot Vacuum & Mop,Home Appliances,HOME-RVM-007,401.67,220.0,399.86,CleanTech Direct,0,0,6,5,1,0,16,6426.72,2906.72,1.35
2026-05-25,prod-7,Compact Robot Vacuum & Mop,Home Appliances,HOME-RVM-007,378.46,220.0,375.53,CleanTech Direct,0,0,0,5,0,0,18,6812.28,2852.28,1.35
2026-05-26,prod-7,Compact Robot Vacuum & Mop,Home Appliances,HOME-RVM-007,401.68,220.0,386.21,CleanTech Direct,0,0,1,5,0,0,17,6828.56,3088.56,1.35
2026-05-27,prod-7,Compact Robot Vacuum & Mop,Home Appliances,HOME-RVM-007,404.68,220.0,429.65,CleanTech Direct,0,0,2,5,0,0,14,5665.52,2585.52,1.35
2026-05-28,prod-7,Compact Robot Vacuum & Mop,Home Appliances,HOME-RVM-007,366.07,220.0,353.05,CleanTech Direct,0,0,3,5,0,0,19,6955.33,2775.33,1.35
2026-05-29,prod-7,Compact Robot Vacuum & Mop,Home Appliances,HOME-RVM-007,391.64,220.0,395.18,CleanTech Direct,0,0,4,5,0,0,15,5874.6,2574.6,1.35
2026-05-30,prod-7,Compact Robot Vacuum & Mop,Home Appliances,HOME-RVM-007,407.53,220.0,418.2,CleanTech Direct,0,0,5,5,1,0,17,6928.01,3188.01,1.35
2026-05-31,prod-7,Compact Robot Vacuum & Mop,Home Appliances,HOME-RVM-007,377.7,220.0,398.25,CleanTech Direct,0,0,6,5,1,0,20,7554.0,3154.0,1.35
2026-06-01,prod-7,Compact Robot Vacuum & Mop,Home Appliances,HOME-RVM-007,376.28,220.0,369.11,CleanTech Direct,0,0,0,6,0,0,18,6773.04,2813.04,1.35
2026-06-02,prod-7,Compact Robot Vacuum & Mop,Home Appliances,HOME-RVM-007,376.52,220.0,391.04,CleanTech Direct,0,0,1,6,0,0,18,6777.36,2817.36,1.35
2026-06-03,prod-7,Compact Robot Vacuum & Mop,Home Appliances,HOME-RVM-007,386.21,220.0,385.47,CleanTech Direct,0,0,2,6,0,0,16,6179.36,2659.36,1.35
2026-06-04,prod-7,Compact Robot Vacuum & Mop,Home Appliances,HOME-RVM-007,410.09,220.0,442.5,CleanTech Direct,0,0,3,6,0,0,14,5741.26,2661.26,1.35
2026-06-05,prod-7,Compact Robot Vacuum & Mop,Home Appliances,HOME-RVM-007,405.1,220.0,430.19,CleanTech Direct,0,0,4,6,0,0,14,5671.4,2591.4,1.35
2026-06-06,prod-7,Compact Robot Vacuum & Mop,Home Appliances,HOME-RVM-007,376.62,220.0,366.49,CleanTech Direct,0,0,5,6,1,0,18,6779.16,2819.16,1.35
2026-06-07,prod-7,Compact Robot Vacuum & Mop,Home Appliances,HOME-RVM-007,369.28,220.0,363.55,CleanTech Direct,0,0,6,6,1,0,22,8124.16,3284.16,1.35
2026-06-08,prod-7,Compact Robot Vacuum & Mop,Home Appliances,HOME-RVM-007,397.45,220.0,384.96,CleanTech Direct,0,0,0,6,0,0,15,5961.75,2661.75,1.35
2026-06-09,prod-7,Compact Robot Vacuum & Mop,Home Appliances,HOME-RVM-007,366.81,220.0,378.85,CleanTech Direct,0,0,1,6,0,0,20,7336.2,2936.2,1.35
2026-06-10,prod-7,Compact Robot Vacuum & Mop,Home Appliances,HOME-RVM-007,407.55,220.0,409.57,CleanTech Direct,0,0,2,6,0,0,15,6113.25,2813.25,1.35
2026-06-11,prod-7,Compact Robot Vacuum & Mop,Home Appliances,HOME-RVM-007,367.11,220.0,368.65,CleanTech Direct,0,0,3,6,0,0,17,6240.87,2500.87,1.35
2026-06-12,prod-7,Compact Robot Vacuum & Mop,Home Appliances,HOME-RVM-007,393.26,220.0,382.54,CleanTech Direct,0,0,4,6,0,0,16,6292.16,2772.16,1.35
2026-06-13,prod-7,Compact Robot Vacuum & Mop,Home Appliances,HOME-RVM-007,399.07,220.0,418.64,CleanTech Direct,0,0,5,6,1,0,19,7582.33,3402.33,1.35
2026-06-14,prod-7,Compact Robot Vacuum & Mop,Home Appliances,HOME-RVM-007,409.54,220.0,411.78,CleanTech Direct,0,0,6,6,1,0,18,7371.72,3411.72,1.35
2026-06-15,prod-7,Compact Robot Vacuum & Mop,Home Appliances,HOME-RVM-007,372.67,220.0,391.87,CleanTech Direct,0,0,0,6,0,0,20,7453.4,3053.4,1.35
2026-06-16,prod-7,Compact Robot Vacuum & Mop,Home Appliances,HOME-RVM-007,410.41,220.0,442.86,CleanTech Direct,0,0,1,6,0,0,18,7387.38,3427.38,1.35
2026-06-17,prod-7,Compact Robot Vacuum & Mop,Home Appliances,HOME-RVM-007,395.08,220.0,414.07,CleanTech Direct,0,0,2,6,0,0,15,5926.2,2626.2,1.35
2026-06-18,prod-7,Compact Robot Vacuum & Mop,Home Appliances,HOME-RVM-007,406.67,220.0,429.36,CleanTech Direct,0,0,3,6,0,0,16,6506.72,2986.72,1.35
2026-06-19,prod-7,Compact Robot Vacuum & Mop,Home Appliances,HOME-RVM-007,389.95,220.0,389.18,CleanTech Direct,0,0,4,6,0,0,17,6629.15,2889.15,1.35
2026-06-20,prod-7,Compact Robot Vacuum & Mop,Home Appliances,HOME-RVM-007,408.19,220.0,407.96,CleanTech Direct,0,0,5,6,1,0,20,8163.8,3763.8,1.35
2026-06-21,prod-7,Compact Robot Vacuum & Mop,Home Appliances,HOME-RVM-007,376.44,220.0,375.6,CleanTech Direct,0,0,6,6,1,0,21,7905.24,3285.24,1.35
2026-06-22,prod-7,Compact Robot Vacuum & Mop,Home Appliances,HOME-RVM-007,386.43,220.0,415.38,CleanTech Direct,0,0,0,6,0,0,15,5796.45,2496.45,1.35
2026-06-23,prod-7,Compact Robot Vacuum & Mop,Home Appliances,HOME-RVM-007,391.82,220.0,379.74,CleanTech Direct,0,0,1,6,0,0,17,6660.94,2920.94,1.35
2026-06-24,prod-7,Compact Robot Vacuum & Mop,Home Appliances,HOME-RVM-007,376.41,220.0,396.87,CleanTech Direct,0,0,2,6,0,0,19,7151.79,2971.79,1.35
2026-06-25,prod-7,Compact Robot Vacuum & Mop,Home Appliances,HOME-RVM-007,411.72,220.0,440.99,CleanTech Direct,0,0,3,6,0,0,17,6999.24,3259.24,1.35
2026-06-26,prod-7,Compact Robot Vacuum & Mop,Home Appliances,HOME-RVM-007,397.13,220.0,412.98,CleanTech Direct,0,0,4,6,0,0,18,7148.34,3188.34,1.35
2026-06-27,prod-7,Compact Robot Vacuum & Mop,Home Appliances,HOME-RVM-007,381.6,220.0,371.74,CleanTech Direct,0,0,5,6,1,0,19,7250.4,3070.4,1.35
2026-06-28,prod-7,Compact Robot Vacuum & Mop,Home Appliances,HOME-RVM-007,372.59,220.0,379.78,CleanTech Direct,0,0,6,6,1,0,19,7079.21,2899.21,1.35
2026-06-29,prod-7,Compact Robot Vacuum & Mop,Home Appliances,HOME-RVM-007,374.06,220.0,379.48,CleanTech Direct,0,0,0,6,0,0,17,6359.02,2619.02,1.35
2026-06-30,prod-7,Compact Robot Vacuum & Mop,Home Appliances,HOME-RVM-007,401.39,220.0,419.6,CleanTech Direct,0,0,1,6,0,0,15,6020.85,2720.85,1.35
2026-07-01,prod-7,Compact Robot Vacuum & Mop,Home Appliances,HOME-RVM-007,406.25,220.0,430.65,CleanTech Direct,5,1,2,7,0,0,19,7332.81,3152.81,1.35
2026-07-02,prod-7,Compact Robot Vacuum & Mop,Home Appliances,HOME-RVM-007,371.84,220.0,395.65,CleanTech Direct,0,0,3,7,0,0,20,7436.8,3036.8,1.35
2026-07-03,prod-7,Compact Robot Vacuum & Mop,Home Appliances,HOME-RVM-007,382.2,220.0,385.36,CleanTech Direct,0,0,4,7,0,0,18,6879.6,2919.6,1.35
2026-07-04,prod-7,Compact Robot Vacuum & Mop,Home Appliances,HOME-RVM-007,371.22,220.0,396.35,CleanTech Direct,0,0,5,7,1,0,21,7795.62,3175.62,1.35
2026-07-05,prod-7,Compact Robot Vacuum & Mop,Home Appliances,HOME-RVM-007,394.44,220.0,425.72,CleanTech Direct,10,1,6,7,1,0,24,8519.9,3239.9,1.35
2026-07-06,prod-7,Compact Robot Vacuum & Mop,Home Appliances,HOME-RVM-007,408.17,220.0,422.74,CleanTech Direct,0,0,0,7,0,0,15,6122.55,2822.55,1.35
2026-07-07,prod-7,Compact Robot Vacuum & Mop,Home Appliances,HOME-RVM-007,401.03,220.0,418.68,CleanTech Direct,0,0,1,7,0,0,17,6817.51,3077.51,1.35
2026-07-08,prod-7,Compact Robot Vacuum & Mop,Home Appliances,HOME-RVM-007,393.18,220.0,416.15,CleanTech Direct,0,0,2,7,0,0,15,5897.7,2597.7,1.35
2026-07-09,prod-7,Compact Robot Vacuum & Mop,Home Appliances,HOME-RVM-007,366.02,220.0,377.43,CleanTech Direct,0,0,3,7,0,0,18,6588.36,2628.36,1.35
2026-07-10,prod-7,Compact Robot Vacuum & Mop,Home Appliances,HOME-RVM-007,380.62,220.0,373.47,CleanTech Direct,0,0,4,7,0,0,16,6089.92,2569.92,1.35
2026-07-11,prod-7,Compact Robot Vacuum & Mop,Home Appliances,HOME-RVM-007,401.74,220.0,396.87,CleanTech Direct,0,0,5,7,1,0,16,6427.84,2907.84,1.35
2026-07-12,prod-7,Compact Robot Vacuum & Mop,Home Appliances,HOME-RVM-007,389.83,220.0,398.81,CleanTech Direct,0,0,6,7,1,0,21,8186.43,3566.43,1.35
2026-07-13,prod-7,Compact Robot Vacuum & Mop,Home Appliances,HOME-RVM-007,378.98,220.0,381.29,CleanTech Direct,0,0,0,7,0,0,19,7200.62,3020.62,1.35
2026-07-14,prod-7,Compact Robot Vacuum & Mop,Home Appliances,HOME-RVM-007,367.62,220.0,394.61,CleanTech Direct,0,0,1,7,0,0,19,6984.78,2804.78,1.35
2026-07-15,prod-7,Compact Robot Vacuum & Mop,Home Appliances,HOME-RVM-007,385.76,220.0,383.21,CleanTech Direct,0,0,2,7,0,0,16,6172.16,2652.16,1.35
2026-07-16,prod-7,Compact Robot Vacuum & Mop,Home Appliances,HOME-RVM-007,381.87,220.0,374.18,CleanTech Direct,0,0,3,7,0,0,17,6491.79,2751.79,1.35
2026-07-17,prod-7,Compact Robot Vacuum & Mop,Home Appliances,HOME-RVM-007,376.1,220.0,368.7,CleanTech Direct,0,0,4,7,0,0,17,6393.7,2653.7,1.35
2026-07-18,prod-7,Compact Robot Vacuum & Mop,Home Appliances,HOME-RVM-007,393.96,220.0,383.22,CleanTech Direct,0,0,5,7,1,0,18,7091.28,3131.28,1.35
2026-07-19,prod-7,Compact Robot Vacuum & Mop,Home Appliances,HOME-RVM-007,370.14,220.0,379.86,CleanTech Direct,0,0,6,7,1,0,19,7032.66,2852.66,1.35
2026-07-20,prod-7,Compact Robot Vacuum & Mop,Home Appliances,HOME-RVM-007,393.59,220.0,379.72,CleanTech Direct,0,0,0,7,0,0,17,6691.03,2951.03,1.35
2026-07-21,prod-7,Compact Robot Vacuum & Mop,Home Appliances,HOME-RVM-007,374.77,220.0,381.74,CleanTech Direct,0,0,1,7,0,0,17,6371.09,2631.09,1.35
2026-07-22,prod-7,Compact Robot Vacuum & Mop,Home Appliances,HOME-RVM-007,378.82,220.0,406.76,CleanTech Direct,0,0,2,7,0,0,17,6439.94,2699.94,1.35
2026-07-23,prod-7,Compact Robot Vacuum & Mop,Home Appliances,HOME-RVM-007,371.55,220.0,376.92,CleanTech Direct,0,0,3,7,0,0,19,7059.45,2879.45,1.35
2026-07-24,prod-7,Compact Robot Vacuum & Mop,Home Appliances,HOME-RVM-007,408.57,220.0,398.11,CleanTech Direct,0,0,4,7,0,0,16,6537.12,3017.12,1.35
2026-07-25,prod-7,Compact Robot Vacuum & Mop,Home Appliances,HOME-RVM-007,369.71,220.0,360.99,CleanTech Direct,0,0,5,7,1,0,21,7763.91,3143.91,1.35
2026-07-26,prod-7,Compact Robot Vacuum & Mop,Home Appliances,HOME-RVM-007,410.87,220.0,434.06,CleanTech Direct,0,0,6,7,1,0,16,6573.92,3053.92,1.35
2026-07-27,prod-7,Compact Robot Vacuum & Mop,Home Appliances,HOME-RVM-007,369.13,220.0,361.31,CleanTech Direct,0,0,0,7,0,0,18,6644.34,2684.34,1.35
2026-07-28,prod-7,Compact Robot Vacuum & Mop,Home Appliances,HOME-RVM-007,399.99,220.0,416.25,CleanTech Direct,10,1,1,7,0,0,21,7559.81,2939.81,1.35
2026-07-29,prod-7,Compact Robot Vacuum & Mop,Home Appliances,HOME-RVM-007,367.45,220.0,357.18,CleanTech Direct,0,0,2,7,0,0,18,6614.1,2654.1,1.35
2026-07-30,prod-7,Compact Robot Vacuum & Mop,Home Appliances,HOME-RVM-007,374.55,220.0,384.66,CleanTech Direct,0,0,3,7,0,0,18,6741.9,2781.9,1.35
2026-07-31,prod-7,Compact Robot Vacuum & Mop,Home Appliances,HOME-RVM-007,409.97,220.0,424.43,CleanTech Direct,0,0,4,7,0,0,16,6559.52,3039.52,1.35
2026-08-01,prod-7,Compact Robot Vacuum & Mop,Home Appliances,HOME-RVM-007,406.37,220.0,400.85,CleanTech Direct,0,0,5,8,1,0,18,7314.66,3354.66,1.35
2026-08-02,prod-7,Compact Robot Vacuum & Mop,Home Appliances,HOME-RVM-007,388.28,220.0,381.47,CleanTech Direct,0,0,6,8,1,0,17,6600.76,2860.76,1.35
2026-08-03,prod-7,Compact Robot Vacuum & Mop,Home Appliances,HOME-RVM-007,395.29,220.0,383.69,CleanTech Direct,0,0,0,8,0,0,17,6719.93,2979.93,1.35
2026-08-04,prod-7,Compact Robot Vacuum & Mop,Home Appliances,HOME-RVM-007,375.66,220.0,380.21,CleanTech Direct,0,0,1,8,0,0,18,6761.88,2801.88,1.35
2026-08-05,prod-7,Compact Robot Vacuum & Mop,Home Appliances,HOME-RVM-007,398.8,220.0,384.71,CleanTech Direct,0,0,2,8,0,0,17,6779.6,3039.6,1.35
2026-08-06,prod-7,Compact Robot Vacuum & Mop,Home Appliances,HOME-RVM-007,395.12,220.0,390.44,CleanTech Direct,0,0,3,8,0,0,17,6717.04,2977.04,1.35
2026-08-07,prod-7,Compact Robot Vacuum & Mop,Home Appliances,HOME-RVM-007,410.21,220.0,437.02,CleanTech Direct,0,0,4,8,0,0,17,6973.57,3233.57,1.35
2026-08-08,prod-7,Compact Robot Vacuum & Mop,Home Appliances,HOME-RVM-007,396.84,220.0,404.31,CleanTech Direct,0,0,5,8,1,0,19,7539.96,3359.96,1.35
2026-08-09,prod-7,Compact Robot Vacuum & Mop,Home Appliances,HOME-RVM-007,391.03,220.0,389.25,CleanTech Direct,0,0,6,8,1,0,21,8211.63,3591.63,1.35
2026-08-10,prod-7,Compact Robot Vacuum & Mop,Home Appliances,HOME-RVM-007,407.52,220.0,428.58,CleanTech Direct,0,0,0,8,0,0,16,6520.32,3000.32,1.35
2026-08-11,prod-7,Compact Robot Vacuum & Mop,Home Appliances,HOME-RVM-007,377.21,220.0,381.35,CleanTech Direct,0,0,1,8,0,0,20,7544.2,3144.2,1.35
2026-08-12,prod-7,Compact Robot Vacuum & Mop,Home Appliances,HOME-RVM-007,396.5,220.0,397.18,CleanTech Direct,0,0,2,8,0,0,15,5947.5,2647.5,1.35
2026-08-13,prod-7,Compact Robot Vacuum & Mop,Home Appliances,HOME-RVM-007,406.84,220.0,431.58,CleanTech Direct,0,0,3,8,0,0,16,6509.44,2989.44,1.35
2026-08-14,prod-7,Compact Robot Vacuum & Mop,Home Appliances,HOME-RVM-007,397.74,220.0,383.21,CleanTech Direct,0,0,4,8,0,0,15,5966.1,2666.1,1.35
2026-08-15,prod-7,Compact Robot Vacuum & Mop,Home Appliances,HOME-RVM-007,405.38,220.0,409.06,CleanTech Direct,0,0,5,8,1,0,17,6891.46,3151.46,1.35
2026-08-16,prod-7,Compact Robot Vacuum & Mop,Home Appliances,HOME-RVM-007,397.17,220.0,400.88,CleanTech Direct,0,0,6,8,1,0,18,7149.06,3189.06,1.35
2026-08-17,prod-7,Compact Robot Vacuum & Mop,Home Appliances,HOME-RVM-007,377.83,220.0,365.19,CleanTech Direct,0,0,0,8,0,0,16,6045.28,2525.28,1.35
2025-08-18,prod-8,Pro Studio Condenser Microphone,Audio & Electronics,AUD-PCM-008,151.44,68.0,146.21,AudioStream Pro,0,0,0,8,0,0,22,3331.68,1835.68,1.05
2025-08-19,prod-8,Pro Studio Condenser Microphone,Audio & Electronics,AUD-PCM-008,155.72,68.0,159.51,AudioStream Pro,0,0,1,8,0,0,21,3270.12,1842.12,1.05
2025-08-20,prod-8,Pro Studio Condenser Microphone,Audio & Electronics,AUD-PCM-008,157.37,68.0,162.61,AudioStream Pro,0,0,2,8,0,0,23,3619.51,2055.51,1.05
2025-08-21,prod-8,Pro Studio Condenser Microphone,Audio & Electronics,AUD-PCM-008,157.05,68.0,151.17,AudioStream Pro,0,0,3,8,0,0,24,3769.2,2137.2,1.05
2025-08-22,prod-8,Pro Studio Condenser Microphone,Audio & Electronics,AUD-PCM-008,146.02,68.0,146.36,AudioStream Pro,0,0,4,8,0,0,22,3212.44,1716.44,1.05
2025-08-23,prod-8,Pro Studio Condenser Microphone,Audio & Electronics,AUD-PCM-008,140.94,68.0,138.86,AudioStream Pro,0,0,5,8,1,0,32,4510.08,2334.08,1.05
2025-08-24,prod-8,Pro Studio Condenser Microphone,Audio & Electronics,AUD-PCM-008,155.05,68.0,156.21,AudioStream Pro,0,0,6,8,1,0,24,3721.2,2089.2,1.05
2025-08-25,prod-8,Pro Studio Condenser Microphone,Audio & Electronics,AUD-PCM-008,142.95,68.0,143.65,AudioStream Pro,0,0,0,8,0,0,25,3573.75,1873.75,1.05
2025-08-26,prod-8,Pro Studio Condenser Microphone,Audio & Electronics,AUD-PCM-008,144.51,68.0,138.97,AudioStream Pro,0,0,1,8,0,0,26,3757.26,1989.26,1.05
2025-08-27,prod-8,Pro Studio Condenser Microphone,Audio & Electronics,AUD-PCM-008,149.47,68.0,152.49,AudioStream Pro,0,0,2,8,0,0,21,3138.87,1710.87,1.05
2025-08-28,prod-8,Pro Studio Condenser Microphone,Audio & Electronics,AUD-PCM-008,145.12,68.0,139.74,AudioStream Pro,0,0,3,8,0,0,26,3773.12,2005.12,1.05
2025-08-29,prod-8,Pro Studio Condenser Microphone,Audio & Electronics,AUD-PCM-008,140.66,68.0,147.69,AudioStream Pro,0,0,4,8,0,0,25,3516.5,1816.5,1.05
2025-08-30,prod-8,Pro Studio Condenser Microphone,Audio & Electronics,AUD-PCM-008,147.23,68.0,155.8,AudioStream Pro,0,0,5,8,1,0,29,4269.67,2297.67,1.05
2025-08-31,prod-8,Pro Studio Condenser Microphone,Audio & Electronics,AUD-PCM-008,141.43,68.0,144.34,AudioStream Pro,0,0,6,8,1,0,30,4242.9,2202.9,1.05
2025-09-01,prod-8,Pro Studio Condenser Microphone,Audio & Electronics,AUD-PCM-008,140.42,68.0,147.32,AudioStream Pro,0,0,0,9,0,0,28,3931.76,2027.76,1.05
2025-09-02,prod-8,Pro Studio Condenser Microphone,Audio & Electronics,AUD-PCM-008,141.77,68.0,146.11,AudioStream Pro,0,0,1,9,0,0,27,3827.79,1991.79,1.05
2025-09-03,prod-8,Pro Studio Condenser Microphone,Audio & Electronics,AUD-PCM-008,155.42,68.0,163.84,AudioStream Pro,0,0,2,9,0,0,24,3730.08,2098.08,1.05
2025-09-04,prod-8,Pro Studio Condenser Microphone,Audio & Electronics,AUD-PCM-008,145.46,68.0,147.65,AudioStream Pro,15,1,3,9,0,0,28,3461.95,1557.95,1.05
2025-09-05,prod-8,Pro Studio Condenser Microphone,Audio & Electronics,AUD-PCM-008,147.74,68.0,145.77,AudioStream Pro,0,0,4,9,0,0,23,3398.02,1834.02,1.05
2025-09-06,prod-8,Pro Studio Condenser Microphone,Audio & Electronics,AUD-PCM-008,145.15,68.0,151.59,AudioStream Pro,0,0,5,9,1,0,27,3919.05,2083.05,1.05
2025-09-07,prod-8,Pro Studio Condenser Microphone,Audio & Electronics,AUD-PCM-008,157.82,68.0,165.29,AudioStream Pro,0,0,6,9,1,0,27,4261.14,2425.14,1.05
2025-09-08,prod-8,Pro Studio Condenser Microphone,Audio & Electronics,AUD-PCM-008,152.84,68.0,155.02,AudioStream Pro,0,0,0,9,0,0,20,3056.8,1696.8,1.05
2025-09-09,prod-8,Pro Studio Condenser Microphone,Audio & Electronics,AUD-PCM-008,153.85,68.0,155.95,AudioStream Pro,0,0,1,9,0,0,21,3230.85,1802.85,1.05
2025-09-10,prod-8,Pro Studio Condenser Microphone,Audio & Electronics,AUD-PCM-008,145.61,68.0,142.3,AudioStream Pro,0,0,2,9,0,0,22,3203.42,1707.42,1.05
2025-09-11,prod-8,Pro Studio Condenser Microphone,Audio & Electronics,AUD-PCM-008,150.09,68.0,147.83,AudioStream Pro,0,0,3,9,0,0,24,3602.16,1970.16,1.05
2025-09-12,prod-8,Pro Studio Condenser Microphone,Audio & Electronics,AUD-PCM-008,141.56,68.0,142.75,AudioStream Pro,0,0,4,9,0,0,25,3539.0,1839.0,1.05
2025-09-13,prod-8,Pro Studio Condenser Microphone,Audio & Electronics,AUD-PCM-008,155.07,68.0,163.02,AudioStream Pro,15,1,5,9,1,0,29,3822.48,1850.48,1.05
2025-09-14,prod-8,Pro Studio Condenser Microphone,Audio & Electronics,AUD-PCM-008,145.63,68.0,145.71,AudioStream Pro,0,0,6,9,1,0,26,3786.38,2018.38,1.05
2025-09-15,prod-8,Pro Studio Condenser Microphone,Audio & Electronics,AUD-PCM-008,150.17,68.0,151.49,AudioStream Pro,5,1,0,9,0,0,27,3851.86,2015.86,1.05
2025-09-16,prod-8,Pro Studio Condenser Microphone,Audio & Electronics,AUD-PCM-008,154.27,68.0,158.2,AudioStream Pro,0,0,1,9,0,0,24,3702.48,2070.48,1.05
2025-09-17,prod-8,Pro Studio Condenser Microphone,Audio & Electronics,AUD-PCM-008,145.81,68.0,152.38,AudioStream Pro,0,0,2,9,0,0,27,3936.87,2100.87,1.05
2025-09-18,prod-8,Pro Studio Condenser Microphone,Audio & Electronics,AUD-PCM-008,157.81,68.0,153.04,AudioStream Pro,0,1,3,9,0,0,22,3471.82,1975.82,1.05
2025-09-19,prod-8,Pro Studio Condenser Microphone,Audio & Electronics,AUD-PCM-008,153.59,68.0,150.43,AudioStream Pro,0,0,4,9,0,0,21,3225.39,1797.39,1.05
2025-09-20,prod-8,Pro Studio Condenser Microphone,Audio & Electronics,AUD-PCM-008,147.88,68.0,159.21,AudioStream Pro,15,1,5,9,1,0,32,4022.34,1846.34,1.05
2025-09-21,prod-8,Pro Studio Condenser Microphone,Audio & Electronics,AUD-PCM-008,151.26,68.0,154.73,AudioStream Pro,0,0,6,9,1,0,29,4386.54,2414.54,1.05
2025-09-22,prod-8,Pro Studio Condenser Microphone,Audio & Electronics,AUD-PCM-008,147.54,68.0,141.8,AudioStream Pro,10,1,0,9,0,0,28,3718.01,1814.01,1.05
2025-09-23,prod-8,Pro Studio Condenser Microphone,Audio & Electronics,AUD-PCM-008,155.8,68.0,154.64,AudioStream Pro,0,0,1,9,0,0,25,3895.0,2195.0,1.05
2025-09-24,prod-8,Pro Studio Condenser Microphone,Audio & Electronics,AUD-PCM-008,150.14,68.0,147.12,AudioStream Pro,0,0,2,9,0,0,25,3753.5,2053.5,1.05
2025-09-25,prod-8,Pro Studio Condenser Microphone,Audio & Electronics,AUD-PCM-008,154.41,68.0,165.87,AudioStream Pro,0,0,3,9,0,0,24,3705.84,2073.84,1.05
2025-09-26,prod-8,Pro Studio Condenser Microphone,Audio & Electronics,AUD-PCM-008,148.5,68.0,146.31,AudioStream Pro,0,0,4,9,0,0,25,3712.5,2012.5,1.05
2025-09-27,prod-8,Pro Studio Condenser Microphone,Audio & Electronics,AUD-PCM-008,157.87,68.0,169.13,AudioStream Pro,0,0,5,9,1,0,26,4104.62,2336.62,1.05
2025-09-28,prod-8,Pro Studio Condenser Microphone,Audio & Electronics,AUD-PCM-008,148.53,68.0,148.25,AudioStream Pro,0,0,6,9,1,0,27,4010.31,2174.31,1.05
2025-09-29,prod-8,Pro Studio Condenser Microphone,Audio & Electronics,AUD-PCM-008,157.82,68.0,151.61,AudioStream Pro,0,0,0,9,0,0,21,3314.22,1886.22,1.05
2025-09-30,prod-8,Pro Studio Condenser Microphone,Audio & Electronics,AUD-PCM-008,141.74,68.0,143.87,AudioStream Pro,15,1,1,9,0,0,31,3734.85,1626.85,1.05
2025-10-01,prod-8,Pro Studio Condenser Microphone,Audio & Electronics,AUD-PCM-008,141.25,68.0,146.39,AudioStream Pro,0,0,2,10,0,0,24,3390.0,1758.0,1.05
2025-10-02,prod-8,Pro Studio Condenser Microphone,Audio & Electronics,AUD-PCM-008,140.31,68.0,137.94,AudioStream Pro,0,0,3,10,0,0,28,3928.68,2024.68,1.05
2025-10-03,prod-8,Pro Studio Condenser Microphone,Audio & Electronics,AUD-PCM-008,147.68,68.0,154.7,AudioStream Pro,0,0,4,10,0,0,26,3839.68,2071.68,1.05
2025-10-04,prod-8,Pro Studio Condenser Microphone,Audio & Electronics,AUD-PCM-008,156.77,68.0,161.06,AudioStream Pro,0,0,5,10,1,0,23,3605.71,2041.71,1.05
2025-10-05,prod-8,Pro Studio Condenser Microphone,Audio & Electronics,AUD-PCM-008,150.66,68.0,146.5,AudioStream Pro,0,0,6,10,1,0,24,3615.84,1983.84,1.05
2025-10-06,prod-8,Pro Studio Condenser Microphone,Audio & Electronics,AUD-PCM-008,150.14,68.0,146.42,AudioStream Pro,0,0,0,10,0,0,24,3603.36,1971.36,1.05
2025-10-07,prod-8,Pro Studio Condenser Microphone,Audio & Electronics,AUD-PCM-008,146.91,68.0,151.18,AudioStream Pro,0,0,1,10,0,0,25,3672.75,1972.75,1.05
2025-10-08,prod-8,Pro Studio Condenser Microphone,Audio & Electronics,AUD-PCM-008,157.34,68.0,164.97,AudioStream Pro,0,0,2,10,0,0,25,3933.5,2233.5,1.05
2025-10-09,prod-8,Pro Studio Condenser Microphone,Audio & Electronics,AUD-PCM-008,143.8,68.0,138.09,AudioStream Pro,0,0,3,10,0,0,23,3307.4,1743.4,1.05
2025-10-10,prod-8,Pro Studio Condenser Microphone,Audio & Electronics,AUD-PCM-008,156.68,68.0,161.97,AudioStream Pro,0,0,4,10,0,0,22,3446.96,1950.96,1.05
2025-10-11,prod-8,Pro Studio Condenser Microphone,Audio & Electronics,AUD-PCM-008,140.06,68.0,135.76,AudioStream Pro,0,0,5,10,1,0,26,3641.56,1873.56,1.05
2025-10-12,prod-8,Pro Studio Condenser Microphone,Audio & Electronics,AUD-PCM-008,154.49,68.0,156.2,AudioStream Pro,0,0,6,10,1,0,24,3707.76,2075.76,1.05
2025-10-13,prod-8,Pro Studio Condenser Microphone,Audio & Electronics,AUD-PCM-008,153.65,68.0,151.94,AudioStream Pro,0,0,0,10,0,0,25,3841.25,2141.25,1.05
2025-10-14,prod-8,Pro Studio Condenser Microphone,Audio & Electronics,AUD-PCM-008,152.69,68.0,153.09,AudioStream Pro,0,0,1,10,0,0,22,3359.18,1863.18,1.05
2025-10-15,prod-8,Pro Studio Condenser Microphone,Audio & Electronics,AUD-PCM-008,141.46,68.0,146.08,AudioStream Pro,0,0,2,10,0,0,23,3253.58,1689.58,1.05
2025-10-16,prod-8,Pro Studio Condenser Microphone,Audio & Electronics,AUD-PCM-008,151.39,68.0,150.38,AudioStream Pro,0,0,3,10,0,0,23,3481.97,1917.97,1.05
2025-10-17,prod-8,Pro Studio Condenser Microphone,Audio & Electronics,AUD-PCM-008,147.96,68.0,154.38,AudioStream Pro,0,0,4,10,0,0,22,3255.12,1759.12,1.05
2025-10-18,prod-8,Pro Studio Condenser Microphone,Audio & Electronics,AUD-PCM-008,156.15,68.0,162.12,AudioStream Pro,0,0,5,10,1,0,28,4372.2,2468.2,1.05
2025-10-19,prod-8,Pro Studio Condenser Microphone,Audio & Electronics,AUD-PCM-008,155.35,68.0,163.5,AudioStream Pro,0,0,6,10,1,0,25,3883.75,2183.75,1.05
2025-10-20,prod-8,Pro Studio Condenser Microphone,Audio & Electronics,AUD-PCM-008,151.09,68.0,160.93,AudioStream Pro,0,0,0,10,0,0,22,3323.98,1827.98,1.05
2025-10-21,prod-8,Pro Studio Condenser Microphone,Audio & Electronics,AUD-PCM-008,146.75,68.0,157.31,AudioStream Pro,0,0,1,10,0,0,22,3228.5,1732.5,1.05
2025-10-22,prod-8,Pro Studio Condenser Microphone,Audio & Electronics,AUD-PCM-008,146.51,68.0,144.08,AudioStream Pro,0,0,2,10,0,0,23,3369.73,1805.73,1.05
2025-10-23,prod-8,Pro Studio Condenser Microphone,Audio & Electronics,AUD-PCM-008,156.35,68.0,167.28,AudioStream Pro,0,0,3,10,0,0,20,3127.0,1767.0,1.05
2025-10-24,prod-8,Pro Studio Condenser Microphone,Audio & Electronics,AUD-PCM-008,144.94,68.0,150.4,AudioStream Pro,0,0,4,10,0,0,24,3478.56,1846.56,1.05
2025-10-25,prod-8,Pro Studio Condenser Microphone,Audio & Electronics,AUD-PCM-008,157.86,68.0,164.89,AudioStream Pro,0,0,5,10,1,0,22,3472.92,1976.92,1.05
2025-10-26,prod-8,Pro Studio Condenser Microphone,Audio & Electronics,AUD-PCM-008,150.29,68.0,144.83,AudioStream Pro,0,0,6,10,1,0,26,3907.54,2139.54,1.05
2025-10-27,prod-8,Pro Studio Condenser Microphone,Audio & Electronics,AUD-PCM-008,150.92,68.0,153.11,AudioStream Pro,0,0,0,10,0,0,25,3773.0,2073.0,1.05
2025-10-28,prod-8,Pro Studio Condenser Microphone,Audio & Electronics,AUD-PCM-008,151.64,68.0,155.5,AudioStream Pro,10,1,1,10,0,0,23,3138.95,1574.95,1.05
2025-10-29,prod-8,Pro Studio Condenser Microphone,Audio & Electronics,AUD-PCM-008,156.05,68.0,152.68,AudioStream Pro,0,0,2,10,0,0,25,3901.25,2201.25,1.05
2025-10-30,prod-8,Pro Studio Condenser Microphone,Audio & Electronics,AUD-PCM-008,142.41,68.0,143.88,AudioStream Pro,0,0,3,10,0,0,22,3133.02,1637.02,1.05
2025-10-31,prod-8,Pro Studio Condenser Microphone,Audio & Electronics,AUD-PCM-008,151.46,68.0,146.53,AudioStream Pro,10,1,4,10,0,0,29,3953.11,1981.11,1.05
2025-11-01,prod-8,Pro Studio Condenser Microphone,Audio & Electronics,AUD-PCM-008,143.53,68.0,148.36,AudioStream Pro,10,1,5,11,1,0,34,4392.02,2080.02,1.05
2025-11-02,prod-8,Pro Studio Condenser Microphone,Audio & Electronics,AUD-PCM-008,143.09,68.0,154.3,AudioStream Pro,0,0,6,11,1,0,27,3863.43,2027.43,1.05
2025-11-03,prod-8,Pro Studio Condenser Microphone,Audio & Electronics,AUD-PCM-008,140.31,68.0,145.89,AudioStream Pro,0,0,0,11,0,0,26,3648.06,1880.06,1.05
2025-11-04,prod-8,Pro Studio Condenser Microphone,Audio & Electronics,AUD-PCM-008,141.16,68.0,138.78,AudioStream Pro,0,0,1,11,0,0,23,3246.68,1682.68,1.05
2025-11-05,prod-8,Pro Studio Condenser Microphone,Audio & Electronics,AUD-PCM-008,144.83,68.0,142.04,AudioStream Pro,5,1,2,11,0,0,27,3714.89,1878.89,1.05
2025-11-06,prod-8,Pro Studio Condenser Microphone,Audio & Electronics,AUD-PCM-008,147.38,68.0,152.72,AudioStream Pro,0,0,3,11,0,0,27,3979.26,2143.26,1.05
2025-11-07,prod-8,Pro Studio Condenser Microphone,Audio & Electronics,AUD-PCM-008,145.62,68.0,149.59,AudioStream Pro,15,1,4,11,0,0,30,3713.31,1673.31,1.05
2025-11-08,prod-8,Pro Studio Condenser Microphone,Audio & Electronics,AUD-PCM-008,152.51,68.0,156.77,AudioStream Pro,0,0,5,11,1,0,24,3660.24,2028.24,1.05
2025-11-09,prod-8,Pro Studio Condenser Microphone,Audio & Electronics,AUD-PCM-008,141.68,68.0,148.42,AudioStream Pro,0,0,6,11,1,0,29,4108.72,2136.72,1.05
2025-11-10,prod-8,Pro Studio Condenser Microphone,Audio & Electronics,AUD-PCM-008,157.33,68.0,165.51,AudioStream Pro,0,0,0,11,0,0,21,3303.93,1875.93,1.05
2025-11-11,prod-8,Pro Studio Condenser Microphone,Audio & Electronics,AUD-PCM-008,146.76,68.0,142.32,AudioStream Pro,0,0,1,11,0,0,23,3375.48,1811.48,1.05
2025-11-12,prod-8,Pro Studio Condenser Microphone,Audio & Electronics,AUD-PCM-008,155.03,68.0,160.78,AudioStream Pro,0,0,2,11,0,0,21,3255.63,1827.63,1.05
2025-11-13,prod-8,Pro Studio Condenser Microphone,Audio & Electronics,AUD-PCM-008,153.57,68.0,149.87,AudioStream Pro,10,1,3,11,0,0,24,3317.11,1685.11,1.05
2025-11-14,prod-8,Pro Studio Condenser Microphone,Audio & Electronics,AUD-PCM-008,142.57,68.0,142.27,AudioStream Pro,0,0,4,11,0,0,23,3279.11,1715.11,1.05
2025-11-15,prod-8,Pro Studio Condenser Microphone,Audio & Electronics,AUD-PCM-008,155.86,68.0,152.94,AudioStream Pro,0,0,5,11,1,0,27,4208.22,2372.22,1.05
2025-11-16,prod-8,Pro Studio Condenser Microphone,Audio & Electronics,AUD-PCM-008,144.79,68.0,147.51,AudioStream Pro,0,0,6,11,1,0,27,3909.33,2073.33,1.05
2025-11-17,prod-8,Pro Studio Condenser Microphone,Audio & Electronics,AUD-PCM-008,151.54,68.0,153.66,AudioStream Pro,0,0,0,11,0,0,25,3788.5,2088.5,1.05
2025-11-18,prod-8,Pro Studio Condenser Microphone,Audio & Electronics,AUD-PCM-008,140.72,68.0,149.19,AudioStream Pro,0,0,1,11,0,0,26,3658.72,1890.72,1.05
2025-11-19,prod-8,Pro Studio Condenser Microphone,Audio & Electronics,AUD-PCM-008,143.83,68.0,150.2,AudioStream Pro,0,0,2,11,0,0,27,3883.41,2047.41,1.05
2025-11-20,prod-8,Pro Studio Condenser Microphone,Audio & Electronics,AUD-PCM-008,154.3,68.0,151.97,AudioStream Pro,0,0,3,11,0,1,30,4629.0,2589.0,1.05
2025-11-21,prod-8,Pro Studio Condenser Microphone,Audio & Electronics,AUD-PCM-008,154.9,68.0,163.47,AudioStream Pro,5,1,4,11,0,1,30,4414.65,2374.65,1.05
2025-11-22,prod-8,Pro Studio Condenser Microphone,Audio & Electronics,AUD-PCM-008,148.42,68.0,143.04,AudioStream Pro,5,1,5,11,1,1,36,5075.96,2627.96,1.05
2025-11-23,prod-8,Pro Studio Condenser Microphone,Audio & Electronics,AUD-PCM-008,148.41,68.0,148.23,AudioStream Pro,0,0,6,11,1,1,36,5342.76,2894.76,1.05
2025-11-24,prod-8,Pro Studio Condenser Microphone,Audio & Electronics,AUD-PCM-008,156.17,68.0,155.96,AudioStream Pro,10,1,0,11,0,1,36,5059.91,2611.91,1.05
2025-11-25,prod-8,Pro Studio Condenser Microphone,Audio & Electronics,AUD-PCM-008,140.2,68.0,141.68,AudioStream Pro,0,0,1,11,0,1,34,4766.8,2454.8,1.05
2025-11-26,prod-8,Pro Studio Condenser Microphone,Audio & Electronics,AUD-PCM-008,141.85,68.0,151.72,AudioStream Pro,0,0,2,11,0,1,33,4681.05,2437.05,1.05
2025-11-27,prod-8,Pro Studio Condenser Microphone,Audio & Electronics,AUD-PCM-008,143.39,68.0,138.03,AudioStream Pro,0,0,3,11,0,1,32,4588.48,2412.48,1.05
2025-11-28,prod-8,Pro Studio Condenser Microphone,Audio & Electronics,AUD-PCM-008,150.36,68.0,152.19,AudioStream Pro,0,0,4,11,0,1,33,4961.88,2717.88,1.05
2025-11-29,prod-8,Pro Studio Condenser Microphone,Audio & Electronics,AUD-PCM-008,144.58,68.0,145.27,AudioStream Pro,0,0,5,11,1,1,37,5349.46,2833.46,1.05
2025-11-30,prod-8,Pro Studio Condenser Microphone,Audio & Electronics,AUD-PCM-008,145.43,68.0,156.55,AudioStream Pro,0,0,6,11,1,1,37,5380.91,2864.91,1.05
2025-12-01,prod-8,Pro Studio Condenser Microphone,Audio & Electronics,AUD-PCM-008,156.17,68.0,159.42,AudioStream Pro,0,0,0,12,0,0,24,3748.08,2116.08,1.05
2025-12-02,prod-8,Pro Studio Condenser Microphone,Audio & Electronics,AUD-PCM-008,157.12,68.0,158.39,AudioStream Pro,5,1,1,12,0,0,26,3880.86,2112.86,1.05
2025-12-03,prod-8,Pro Studio Condenser Microphone,Audio & Electronics,AUD-PCM-008,155.91,68.0,167.73,AudioStream Pro,0,0,2,12,0,0,21,3274.11,1846.11,1.05
2025-12-04,prod-8,Pro Studio Condenser Microphone,Audio & Electronics,AUD-PCM-008,157.45,68.0,165.36,AudioStream Pro,0,0,3,12,0,0,22,3463.9,1967.9,1.05
2025-12-05,prod-8,Pro Studio Condenser Microphone,Audio & Electronics,AUD-PCM-008,157.22,68.0,169.24,AudioStream Pro,0,0,4,12,0,0,24,3773.28,2141.28,1.05
2025-12-06,prod-8,Pro Studio Condenser Microphone,Audio & Electronics,AUD-PCM-008,154.39,68.0,156.71,AudioStream Pro,0,0,5,12,1,0,23,3550.97,1986.97,1.05
2025-12-07,prod-8,Pro Studio Condenser Microphone,Audio & Electronics,AUD-PCM-008,142.7,68.0,152.11,AudioStream Pro,0,0,6,12,1,0,25,3567.5,1867.5,1.05
2025-12-08,prod-8,Pro Studio Condenser Microphone,Audio & Electronics,AUD-PCM-008,144.28,68.0,142.03,AudioStream Pro,5,1,0,12,0,0,24,3289.58,1657.58,1.05
2025-12-09,prod-8,Pro Studio Condenser Microphone,Audio & Electronics,AUD-PCM-008,149.99,68.0,157.95,AudioStream Pro,5,1,1,12,0,0,24,3419.77,1787.77,1.05
2025-12-10,prod-8,Pro Studio Condenser Microphone,Audio & Electronics,AUD-PCM-008,148.48,68.0,154.78,AudioStream Pro,0,0,2,12,0,0,26,3860.48,2092.48,1.05
2025-12-11,prod-8,Pro Studio Condenser Microphone,Audio & Electronics,AUD-PCM-008,152.01,68.0,161.09,AudioStream Pro,0,0,3,12,0,0,25,3800.25,2100.25,1.05
2025-12-12,prod-8,Pro Studio Condenser Microphone,Audio & Electronics,AUD-PCM-008,141.77,68.0,138.29,AudioStream Pro,0,0,4,12,0,0,23,3260.71,1696.71,1.05
2025-12-13,prod-8,Pro Studio Condenser Microphone,Audio & Electronics,AUD-PCM-008,153.89,68.0,164.32,AudioStream Pro,0,0,5,12,1,0,27,4155.03,2319.03,1.05
2025-12-14,prod-8,Pro Studio Condenser Microphone,Audio & Electronics,AUD-PCM-008,147.65,68.0,148.72,AudioStream Pro,15,1,6,12,1,0,33,4141.58,1897.58,1.05
2025-12-15,prod-8,Pro Studio Condenser Microphone,Audio & Electronics,AUD-PCM-008,157.41,68.0,151.62,AudioStream Pro,0,0,0,12,0,1,27,4250.07,2414.07,1.05
2025-12-16,prod-8,Pro Studio Condenser Microphone,Audio & Electronics,AUD-PCM-008,144.26,68.0,144.76,AudioStream Pro,0,0,1,12,0,1,28,4039.28,2135.28,1.05
2025-12-17,prod-8,Pro Studio Condenser Microphone,Audio & Electronics,AUD-PCM-008,150.77,68.0,151.94,AudioStream Pro,5,1,2,12,0,1,30,4296.94,2256.95,1.05
2025-12-18,prod-8,Pro Studio Condenser Microphone,Audio & Electronics,AUD-PCM-008,143.42,68.0,141.32,AudioStream Pro,0,0,3,12,0,1,31,4446.02,2338.02,1.05
2025-12-19,prod-8,Pro Studio Condenser Microphone,Audio & Electronics,AUD-PCM-008,151.75,68.0,153.43,AudioStream Pro,0,0,4,12,0,1,30,4552.5,2512.5,1.05
2025-12-20,prod-8,Pro Studio Condenser Microphone,Audio & Electronics,AUD-PCM-008,154.74,68.0,149.2,AudioStream Pro,0,0,5,12,1,1,32,4951.68,2775.68,1.05
2025-12-21,prod-8,Pro Studio Condenser Microphone,Audio & Electronics,AUD-PCM-008,142.98,68.0,148.97,AudioStream Pro,0,0,6,12,1,1,35,5004.3,2624.3,1.05
2025-12-22,prod-8,Pro Studio Condenser Microphone,Audio & Electronics,AUD-PCM-008,141.54,68.0,147.53,AudioStream Pro,15,1,0,12,0,1,42,5052.98,2196.98,1.05
2025-12-23,prod-8,Pro Studio Condenser Microphone,Audio & Electronics,AUD-PCM-008,140.28,68.0,140.04,AudioStream Pro,0,0,1,12,0,1,32,4488.96,2312.96,1.05
2025-12-24,prod-8,Pro Studio Condenser Microphone,Audio & Electronics,AUD-PCM-008,148.19,68.0,150.91,AudioStream Pro,0,0,2,12,0,1,31,4593.89,2485.89,1.05
2025-12-25,prod-8,Pro Studio Condenser Microphone,Audio & Electronics,AUD-PCM-008,153.85,68.0,153.29,AudioStream Pro,0,0,3,12,0,1,31,4769.35,2661.35,1.05
2025-12-26,prod-8,Pro Studio Condenser Microphone,Audio & Electronics,AUD-PCM-008,150.85,68.0,159.34,AudioStream Pro,0,0,4,12,0,1,30,4525.5,2485.5,1.05
2025-12-27,prod-8,Pro Studio Condenser Microphone,Audio & Electronics,AUD-PCM-008,148.53,68.0,148.56,AudioStream Pro,0,0,5,12,1,1,33,4901.49,2657.49,1.05
2025-12-28,prod-8,Pro Studio Condenser Microphone,Audio & Electronics,AUD-PCM-008,154.1,68.0,166.07,AudioStream Pro,0,0,6,12,1,1,32,4931.2,2755.2,1.05
2025-12-29,prod-8,Pro Studio Condenser Microphone,Audio & Electronics,AUD-PCM-008,152.12,68.0,148.78,AudioStream Pro,0,0,0,12,0,1,34,5172.08,2860.08,1.05
2025-12-30,prod-8,Pro Studio Condenser Microphone,Audio & Electronics,AUD-PCM-008,150.61,68.0,148.16,AudioStream Pro,0,0,1,12,0,1,32,4819.52,2643.52,1.05
2025-12-31,prod-8,Pro Studio Condenser Microphone,Audio & Electronics,AUD-PCM-008,148.2,68.0,143.14,AudioStream Pro,0,0,2,12,0,1,28,4149.6,2245.6,1.05
2026-01-01,prod-8,Pro Studio Condenser Microphone,Audio & Electronics,AUD-PCM-008,148.81,68.0,149.41,AudioStream Pro,0,0,3,1,0,1,33,4910.73,2666.73,1.05
2026-01-02,prod-8,Pro Studio Condenser Microphone,Audio & Electronics,AUD-PCM-008,144.57,68.0,144.64,AudioStream Pro,0,0,4,1,0,1,35,5059.95,2679.95,1.05
2026-01-03,prod-8,Pro Studio Condenser Microphone,Audio & Electronics,AUD-PCM-008,149.76,68.0,146.98,AudioStream Pro,0,0,5,1,1,1,30,4492.8,2452.8,1.05
2026-01-04,prod-8,Pro Studio Condenser Microphone,Audio & Electronics,AUD-PCM-008,145.86,68.0,151.16,AudioStream Pro,0,0,6,1,1,1,34,4959.24,2647.24,1.05
2026-01-05,prod-8,Pro Studio Condenser Microphone,Audio & Electronics,AUD-PCM-008,140.71,68.0,147.55,AudioStream Pro,0,0,0,1,0,1,30,4221.3,2181.3,1.05
2026-01-06,prod-8,Pro Studio Condenser Microphone,Audio & Electronics,AUD-PCM-008,141.75,68.0,148.44,AudioStream Pro,0,0,1,1,0,0,25,3543.75,1843.75,1.05
2026-01-07,prod-8,Pro Studio Condenser Microphone,Audio & Electronics,AUD-PCM-008,144.97,68.0,156.08,AudioStream Pro,0,0,2,1,0,0,23,3334.31,1770.31,1.05
2026-01-08,prod-8,Pro Studio Condenser Microphone,Audio & Electronics,AUD-PCM-008,154.82,68.0,164.14,AudioStream Pro,0,0,3,1,0,0,23,3560.86,1996.86,1.05
2026-01-09,prod-8,Pro Studio Condenser Microphone,Audio & Electronics,AUD-PCM-008,148.26,68.0,143.69,AudioStream Pro,0,0,4,1,0,0,22,3261.72,1765.72,1.05
2026-01-10,prod-8,Pro Studio Condenser Microphone,Audio & Electronics,AUD-PCM-008,157.53,68.0,163.29,AudioStream Pro,0,0,5,1,1,0,24,3780.72,2148.72,1.05
2026-01-11,prod-8,Pro Studio Condenser Microphone,Audio & Electronics,AUD-PCM-008,157.59,68.0,152.78,AudioStream Pro,0,0,6,1,1,0,27,4254.93,2418.93,1.05
2026-01-12,prod-8,Pro Studio Condenser Microphone,Audio & Electronics,AUD-PCM-008,147.61,68.0,142.1,AudioStream Pro,0,0,0,1,0,0,23,3395.03,1831.03,1.05
2026-01-13,prod-8,Pro Studio Condenser Microphone,Audio & Electronics,AUD-PCM-008,151.73,68.0,161.74,AudioStream Pro,0,0,1,1,0,0,23,3489.79,1925.79,1.05
2026-01-14,prod-8,Pro Studio Condenser Microphone,Audio & Electronics,AUD-PCM-008,142.14,68.0,139.72,AudioStream Pro,0,0,2,1,0,0,24,3411.36,1779.36,1.05
2026-01-15,prod-8,Pro Studio Condenser Microphone,Audio & Electronics,AUD-PCM-008,149.25,68.0,158.58,AudioStream Pro,0,0,3,1,0,0,26,3880.5,2112.5,1.05
2026-01-16,prod-8,Pro Studio Condenser Microphone,Audio & Electronics,AUD-PCM-008,146.75,68.0,149.21,AudioStream Pro,0,0,4,1,0,0,24,3522.0,1890.0,1.05
2026-01-17,prod-8,Pro Studio Condenser Microphone,Audio & Electronics,AUD-PCM-008,153.41,68.0,161.6,AudioStream Pro,0,0,5,1,1,0,27,4142.07,2306.07,1.05
2026-01-18,prod-8,Pro Studio Condenser Microphone,Audio & Electronics,AUD-PCM-008,150.87,68.0,161.31,AudioStream Pro,0,0,6,1,1,0,25,3771.75,2071.75,1.05
2026-01-19,prod-8,Pro Studio Condenser Microphone,Audio & Electronics,AUD-PCM-008,147.34,68.0,141.78,AudioStream Pro,0,0,0,1,0,0,22,3241.48,1745.48,1.05
2026-01-20,prod-8,Pro Studio Condenser Microphone,Audio & Electronics,AUD-PCM-008,144.83,68.0,149.45,AudioStream Pro,0,0,1,1,0,0,23,3331.09,1767.09,1.05
2026-01-21,prod-8,Pro Studio Condenser Microphone,Audio & Electronics,AUD-PCM-008,144.02,68.0,138.57,AudioStream Pro,0,0,2,1,0,0,22,3168.44,1672.44,1.05
2026-01-22,prod-8,Pro Studio Condenser Microphone,Audio & Electronics,AUD-PCM-008,145.21,68.0,151.81,AudioStream Pro,0,0,3,1,0,0,25,3630.25,1930.25,1.05
2026-01-23,prod-8,Pro Studio Condenser Microphone,Audio & Electronics,AUD-PCM-008,151.41,68.0,151.33,AudioStream Pro,0,0,4,1,0,0,26,3936.66,2168.66,1.05
2026-01-24,prod-8,Pro Studio Condenser Microphone,Audio & Electronics,AUD-PCM-008,140.28,68.0,140.4,AudioStream Pro,0,0,5,1,1,0,28,3927.84,2023.84,1.05
2026-01-25,prod-8,Pro Studio Condenser Microphone,Audio & Electronics,AUD-PCM-008,148.32,68.0,155.6,AudioStream Pro,0,0,6,1,1,0,28,4152.96,2248.96,1.05
2026-01-26,prod-8,Pro Studio Condenser Microphone,Audio & Electronics,AUD-PCM-008,152.09,68.0,150.67,AudioStream Pro,0,1,0,1,0,0,24,3650.16,2018.16,1.05
2026-01-27,prod-8,Pro Studio Condenser Microphone,Audio & Electronics,AUD-PCM-008,150.1,68.0,150.32,AudioStream Pro,0,0,1,1,0,0,26,3902.6,2134.6,1.05
2026-01-28,prod-8,Pro Studio Condenser Microphone,Audio & Electronics,AUD-PCM-008,146.66,68.0,145.93,AudioStream Pro,0,0,2,1,0,0,25,3666.5,1966.5,1.05
2026-01-29,prod-8,Pro Studio Condenser Microphone,Audio & Electronics,AUD-PCM-008,140.59,68.0,145.51,AudioStream Pro,0,0,3,1,0,0,24,3374.16,1742.16,1.05
2026-01-30,prod-8,Pro Studio Condenser Microphone,Audio & Electronics,AUD-PCM-008,147.78,68.0,159.53,AudioStream Pro,10,1,4,1,0,0,27,3591.05,1755.05,1.05
2026-01-31,prod-8,Pro Studio Condenser Microphone,Audio & Electronics,AUD-PCM-008,148.83,68.0,147.07,AudioStream Pro,0,0,5,1,1,0,24,3571.92,1939.92,1.05
2026-02-01,prod-8,Pro Studio Condenser Microphone,Audio & Electronics,AUD-PCM-008,150.92,68.0,160.27,AudioStream Pro,5,1,6,2,1,0,26,3727.72,1959.72,1.05
2026-02-02,prod-8,Pro Studio Condenser Microphone,Audio & Electronics,AUD-PCM-008,142.04,68.0,141.29,AudioStream Pro,0,0,0,2,0,0,27,3835.08,1999.08,1.05
2026-02-03,prod-8,Pro Studio Condenser Microphone,Audio & Electronics,AUD-PCM-008,157.66,68.0,169.87,AudioStream Pro,0,0,1,2,0,0,22,3468.52,1972.52,1.05
2026-02-04,prod-8,Pro Studio Condenser Microphone,Audio & Electronics,AUD-PCM-008,143.95,68.0,153.75,AudioStream Pro,0,0,2,2,0,0,26,3742.7,1974.7,1.05
2026-02-05,prod-8,Pro Studio Condenser Microphone,Audio & Electronics,AUD-PCM-008,151.33,68.0,157.34,AudioStream Pro,0,0,3,2,0,0,24,3631.92,1999.92,1.05
2026-02-06,prod-8,Pro Studio Condenser Microphone,Audio & Electronics,AUD-PCM-008,151.44,68.0,154.51,AudioStream Pro,0,0,4,2,0,0,22,3331.68,1835.68,1.05
2026-02-07,prod-8,Pro Studio Condenser Microphone,Audio & Electronics,AUD-PCM-008,147.28,68.0,154.76,AudioStream Pro,0,0,5,2,1,0,30,4418.4,2378.4,1.05
2026-02-08,prod-8,Pro Studio Condenser Microphone,Audio & Electronics,AUD-PCM-008,142.87,68.0,152.13,AudioStream Pro,0,0,6,2,1,0,25,3571.75,1871.75,1.05
2026-02-09,prod-8,Pro Studio Condenser Microphone,Audio & Electronics,AUD-PCM-008,154.9,68.0,162.89,AudioStream Pro,0,0,0,2,0,0,24,3717.6,2085.6,1.05
2026-02-10,prod-8,Pro Studio Condenser Microphone,Audio & Electronics,AUD-PCM-008,141.82,68.0,146.02,AudioStream Pro,0,0,1,2,0,0,25,3545.5,1845.5,1.05
2026-02-11,prod-8,Pro Studio Condenser Microphone,Audio & Electronics,AUD-PCM-008,143.44,68.0,138.2,AudioStream Pro,0,0,2,2,0,0,25,3586.0,1886.0,1.05
2026-02-12,prod-8,Pro Studio Condenser Microphone,Audio & Electronics,AUD-PCM-008,149.06,68.0,144.54,AudioStream Pro,0,0,3,2,0,0,23,3428.38,1864.38,1.05
2026-02-13,prod-8,Pro Studio Condenser Microphone,Audio & Electronics,AUD-PCM-008,140.47,68.0,145.13,AudioStream Pro,0,0,4,2,0,0,26,3652.22,1884.22,1.05
2026-02-14,prod-8,Pro Studio Condenser Microphone,Audio & Electronics,AUD-PCM-008,152.3,68.0,163.6,AudioStream Pro,15,1,5,2,1,0,31,4013.11,1905.11,1.05
2026-02-15,prod-8,Pro Studio Condenser Microphone,Audio & Electronics,AUD-PCM-008,155.5,68.0,165.15,AudioStream Pro,0,0,6,2,1,0,25,3887.5,2187.5,1.05
2026-02-16,prod-8,Pro Studio Condenser Microphone,Audio & Electronics,AUD-PCM-008,155.7,68.0,152.75,AudioStream Pro,0,0,0,2,0,0,25,3892.5,2192.5,1.05
2026-02-17,prod-8,Pro Studio Condenser Microphone,Audio & Electronics,AUD-PCM-008,145.83,68.0,145.12,AudioStream Pro,0,0,1,2,0,0,23,3354.09,1790.09,1.05
2026-02-18,prod-8,Pro Studio Condenser Microphone,Audio & Electronics,AUD-PCM-008,148.31,68.0,146.74,AudioStream Pro,0,0,2,2,0,0,27,4004.37,2168.37,1.05
2026-02-19,prod-8,Pro Studio Condenser Microphone,Audio & Electronics,AUD-PCM-008,154.31,68.0,166.15,AudioStream Pro,0,0,3,2,0,0,21,3240.51,1812.51,1.05
2026-02-20,prod-8,Pro Studio Condenser Microphone,Audio & Electronics,AUD-PCM-008,150.86,68.0,150.82,AudioStream Pro,0,0,4,2,0,0,22,3318.92,1822.92,1.05
2026-02-21,prod-8,Pro Studio Condenser Microphone,Audio & Electronics,AUD-PCM-008,148.32,68.0,159.52,AudioStream Pro,0,1,5,2,1,0,28,4152.96,2248.96,1.05
2026-02-22,prod-8,Pro Studio Condenser Microphone,Audio & Electronics,AUD-PCM-008,147.33,68.0,150.63,AudioStream Pro,0,0,6,2,1,0,26,3830.58,2062.58,1.05
2026-02-23,prod-8,Pro Studio Condenser Microphone,Audio & Electronics,AUD-PCM-008,154.06,68.0,165.6,AudioStream Pro,0,0,0,2,0,0,23,3543.38,1979.38,1.05
2026-02-24,prod-8,Pro Studio Condenser Microphone,Audio & Electronics,AUD-PCM-008,152.86,68.0,157.88,AudioStream Pro,0,0,1,2,0,0,24,3668.64,2036.64,1.05
2026-02-25,prod-8,Pro Studio Condenser Microphone,Audio & Electronics,AUD-PCM-008,147.9,68.0,156.67,AudioStream Pro,15,1,2,2,0,0,31,3897.17,1789.17,1.05
2026-02-26,prod-8,Pro Studio Condenser Microphone,Audio & Electronics,AUD-PCM-008,153.03,68.0,147.64,AudioStream Pro,0,0,3,2,0,0,26,3978.78,2210.78,1.05
2026-02-27,prod-8,Pro Studio Condenser Microphone,Audio & Electronics,AUD-PCM-008,151.31,68.0,153.25,AudioStream Pro,0,0,4,2,0,0,21,3177.51,1749.51,1.05
2026-02-28,prod-8,Pro Studio Condenser Microphone,Audio & Electronics,AUD-PCM-008,155.21,68.0,163.12,AudioStream Pro,0,0,5,2,1,0,27,4190.67,2354.67,1.05
2026-03-01,prod-8,Pro Studio Condenser Microphone,Audio & Electronics,AUD-PCM-008,152.97,68.0,153.58,AudioStream Pro,0,0,6,3,1,0,24,3671.28,2039.28,1.05
2026-03-02,prod-8,Pro Studio Condenser Microphone,Audio & Electronics,AUD-PCM-008,144.41,68.0,147.0,AudioStream Pro,0,0,0,3,0,0,24,3465.84,1833.84,1.05
2026-03-03,prod-8,Pro Studio Condenser Microphone,Audio & Electronics,AUD-PCM-008,152.46,68.0,154.75,AudioStream Pro,0,0,1,3,0,0,25,3811.5,2111.5,1.05
2026-03-04,prod-8,Pro Studio Condenser Microphone,Audio & Electronics,AUD-PCM-008,153.59,68.0,153.76,AudioStream Pro,0,0,2,3,0,0,22,3378.98,1882.98,1.05
2026-03-05,prod-8,Pro Studio Condenser Microphone,Audio & Electronics,AUD-PCM-008,148.11,68.0,146.77,AudioStream Pro,0,0,3,3,0,0,21,3110.31,1682.31,1.05
2026-03-06,prod-8,Pro Studio Condenser Microphone,Audio & Electronics,AUD-PCM-008,142.56,68.0,145.78,AudioStream Pro,10,1,4,3,0,0,28,3592.51,1688.51,1.05
2026-03-07,prod-8,Pro Studio Condenser Microphone,Audio & Electronics,AUD-PCM-008,152.82,68.0,152.33,AudioStream Pro,0,0,5,3,1,0,26,3973.32,2205.32,1.05
2026-03-08,prod-8,Pro Studio Condenser Microphone,Audio & Electronics,AUD-PCM-008,145.51,68.0,152.14,AudioStream Pro,0,0,6,3,1,0,25,3637.75,1937.75,1.05
2026-03-09,prod-8,Pro Studio Condenser Microphone,Audio & Electronics,AUD-PCM-008,154.46,68.0,150.66,AudioStream Pro,0,0,0,3,0,0,25,3861.5,2161.5,1.05
2026-03-10,prod-8,Pro Studio Condenser Microphone,Audio & Electronics,AUD-PCM-008,144.66,68.0,142.83,AudioStream Pro,0,0,1,3,0,0,25,3616.5,1916.5,1.05
2026-03-11,prod-8,Pro Studio Condenser Microphone,Audio & Electronics,AUD-PCM-008,142.71,68.0,137.21,AudioStream Pro,0,0,2,3,0,0,25,3567.75,1867.75,1.05
2026-03-12,prod-8,Pro Studio Condenser Microphone,Audio & Electronics,AUD-PCM-008,155.62,68.0,159.05,AudioStream Pro,0,0,3,3,0,0,25,3890.5,2190.5,1.05
2026-03-13,prod-8,Pro Studio Condenser Microphone,Audio & Electronics,AUD-PCM-008,157.45,68.0,163.32,AudioStream Pro,0,0,4,3,0,0,22,3463.9,1967.9,1.05
2026-03-14,prod-8,Pro Studio Condenser Microphone,Audio & Electronics,AUD-PCM-008,149.42,68.0,150.22,AudioStream Pro,0,0,5,3,1,0,28,4183.76,2279.76,1.05
2026-03-15,prod-8,Pro Studio Condenser Microphone,Audio & Electronics,AUD-PCM-008,155.63,68.0,158.41,AudioStream Pro,0,0,6,3,1,0,25,3890.75,2190.75,1.05
2026-03-16,prod-8,Pro Studio Condenser Microphone,Audio & Electronics,AUD-PCM-008,152.02,68.0,147.12,AudioStream Pro,0,0,0,3,0,0,22,3344.44,1848.44,1.05
2026-03-17,prod-8,Pro Studio Condenser Microphone,Audio & Electronics,AUD-PCM-008,142.74,68.0,147.46,AudioStream Pro,0,0,1,3,0,0,23,3283.02,1719.02,1.05
2026-03-18,prod-8,Pro Studio Condenser Microphone,Audio & Electronics,AUD-PCM-008,143.58,68.0,146.43,AudioStream Pro,0,0,2,3,0,0,26,3733.08,1965.08,1.05
2026-03-19,prod-8,Pro Studio Condenser Microphone,Audio & Electronics,AUD-PCM-008,140.28,68.0,147.23,AudioStream Pro,0,0,3,3,0,0,27,3787.56,1951.56,1.05
2026-03-20,prod-8,Pro Studio Condenser Microphone,Audio & Electronics,AUD-PCM-008,156.12,68.0,163.76,AudioStream Pro,0,0,4,3,0,0,20,3122.4,1762.4,1.05
2026-03-21,prod-8,Pro Studio Condenser Microphone,Audio & Electronics,AUD-PCM-008,151.26,68.0,162.49,AudioStream Pro,0,0,5,3,1,0,25,3781.5,2081.5,1.05
2026-03-22,prod-8,Pro Studio Condenser Microphone,Audio & Electronics,AUD-PCM-008,157.25,68.0,166.94,AudioStream Pro,0,0,6,3,1,0,23,3616.75,2052.75,1.05
2026-03-23,prod-8,Pro Studio Condenser Microphone,Audio & Electronics,AUD-PCM-008,154.33,68.0,156.43,AudioStream Pro,0,0,0,3,0,0,22,3395.26,1899.26,1.05
2026-03-24,prod-8,Pro Studio Condenser Microphone,Audio & Electronics,AUD-PCM-008,154.32,68.0,151.53,AudioStream Pro,0,0,1,3,0,0,25,3858.0,2158.0,1.05
2026-03-25,prod-8,Pro Studio Condenser Microphone,Audio & Electronics,AUD-PCM-008,144.14,68.0,150.78,AudioStream Pro,0,0,2,3,0,0,28,4035.92,2131.92,1.05
2026-03-26,prod-8,Pro Studio Condenser Microphone,Audio & Electronics,AUD-PCM-008,144.81,68.0,143.84,AudioStream Pro,0,0,3,3,0,0,26,3765.06,1997.06,1.05
2026-03-27,prod-8,Pro Studio Condenser Microphone,Audio & Electronics,AUD-PCM-008,156.46,68.0,167.21,AudioStream Pro,0,0,4,3,0,0,22,3442.12,1946.12,1.05
2026-03-28,prod-8,Pro Studio Condenser Microphone,Audio & Electronics,AUD-PCM-008,143.77,68.0,142.23,AudioStream Pro,0,0,5,3,1,0,28,4025.56,2121.56,1.05
2026-03-29,prod-8,Pro Studio Condenser Microphone,Audio & Electronics,AUD-PCM-008,141.82,68.0,151.15,AudioStream Pro,0,1,6,3,1,0,26,3687.32,1919.32,1.05
2026-03-30,prod-8,Pro Studio Condenser Microphone,Audio & Electronics,AUD-PCM-008,142.14,68.0,137.88,AudioStream Pro,0,0,0,3,0,0,25,3553.5,1853.5,1.05
2026-03-31,prod-8,Pro Studio Condenser Microphone,Audio & Electronics,AUD-PCM-008,143.9,68.0,146.56,AudioStream Pro,0,0,1,3,0,0,25,3597.5,1897.5,1.05
2026-04-01,prod-8,Pro Studio Condenser Microphone,Audio & Electronics,AUD-PCM-008,155.46,68.0,151.32,AudioStream Pro,0,0,2,4,0,0,24,3731.04,2099.04,1.05
2026-04-02,prod-8,Pro Studio Condenser Microphone,Audio & Electronics,AUD-PCM-008,143.54,68.0,151.68,AudioStream Pro,0,0,3,4,0,0,25,3588.5,1888.5,1.05
2026-04-03,prod-8,Pro Studio Condenser Microphone,Audio & Electronics,AUD-PCM-008,140.07,68.0,147.15,AudioStream Pro,0,0,4,4,0,0,25,3501.75,1801.75,1.05
2026-04-04,prod-8,Pro Studio Condenser Microphone,Audio & Electronics,AUD-PCM-008,143.22,68.0,146.21,AudioStream Pro,0,0,5,4,1,0,31,4439.82,2331.82,1.05
2026-04-05,prod-8,Pro Studio Condenser Microphone,Audio & Electronics,AUD-PCM-008,145.42,68.0,154.74,AudioStream Pro,0,0,6,4,1,0,26,3780.92,2012.92,1.05
2026-04-06,prod-8,Pro Studio Condenser Microphone,Audio & Electronics,AUD-PCM-008,150.1,68.0,149.66,AudioStream Pro,0,0,0,4,0,0,26,3902.6,2134.6,1.05
2026-04-07,prod-8,Pro Studio Condenser Microphone,Audio & Electronics,AUD-PCM-008,156.97,68.0,159.88,AudioStream Pro,0,0,1,4,0,0,25,3924.25,2224.25,1.05
2026-04-08,prod-8,Pro Studio Condenser Microphone,Audio & Electronics,AUD-PCM-008,148.47,68.0,145.44,AudioStream Pro,15,1,2,4,0,0,30,3785.99,1745.99,1.05
2026-04-09,prod-8,Pro Studio Condenser Microphone,Audio & Electronics,AUD-PCM-008,141.75,68.0,150.74,AudioStream Pro,0,0,3,4,0,0,26,3685.5,1917.5,1.05
2026-04-10,prod-8,Pro Studio Condenser Microphone,Audio & Electronics,AUD-PCM-008,154.77,68.0,152.17,AudioStream Pro,5,1,4,4,0,0,22,3234.69,1738.69,1.05
2026-04-11,prod-8,Pro Studio Condenser Microphone,Audio & Electronics,AUD-PCM-008,149.03,68.0,148.79,AudioStream Pro,0,0,5,4,1,0,24,3576.72,1944.72,1.05
2026-04-12,prod-8,Pro Studio Condenser Microphone,Audio & Electronics,AUD-PCM-008,145.43,68.0,150.25,AudioStream Pro,0,0,6,4,1,0,25,3635.75,1935.75,1.05
2026-04-13,prod-8,Pro Studio Condenser Microphone,Audio & Electronics,AUD-PCM-008,142.86,68.0,150.28,AudioStream Pro,0,0,0,4,0,0,27,3857.22,2021.22,1.05
2026-04-14,prod-8,Pro Studio Condenser Microphone,Audio & Electronics,AUD-PCM-008,150.97,68.0,147.78,AudioStream Pro,0,0,1,4,0,0,26,3925.22,2157.22,1.05
2026-04-15,prod-8,Pro Studio Condenser Microphone,Audio & Electronics,AUD-PCM-008,151.74,68.0,160.03,AudioStream Pro,0,0,2,4,0,0,22,3338.28,1842.28,1.05
2026-04-16,prod-8,Pro Studio Condenser Microphone,Audio & Electronics,AUD-PCM-008,156.74,68.0,159.35,AudioStream Pro,0,0,3,4,0,0,21,3291.54,1863.54,1.05
2026-04-17,prod-8,Pro Studio Condenser Microphone,Audio & Electronics,AUD-PCM-008,142.65,68.0,142.66,AudioStream Pro,0,0,4,4,0,0,26,3708.9,1940.9,1.05
2026-04-18,prod-8,Pro Studio Condenser Microphone,Audio & Electronics,AUD-PCM-008,148.1,68.0,149.73,AudioStream Pro,0,0,5,4,1,0,26,3850.6,2082.6,1.05
2026-04-19,prod-8,Pro Studio Condenser Microphone,Audio & Electronics,AUD-PCM-008,153.69,68.0,154.99,AudioStream Pro,0,0,6,4,1,0,25,3842.25,2142.25,1.05
2026-04-20,prod-8,Pro Studio Condenser Microphone,Audio & Electronics,AUD-PCM-008,154.46,68.0,166.35,AudioStream Pro,0,0,0,4,0,0,20,3089.2,1729.2,1.05
2026-04-21,prod-8,Pro Studio Condenser Microphone,Audio & Electronics,AUD-PCM-008,152.65,68.0,150.37,AudioStream Pro,0,0,1,4,0,0,22,3358.3,1862.3,1.05
2026-04-22,prod-8,Pro Studio Condenser Microphone,Audio & Electronics,AUD-PCM-008,146.74,68.0,146.54,AudioStream Pro,0,0,2,4,0,0,23,3375.02,1811.02,1.05
2026-04-23,prod-8,Pro Studio Condenser Microphone,Audio & Electronics,AUD-PCM-008,150.07,68.0,147.66,AudioStream Pro,0,0,3,4,0,0,24,3601.68,1969.68,1.05
2026-04-24,prod-8,Pro Studio Condenser Microphone,Audio & Electronics,AUD-PCM-008,155.37,68.0,151.15,AudioStream Pro,0,0,4,4,0,0,22,3418.14,1922.14,1.05
2026-04-25,prod-8,Pro Studio Condenser Microphone,Audio & Electronics,AUD-PCM-008,148.64,68.0,155.56,AudioStream Pro,0,0,5,4,1,0,30,4459.2,2419.2,1.05
2026-04-26,prod-8,Pro Studio Condenser Microphone,Audio & Electronics,AUD-PCM-008,140.88,68.0,146.39,AudioStream Pro,0,0,6,4,1,0,31,4367.28,2259.28,1.05
2026-04-27,prod-8,Pro Studio Condenser Microphone,Audio & Electronics,AUD-PCM-008,148.77,68.0,147.82,AudioStream Pro,0,0,0,4,0,0,23,3421.71,1857.71,1.05
2026-04-28,prod-8,Pro Studio Condenser Microphone,Audio & Electronics,AUD-PCM-008,141.87,68.0,147.08,AudioStream Pro,0,0,1,4,0,0,24,3404.88,1772.88,1.05
2026-04-29,prod-8,Pro Studio Condenser Microphone,Audio & Electronics,AUD-PCM-008,156.57,68.0,152.39,AudioStream Pro,0,0,2,4,0,0,24,3757.68,2125.68,1.05
2026-04-30,prod-8,Pro Studio Condenser Microphone,Audio & Electronics,AUD-PCM-008,145.86,68.0,153.59,AudioStream Pro,0,0,3,4,0,0,22,3208.92,1712.92,1.05
2026-05-01,prod-8,Pro Studio Condenser Microphone,Audio & Electronics,AUD-PCM-008,142.75,68.0,142.16,AudioStream Pro,0,0,4,5,0,0,22,3140.5,1644.5,1.05
2026-05-02,prod-8,Pro Studio Condenser Microphone,Audio & Electronics,AUD-PCM-008,144.44,68.0,148.59,AudioStream Pro,0,0,5,5,1,0,26,3755.44,1987.44,1.05
2026-05-03,prod-8,Pro Studio Condenser Microphone,Audio & Electronics,AUD-PCM-008,149.55,68.0,148.8,AudioStream Pro,0,1,6,5,1,0,29,4336.95,2364.95,1.05
2026-05-04,prod-8,Pro Studio Condenser Microphone,Audio & Electronics,AUD-PCM-008,152.56,68.0,159.99,AudioStream Pro,0,0,0,5,0,0,22,3356.32,1860.32,1.05
2026-05-05,prod-8,Pro Studio Condenser Microphone,Audio & Electronics,AUD-PCM-008,153.88,68.0,161.52,AudioStream Pro,0,0,1,5,0,0,22,3385.36,1889.36,1.05
2026-05-06,prod-8,Pro Studio Condenser Microphone,Audio & Electronics,AUD-PCM-008,144.13,68.0,144.63,AudioStream Pro,0,0,2,5,0,0,28,4035.64,2131.64,1.05
2026-05-07,prod-8,Pro Studio Condenser Microphone,Audio & Electronics,AUD-PCM-008,144.69,68.0,149.38,AudioStream Pro,0,0,3,5,0,0,22,3183.18,1687.18,1.05
2026-05-08,prod-8,Pro Studio Condenser Microphone,Audio & Electronics,AUD-PCM-008,151.54,68.0,153.25,AudioStream Pro,0,0,4,5,0,0,25,3788.5,2088.5,1.05
2026-05-09,prod-8,Pro Studio Condenser Microphone,Audio & Electronics,AUD-PCM-008,154.93,68.0,149.85,AudioStream Pro,0,0,5,5,1,0,25,3873.25,2173.25,1.05
2026-05-10,prod-8,Pro Studio Condenser Microphone,Audio & Electronics,AUD-PCM-008,150.17,68.0,162.11,AudioStream Pro,0,0,6,5,1,0,29,4354.93,2382.93,1.05
2026-05-11,prod-8,Pro Studio Condenser Microphone,Audio & Electronics,AUD-PCM-008,145.91,68.0,149.51,AudioStream Pro,0,0,0,5,0,0,23,3355.93,1791.93,1.05
2026-05-12,prod-8,Pro Studio Condenser Microphone,Audio & Electronics,AUD-PCM-008,141.26,68.0,136.89,AudioStream Pro,0,1,1,5,0,0,25,3531.5,1831.5,1.05
2026-05-13,prod-8,Pro Studio Condenser Microphone,Audio & Electronics,AUD-PCM-008,154.34,68.0,163.84,AudioStream Pro,15,1,2,5,0,0,28,3673.29,1769.29,1.05
2026-05-14,prod-8,Pro Studio Condenser Microphone,Audio & Electronics,AUD-PCM-008,157.81,68.0,165.74,AudioStream Pro,0,0,3,5,0,0,22,3471.82,1975.82,1.05
2026-05-15,prod-8,Pro Studio Condenser Microphone,Audio & Electronics,AUD-PCM-008,145.01,68.0,147.06,AudioStream Pro,0,0,4,5,0,0,26,3770.26,2002.26,1.05
2026-05-16,prod-8,Pro Studio Condenser Microphone,Audio & Electronics,AUD-PCM-008,151.69,68.0,146.95,AudioStream Pro,0,0,5,5,1,0,25,3792.25,2092.25,1.05
2026-05-17,prod-8,Pro Studio Condenser Microphone,Audio & Electronics,AUD-PCM-008,149.5,68.0,155.94,AudioStream Pro,0,0,6,5,1,0,26,3887.0,2119.0,1.05
2026-05-18,prod-8,Pro Studio Condenser Microphone,Audio & Electronics,AUD-PCM-008,140.44,68.0,144.51,AudioStream Pro,15,1,0,5,0,0,27,3223.1,1387.1,1.05
2026-05-19,prod-8,Pro Studio Condenser Microphone,Audio & Electronics,AUD-PCM-008,144.09,68.0,145.71,AudioStream Pro,0,0,1,5,0,0,23,3314.07,1750.07,1.05
2026-05-20,prod-8,Pro Studio Condenser Microphone,Audio & Electronics,AUD-PCM-008,152.12,68.0,152.0,AudioStream Pro,0,0,2,5,0,0,24,3650.88,2018.88,1.05
2026-05-21,prod-8,Pro Studio Condenser Microphone,Audio & Electronics,AUD-PCM-008,153.83,68.0,158.28,AudioStream Pro,0,0,3,5,0,0,25,3845.75,2145.75,1.05
2026-05-22,prod-8,Pro Studio Condenser Microphone,Audio & Electronics,AUD-PCM-008,155.57,68.0,152.2,AudioStream Pro,0,0,4,5,0,0,21,3266.97,1838.97,1.05
2026-05-23,prod-8,Pro Studio Condenser Microphone,Audio & Electronics,AUD-PCM-008,143.31,68.0,138.03,AudioStream Pro,0,0,5,5,1,0,30,4299.3,2259.3,1.05
2026-05-24,prod-8,Pro Studio Condenser Microphone,Audio & Electronics,AUD-PCM-008,154.0,68.0,157.82,AudioStream Pro,0,0,6,5,1,0,25,3850.0,2150.0,1.05
2026-05-25,prod-8,Pro Studio Condenser Microphone,Audio & Electronics,AUD-PCM-008,145.7,68.0,143.9,AudioStream Pro,0,0,0,5,0,0,23,3351.1,1787.1,1.05
2026-05-26,prod-8,Pro Studio Condenser Microphone,Audio & Electronics,AUD-PCM-008,147.65,68.0,146.55,AudioStream Pro,0,0,1,5,0,0,22,3248.3,1752.3,1.05
2026-05-27,prod-8,Pro Studio Condenser Microphone,Audio & Electronics,AUD-PCM-008,146.41,68.0,142.97,AudioStream Pro,0,0,2,5,0,0,24,3513.84,1881.84,1.05
2026-05-28,prod-8,Pro Studio Condenser Microphone,Audio & Electronics,AUD-PCM-008,154.97,68.0,155.75,AudioStream Pro,0,0,3,5,0,0,24,3719.28,2087.28,1.05
2026-05-29,prod-8,Pro Studio Condenser Microphone,Audio & Electronics,AUD-PCM-008,153.29,68.0,154.16,AudioStream Pro,0,0,4,5,0,0,23,3525.67,1961.67,1.05
2026-05-30,prod-8,Pro Studio Condenser Microphone,Audio & Electronics,AUD-PCM-008,143.74,68.0,144.55,AudioStream Pro,0,0,5,5,1,0,25,3593.5,1893.5,1.05
2026-05-31,prod-8,Pro Studio Condenser Microphone,Audio & Electronics,AUD-PCM-008,143.19,68.0,153.16,AudioStream Pro,0,0,6,5,1,0,25,3579.75,1879.75,1.05
2026-06-01,prod-8,Pro Studio Condenser Microphone,Audio & Electronics,AUD-PCM-008,153.59,68.0,149.66,AudioStream Pro,0,0,0,6,0,0,24,3686.16,2054.16,1.05
2026-06-02,prod-8,Pro Studio Condenser Microphone,Audio & Electronics,AUD-PCM-008,153.46,68.0,153.16,AudioStream Pro,0,0,1,6,0,0,26,3989.96,2221.96,1.05
2026-06-03,prod-8,Pro Studio Condenser Microphone,Audio & Electronics,AUD-PCM-008,154.36,68.0,154.85,AudioStream Pro,0,0,2,6,0,0,21,3241.56,1813.56,1.05
2026-06-04,prod-8,Pro Studio Condenser Microphone,Audio & Electronics,AUD-PCM-008,148.23,68.0,142.43,AudioStream Pro,0,0,3,6,0,0,23,3409.29,1845.29,1.05
2026-06-05,prod-8,Pro Studio Condenser Microphone,Audio & Electronics,AUD-PCM-008,155.39,68.0,155.79,AudioStream Pro,0,0,4,6,0,0,25,3884.75,2184.75,1.05
2026-06-06,prod-8,Pro Studio Condenser Microphone,Audio & Electronics,AUD-PCM-008,147.82,68.0,156.95,AudioStream Pro,0,0,5,6,1,0,30,4434.6,2394.6,1.05
2026-06-07,prod-8,Pro Studio Condenser Microphone,Audio & Electronics,AUD-PCM-008,141.57,68.0,146.84,AudioStream Pro,0,0,6,6,1,0,28,3963.96,2059.96,1.05
2026-06-08,prod-8,Pro Studio Condenser Microphone,Audio & Electronics,AUD-PCM-008,157.07,68.0,155.97,AudioStream Pro,0,0,0,6,0,0,22,3455.54,1959.54,1.05
2026-06-09,prod-8,Pro Studio Condenser Microphone,Audio & Electronics,AUD-PCM-008,142.58,68.0,141.14,AudioStream Pro,0,0,1,6,0,0,23,3279.34,1715.34,1.05
2026-06-10,prod-8,Pro Studio Condenser Microphone,Audio & Electronics,AUD-PCM-008,142.84,68.0,149.04,AudioStream Pro,0,0,2,6,0,0,22,3142.48,1646.48,1.05
2026-06-11,prod-8,Pro Studio Condenser Microphone,Audio & Electronics,AUD-PCM-008,154.41,68.0,164.29,AudioStream Pro,0,0,3,6,0,0,22,3397.02,1901.02,1.05
2026-06-12,prod-8,Pro Studio Condenser Microphone,Audio & Electronics,AUD-PCM-008,147.48,68.0,144.37,AudioStream Pro,0,0,4,6,0,0,27,3981.96,2145.96,1.05
2026-06-13,prod-8,Pro Studio Condenser Microphone,Audio & Electronics,AUD-PCM-008,157.32,68.0,165.03,AudioStream Pro,0,0,5,6,1,0,23,3618.36,2054.36,1.05
2026-06-14,prod-8,Pro Studio Condenser Microphone,Audio & Electronics,AUD-PCM-008,155.78,68.0,151.59,AudioStream Pro,0,0,6,6,1,0,25,3894.5,2194.5,1.05
2026-06-15,prod-8,Pro Studio Condenser Microphone,Audio & Electronics,AUD-PCM-008,145.53,68.0,150.63,AudioStream Pro,0,0,0,6,0,0,23,3347.19,1783.19,1.05
2026-06-16,prod-8,Pro Studio Condenser Microphone,Audio & Electronics,AUD-PCM-008,145.8,68.0,153.67,AudioStream Pro,0,0,1,6,0,0,27,3936.6,2100.6,1.05
2026-06-17,prod-8,Pro Studio Condenser Microphone,Audio & Electronics,AUD-PCM-008,140.67,68.0,149.76,AudioStream Pro,0,0,2,6,0,0,23,3235.41,1671.41,1.05
2026-06-18,prod-8,Pro Studio Condenser Microphone,Audio & Electronics,AUD-PCM-008,146.8,68.0,151.47,AudioStream Pro,0,0,3,6,0,0,22,3229.6,1733.6,1.05
2026-06-19,prod-8,Pro Studio Condenser Microphone,Audio & Electronics,AUD-PCM-008,140.33,68.0,149.83,AudioStream Pro,0,1,4,6,0,0,23,3227.59,1663.59,1.05
2026-06-20,prod-8,Pro Studio Condenser Microphone,Audio & Electronics,AUD-PCM-008,148.57,68.0,160.16,AudioStream Pro,0,0,5,6,1,0,27,4011.39,2175.39,1.05
2026-06-21,prod-8,Pro Studio Condenser Microphone,Audio & Electronics,AUD-PCM-008,142.46,68.0,147.07,AudioStream Pro,0,0,6,6,1,0,27,3846.42,2010.42,1.05
2026-06-22,prod-8,Pro Studio Condenser Microphone,Audio & Electronics,AUD-PCM-008,148.45,68.0,158.6,AudioStream Pro,0,0,0,6,0,0,25,3711.25,2011.25,1.05
2026-06-23,prod-8,Pro Studio Condenser Microphone,Audio & Electronics,AUD-PCM-008,146.6,68.0,151.53,AudioStream Pro,0,0,1,6,0,0,24,3518.4,1886.4,1.05
2026-06-24,prod-8,Pro Studio Condenser Microphone,Audio & Electronics,AUD-PCM-008,153.45,68.0,163.0,AudioStream Pro,0,0,2,6,0,0,22,3375.9,1879.9,1.05
2026-06-25,prod-8,Pro Studio Condenser Microphone,Audio & Electronics,AUD-PCM-008,142.38,68.0,152.78,AudioStream Pro,0,0,3,6,0,0,22,3132.36,1636.36,1.05
2026-06-26,prod-8,Pro Studio Condenser Microphone,Audio & Electronics,AUD-PCM-008,141.75,68.0,142.95,AudioStream Pro,0,0,4,6,0,0,23,3260.25,1696.25,1.05
2026-06-27,prod-8,Pro Studio Condenser Microphone,Audio & Electronics,AUD-PCM-008,144.1,68.0,141.53,AudioStream Pro,0,0,5,6,1,0,27,3890.7,2054.7,1.05
2026-06-28,prod-8,Pro Studio Condenser Microphone,Audio & Electronics,AUD-PCM-008,157.47,68.0,163.8,AudioStream Pro,0,0,6,6,1,0,26,4094.22,2326.22,1.05
2026-06-29,prod-8,Pro Studio Condenser Microphone,Audio & Electronics,AUD-PCM-008,155.86,68.0,163.84,AudioStream Pro,0,0,0,6,0,0,22,3428.92,1932.92,1.05
2026-06-30,prod-8,Pro Studio Condenser Microphone,Audio & Electronics,AUD-PCM-008,151.88,68.0,156.36,AudioStream Pro,0,0,1,6,0,0,21,3189.48,1761.48,1.05
2026-07-01,prod-8,Pro Studio Condenser Microphone,Audio & Electronics,AUD-PCM-008,156.26,68.0,157.23,AudioStream Pro,5,1,2,7,0,0,27,4008.07,2172.07,1.05
2026-07-02,prod-8,Pro Studio Condenser Microphone,Audio & Electronics,AUD-PCM-008,140.32,68.0,145.39,AudioStream Pro,0,0,3,7,0,0,24,3367.68,1735.68,1.05
2026-07-03,prod-8,Pro Studio Condenser Microphone,Audio & Electronics,AUD-PCM-008,147.15,68.0,141.47,AudioStream Pro,0,0,4,7,0,0,26,3825.9,2057.9,1.05
2026-07-04,prod-8,Pro Studio Condenser Microphone,Audio & Electronics,AUD-PCM-008,143.42,68.0,152.65,AudioStream Pro,0,0,5,7,1,0,27,3872.34,2036.34,1.05
2026-07-05,prod-8,Pro Studio Condenser Microphone,Audio & Electronics,AUD-PCM-008,157.81,68.0,160.08,AudioStream Pro,0,0,6,7,1,0,25,3945.25,2245.25,1.05
2026-07-06,prod-8,Pro Studio Condenser Microphone,Audio & Electronics,AUD-PCM-008,153.38,68.0,159.31,AudioStream Pro,0,0,0,7,0,0,22,3374.36,1878.36,1.05
2026-07-07,prod-8,Pro Studio Condenser Microphone,Audio & Electronics,AUD-PCM-008,157.88,68.0,155.09,AudioStream Pro,0,0,1,7,0,0,24,3789.12,2157.12,1.05
2026-07-08,prod-8,Pro Studio Condenser Microphone,Audio & Electronics,AUD-PCM-008,153.86,68.0,156.13,AudioStream Pro,10,1,2,7,0,0,27,3738.8,1902.8,1.05
2026-07-09,prod-8,Pro Studio Condenser Microphone,Audio & Electronics,AUD-PCM-008,144.76,68.0,152.55,AudioStream Pro,0,0,3,7,0,0,22,3184.72,1688.72,1.05
2026-07-10,prod-8,Pro Studio Condenser Microphone,Audio & Electronics,AUD-PCM-008,149.77,68.0,145.48,AudioStream Pro,0,0,4,7,0,0,26,3894.02,2126.02,1.05
2026-07-11,prod-8,Pro Studio Condenser Microphone,Audio & Electronics,AUD-PCM-008,142.21,68.0,148.68,AudioStream Pro,0,0,5,7,1,0,27,3839.67,2003.67,1.05
2026-07-12,prod-8,Pro Studio Condenser Microphone,Audio & Electronics,AUD-PCM-008,148.15,68.0,152.06,AudioStream Pro,0,0,6,7,1,0,30,4444.5,2404.5,1.05
2026-07-13,prod-8,Pro Studio Condenser Microphone,Audio & Electronics,AUD-PCM-008,157.43,68.0,154.58,AudioStream Pro,0,0,0,7,0,0,25,3935.75,2235.75,1.05
2026-07-14,prod-8,Pro Studio Condenser Microphone,Audio & Electronics,AUD-PCM-008,149.19,68.0,145.76,AudioStream Pro,0,0,1,7,0,0,25,3729.75,2029.75,1.05
2026-07-15,prod-8,Pro Studio Condenser Microphone,Audio & Electronics,AUD-PCM-008,143.61,68.0,150.7,AudioStream Pro,0,0,2,7,0,0,26,3733.86,1965.86,1.05
2026-07-16,prod-8,Pro Studio Condenser Microphone,Audio & Electronics,AUD-PCM-008,150.12,68.0,153.67,AudioStream Pro,10,1,3,7,0,0,27,3647.92,1811.92,1.05
2026-07-17,prod-8,Pro Studio Condenser Microphone,Audio & Electronics,AUD-PCM-008,152.46,68.0,164.61,AudioStream Pro,0,0,4,7,0,0,21,3201.66,1773.66,1.05
2026-07-18,prod-8,Pro Studio Condenser Microphone,Audio & Electronics,AUD-PCM-008,152.23,68.0,157.74,AudioStream Pro,0,0,5,7,1,0,24,3653.52,2021.52,1.05
2026-07-19,prod-8,Pro Studio Condenser Microphone,Audio & Electronics,AUD-PCM-008,156.7,68.0,163.9,AudioStream Pro,0,0,6,7,1,0,28,4387.6,2483.6,1.05
2026-07-20,prod-8,Pro Studio Condenser Microphone,Audio & Electronics,AUD-PCM-008,147.64,68.0,145.32,AudioStream Pro,15,1,0,7,0,0,27,3388.34,1552.34,1.05
2026-07-21,prod-8,Pro Studio Condenser Microphone,Audio & Electronics,AUD-PCM-008,156.17,68.0,168.14,AudioStream Pro,0,0,1,7,0,0,22,3435.74,1939.74,1.05
2026-07-22,prod-8,Pro Studio Condenser Microphone,Audio & Electronics,AUD-PCM-008,142.49,68.0,152.83,AudioStream Pro,10,1,2,7,0,0,29,3718.99,1746.99,1.05
2026-07-23,prod-8,Pro Studio Condenser Microphone,Audio & Electronics,AUD-PCM-008,152.01,68.0,149.74,AudioStream Pro,0,0,3,7,0,0,24,3648.24,2016.24,1.05
2026-07-24,prod-8,Pro Studio Condenser Microphone,Audio & Electronics,AUD-PCM-008,141.25,68.0,148.4,AudioStream Pro,0,0,4,7,0,0,25,3531.25,1831.25,1.05
2026-07-25,prod-8,Pro Studio Condenser Microphone,Audio & Electronics,AUD-PCM-008,142.93,68.0,153.89,AudioStream Pro,0,0,5,7,1,0,31,4430.83,2322.83,1.05
2026-07-26,prod-8,Pro Studio Condenser Microphone,Audio & Electronics,AUD-PCM-008,147.06,68.0,143.99,AudioStream Pro,0,0,6,7,1,0,28,4117.68,2213.68,1.05
2026-07-27,prod-8,Pro Studio Condenser Microphone,Audio & Electronics,AUD-PCM-008,144.5,68.0,144.8,AudioStream Pro,0,0,0,7,0,0,27,3901.5,2065.5,1.05
2026-07-28,prod-8,Pro Studio Condenser Microphone,Audio & Electronics,AUD-PCM-008,142.57,68.0,143.74,AudioStream Pro,0,0,1,7,0,0,26,3706.82,1938.82,1.05
2026-07-29,prod-8,Pro Studio Condenser Microphone,Audio & Electronics,AUD-PCM-008,152.08,68.0,149.75,AudioStream Pro,0,0,2,7,0,0,22,3345.76,1849.76,1.05
2026-07-30,prod-8,Pro Studio Condenser Microphone,Audio & Electronics,AUD-PCM-008,145.92,68.0,151.23,AudioStream Pro,0,0,3,7,0,0,25,3648.0,1948.0,1.05
2026-07-31,prod-8,Pro Studio Condenser Microphone,Audio & Electronics,AUD-PCM-008,153.86,68.0,158.75,AudioStream Pro,0,0,4,7,0,0,23,3538.78,1974.78,1.05
2026-08-01,prod-8,Pro Studio Condenser Microphone,Audio & Electronics,AUD-PCM-008,154.76,68.0,158.62,AudioStream Pro,0,0,5,8,1,0,24,3714.24,2082.24,1.05
2026-08-02,prod-8,Pro Studio Condenser Microphone,Audio & Electronics,AUD-PCM-008,155.8,68.0,163.67,AudioStream Pro,0,0,6,8,1,0,28,4362.4,2458.4,1.05
2026-08-03,prod-8,Pro Studio Condenser Microphone,Audio & Electronics,AUD-PCM-008,157.04,68.0,151.53,AudioStream Pro,0,0,0,8,0,0,21,3297.84,1869.84,1.05
2026-08-04,prod-8,Pro Studio Condenser Microphone,Audio & Electronics,AUD-PCM-008,151.27,68.0,152.95,AudioStream Pro,0,0,1,8,0,0,25,3781.75,2081.75,1.05
2026-08-05,prod-8,Pro Studio Condenser Microphone,Audio & Electronics,AUD-PCM-008,155.54,68.0,158.41,AudioStream Pro,0,0,2,8,0,0,23,3577.42,2013.42,1.05
2026-08-06,prod-8,Pro Studio Condenser Microphone,Audio & Electronics,AUD-PCM-008,141.64,68.0,148.41,AudioStream Pro,0,0,3,8,0,0,27,3824.28,1988.28,1.05
2026-08-07,prod-8,Pro Studio Condenser Microphone,Audio & Electronics,AUD-PCM-008,144.37,68.0,153.32,AudioStream Pro,0,0,4,8,0,0,26,3753.62,1985.62,1.05
2026-08-08,prod-8,Pro Studio Condenser Microphone,Audio & Electronics,AUD-PCM-008,147.79,68.0,142.88,AudioStream Pro,10,1,5,8,1,0,33,4389.36,2145.36,1.05
2026-08-09,prod-8,Pro Studio Condenser Microphone,Audio & Electronics,AUD-PCM-008,153.16,68.0,163.66,AudioStream Pro,0,0,6,8,1,0,25,3829.0,2129.0,1.05
2026-08-10,prod-8,Pro Studio Condenser Microphone,Audio & Electronics,AUD-PCM-008,151.99,68.0,150.49,AudioStream Pro,0,0,0,8,0,0,21,3191.79,1763.79,1.05
2026-08-11,prod-8,Pro Studio Condenser Microphone,Audio & Electronics,AUD-PCM-008,152.81,68.0,155.6,AudioStream Pro,0,0,1,8,0,0,22,3361.82,1865.82,1.05
2026-08-12,prod-8,Pro Studio Condenser Microphone,Audio & Electronics,AUD-PCM-008,147.82,68.0,146.62,AudioStream Pro,0,0,2,8,0,0,26,3843.32,2075.32,1.05
2026-08-13,prod-8,Pro Studio Condenser Microphone,Audio & Electronics,AUD-PCM-008,148.78,68.0,153.66,AudioStream Pro,0,0,3,8,0,0,24,3570.72,1938.72,1.05
2026-08-14,prod-8,Pro Studio Condenser Microphone,Audio & Electronics,AUD-PCM-008,155.62,68.0,161.86,AudioStream Pro,0,1,4,8,0,0,23,3579.26,2015.26,1.05
2026-08-15,prod-8,Pro Studio Condenser Microphone,Audio & Electronics,AUD-PCM-008,154.25,68.0,165.74,AudioStream Pro,0,0,5,8,1,0,23,3547.75,1983.75,1.05
2026-08-16,prod-8,Pro Studio Condenser Microphone,Audio & Electronics,AUD-PCM-008,153.72,68.0,154.22,AudioStream Pro,0,0,6,8,1,0,28,4304.16,2400.16,1.05
2026-08-17,prod-8,Pro Studio Condenser Microphone,Audio & Electronics,AUD-PCM-008,147.6,68.0,148.67,AudioStream Pro,0,0,0,8,0,0,23,3394.8,1830.8,1.05
2025-08-18,prod-9,Smart Ambient LED Desk Lamp,Office & Furniture,FURN-SAL-009,51.72,18.5,54.94,Lumino Living,0,0,0,8,0,0,62,3206.64,2059.64,1.8
2025-08-19,prod-9,Smart Ambient LED Desk Lamp,Office & Furniture,FURN-SAL-009,52.63,18.5,55.66,Lumino Living,0,0,1,8,0,0,63,3315.69,2150.19,1.8
2025-08-20,prod-9,Smart Ambient LED Desk Lamp,Office & Furniture,FURN-SAL-009,51.0,18.5,49.12,Lumino Living,0,0,2,8,0,0,56,2856.0,1820.0,1.8
2025-08-21,prod-9,Smart Ambient LED Desk Lamp,Office & Furniture,FURN-SAL-009,52.67,18.5,51.19,Lumino Living,0,0,3,8,0,0,64,3370.88,2186.88,1.8
2025-08-22,prod-9,Smart Ambient LED Desk Lamp,Office & Furniture,FURN-SAL-009,51.36,18.5,54.54,Lumino Living,0,0,4,8,0,0,67,3441.12,2201.62,1.8
2025-08-23,prod-9,Smart Ambient LED Desk Lamp,Office & Furniture,FURN-SAL-009,49.05,18.5,52.82,Lumino Living,0,0,5,8,1,0,73,3580.65,2230.15,1.8
2025-08-24,prod-9,Smart Ambient LED Desk Lamp,Office & Furniture,FURN-SAL-009,47.28,18.5,47.99,Lumino Living,0,0,6,8,1,0,75,3546.0,2158.5,1.8
2025-08-25,prod-9,Smart Ambient LED Desk Lamp,Office & Furniture,FURN-SAL-009,51.75,18.5,50.98,Lumino Living,0,0,0,8,0,0,62,3208.5,2061.5,1.8
2025-08-26,prod-9,Smart Ambient LED Desk Lamp,Office & Furniture,FURN-SAL-009,48.92,18.5,49.32,Lumino Living,0,0,1,8,0,0,73,3571.16,2220.66,1.8
2025-08-27,prod-9,Smart Ambient LED Desk Lamp,Office & Furniture,FURN-SAL-009,52.06,18.5,55.33,Lumino Living,0,0,2,8,0,0,62,3227.72,2080.72,1.8
2025-08-28,prod-9,Smart Ambient LED Desk Lamp,Office & Furniture,FURN-SAL-009,51.43,18.5,54.53,Lumino Living,0,0,3,8,0,0,67,3445.81,2206.31,1.8
2025-08-29,prod-9,Smart Ambient LED Desk Lamp,Office & Furniture,FURN-SAL-009,47.6,18.5,49.82,Lumino Living,0,0,4,8,0,0,68,3236.8,1978.8,1.8
2025-08-30,prod-9,Smart Ambient LED Desk Lamp,Office & Furniture,FURN-SAL-009,49.97,18.5,49.09,Lumino Living,0,0,5,8,1,0,68,3397.96,2139.96,1.8
2025-08-31,prod-9,Smart Ambient LED Desk Lamp,Office & Furniture,FURN-SAL-009,51.23,18.5,51.34,Lumino Living,0,0,6,8,1,0,75,3842.25,2454.75,1.8
2025-09-01,prod-9,Smart Ambient LED Desk Lamp,Office & Furniture,FURN-SAL-009,51.52,18.5,55.39,Lumino Living,0,0,0,9,0,0,56,2885.12,1849.12,1.8
2025-09-02,prod-9,Smart Ambient LED Desk Lamp,Office & Furniture,FURN-SAL-009,50.48,18.5,53.97,Lumino Living,0,0,1,9,0,0,65,3281.2,2078.7,1.8
2025-09-03,prod-9,Smart Ambient LED Desk Lamp,Office & Furniture,FURN-SAL-009,51.53,18.5,52.8,Lumino Living,0,0,2,9,0,0,65,3349.45,2146.95,1.8
2025-09-04,prod-9,Smart Ambient LED Desk Lamp,Office & Furniture,FURN-SAL-009,48.18,18.5,46.78,Lumino Living,0,0,3,9,0,0,76,3661.68,2255.68,1.8
2025-09-05,prod-9,Smart Ambient LED Desk Lamp,Office & Furniture,FURN-SAL-009,49.42,18.5,49.01,Lumino Living,0,0,4,9,0,0,67,3311.14,2071.64,1.8
2025-09-06,prod-9,Smart Ambient LED Desk Lamp,Office & Furniture,FURN-SAL-009,49.37,18.5,52.85,Lumino Living,10,1,5,9,1,0,91,4043.4,2359.9,1.8
2025-09-07,prod-9,Smart Ambient LED Desk Lamp,Office & Furniture,FURN-SAL-009,52.81,18.5,52.75,Lumino Living,0,0,6,9,1,0,70,3696.7,2401.7,1.8
2025-09-08,prod-9,Smart Ambient LED Desk Lamp,Office & Furniture,FURN-SAL-009,48.47,18.5,47.43,Lumino Living,0,0,0,9,0,0,61,2956.67,1828.17,1.8
2025-09-09,prod-9,Smart Ambient LED Desk Lamp,Office & Furniture,FURN-SAL-009,48.34,18.5,50.44,Lumino Living,0,0,1,9,0,0,75,3625.5,2238.0,1.8
2025-09-10,prod-9,Smart Ambient LED Desk Lamp,Office & Furniture,FURN-SAL-009,49.63,18.5,52.48,Lumino Living,0,0,2,9,0,0,63,3126.69,1961.19,1.8
2025-09-11,prod-9,Smart Ambient LED Desk Lamp,Office & Furniture,FURN-SAL-009,52.78,18.5,56.1,Lumino Living,0,0,3,9,0,0,58,3061.24,1988.24,1.8
2025-09-12,prod-9,Smart Ambient LED Desk Lamp,Office & Furniture,FURN-SAL-009,50.33,18.5,54.35,Lumino Living,0,0,4,9,0,0,59,2969.47,1877.97,1.8
2025-09-13,prod-9,Smart Ambient LED Desk Lamp,Office & Furniture,FURN-SAL-009,50.1,18.5,50.5,Lumino Living,0,0,5,9,1,0,78,3907.8,2464.8,1.8
2025-09-14,prod-9,Smart Ambient LED Desk Lamp,Office & Furniture,FURN-SAL-009,49.31,18.5,48.88,Lumino Living,0,0,6,9,1,0,71,3501.01,2187.51,1.8
2025-09-15,prod-9,Smart Ambient LED Desk Lamp,Office & Furniture,FURN-SAL-009,51.8,18.5,52.41,Lumino Living,0,0,0,9,0,0,67,3470.6,2231.1,1.8
2025-09-16,prod-9,Smart Ambient LED Desk Lamp,Office & Furniture,FURN-SAL-009,48.4,18.5,49.6,Lumino Living,5,1,1,9,0,0,72,3310.56,1978.56,1.8
2025-09-17,prod-9,Smart Ambient LED Desk Lamp,Office & Furniture,FURN-SAL-009,51.95,18.5,54.25,Lumino Living,0,0,2,9,0,0,62,3220.9,2073.9,1.8
2025-09-18,prod-9,Smart Ambient LED Desk Lamp,Office & Furniture,FURN-SAL-009,47.57,18.5,50.9,Lumino Living,0,0,3,9,0,0,75,3567.75,2180.25,1.8
2025-09-19,prod-9,Smart Ambient LED Desk Lamp,Office & Furniture,FURN-SAL-009,50.2,18.5,48.82,Lumino Living,0,0,4,9,0,0,60,3012.0,1902.0,1.8
2025-09-20,prod-9,Smart Ambient LED Desk Lamp,Office & Furniture,FURN-SAL-009,49.08,18.5,51.25,Lumino Living,0,0,5,9,1,0,80,3926.4,2446.4,1.8
2025-09-21,prod-9,Smart Ambient LED Desk Lamp,Office & Furniture,FURN-SAL-009,48.33,18.5,47.96,Lumino Living,0,0,6,9,1,0,75,3624.75,2237.25,1.8
2025-09-22,prod-9,Smart Ambient LED Desk Lamp,Office & Furniture,FURN-SAL-009,49.62,18.5,51.15,Lumino Living,5,1,0,9,0,0,64,3016.9,1832.9,1.8
2025-09-23,prod-9,Smart Ambient LED Desk Lamp,Office & Furniture,FURN-SAL-009,49.68,18.5,51.57,Lumino Living,0,0,1,9,0,0,65,3229.2,2026.7,1.8
2025-09-24,prod-9,Smart Ambient LED Desk Lamp,Office & Furniture,FURN-SAL-009,51.23,18.5,49.57,Lumino Living,0,0,2,9,0,0,69,3534.87,2258.37,1.8
2025-09-25,prod-9,Smart Ambient LED Desk Lamp,Office & Furniture,FURN-SAL-009,48.65,18.5,48.18,Lumino Living,0,0,3,9,0,0,61,2967.65,1839.15,1.8
2025-09-26,prod-9,Smart Ambient LED Desk Lamp,Office & Furniture,FURN-SAL-009,50.58,18.5,51.17,Lumino Living,0,0,4,9,0,0,58,2933.64,1860.64,1.8
2025-09-27,prod-9,Smart Ambient LED Desk Lamp,Office & Furniture,FURN-SAL-009,49.37,18.5,51.32,Lumino Living,0,0,5,9,1,0,77,3801.49,2376.99,1.8
2025-09-28,prod-9,Smart Ambient LED Desk Lamp,Office & Furniture,FURN-SAL-009,48.82,18.5,48.23,Lumino Living,0,0,6,9,1,0,75,3661.5,2274.0,1.8
2025-09-29,prod-9,Smart Ambient LED Desk Lamp,Office & Furniture,FURN-SAL-009,49.43,18.5,52.0,Lumino Living,0,0,0,9,0,0,68,3361.24,2103.24,1.8
2025-09-30,prod-9,Smart Ambient LED Desk Lamp,Office & Furniture,FURN-SAL-009,52.17,18.5,56.16,Lumino Living,10,1,1,9,0,0,74,3474.52,2105.52,1.8
2025-10-01,prod-9,Smart Ambient LED Desk Lamp,Office & Furniture,FURN-SAL-009,51.64,18.5,50.01,Lumino Living,15,1,2,10,0,0,72,3160.37,1828.37,1.8
2025-10-02,prod-9,Smart Ambient LED Desk Lamp,Office & Furniture,FURN-SAL-009,51.39,18.5,50.87,Lumino Living,0,0,3,10,0,0,55,2826.45,1808.95,1.8
2025-10-03,prod-9,Smart Ambient LED Desk Lamp,Office & Furniture,FURN-SAL-009,48.07,18.5,47.19,Lumino Living,0,0,4,10,0,0,58,2788.06,1715.06,1.8
2025-10-04,prod-9,Smart Ambient LED Desk Lamp,Office & Furniture,FURN-SAL-009,47.71,18.5,46.31,Lumino Living,0,0,5,10,1,0,67,3196.57,1957.07,1.8
2025-10-05,prod-9,Smart Ambient LED Desk Lamp,Office & Furniture,FURN-SAL-009,52.68,18.5,53.02,Lumino Living,0,0,6,10,1,0,58,3055.44,1982.44,1.8
2025-10-06,prod-9,Smart Ambient LED Desk Lamp,Office & Furniture,FURN-SAL-009,47.82,18.5,47.88,Lumino Living,10,1,0,10,0,0,66,2840.51,1619.51,1.8
2025-10-07,prod-9,Smart Ambient LED Desk Lamp,Office & Furniture,FURN-SAL-009,49.57,18.5,49.09,Lumino Living,10,1,1,10,0,0,65,2899.85,1697.35,1.8
2025-10-08,prod-9,Smart Ambient LED Desk Lamp,Office & Furniture,FURN-SAL-009,48.35,18.5,52.13,Lumino Living,0,0,2,10,0,0,55,2659.25,1641.75,1.8
2025-10-09,prod-9,Smart Ambient LED Desk Lamp,Office & Furniture,FURN-SAL-009,51.5,18.5,52.68,Lumino Living,0,1,3,10,0,0,57,2935.5,1881.0,1.8
2025-10-10,prod-9,Smart Ambient LED Desk Lamp,Office & Furniture,FURN-SAL-009,47.35,18.5,47.58,Lumino Living,0,0,4,10,0,0,66,3125.1,1904.1,1.8
2025-10-11,prod-9,Smart Ambient LED Desk Lamp,Office & Furniture,FURN-SAL-009,50.16,18.5,48.18,Lumino Living,0,0,5,10,1,0,53,2658.48,1677.98,1.8
2025-10-12,prod-9,Smart Ambient LED Desk Lamp,Office & Furniture,FURN-SAL-009,52.42,18.5,53.87,Lumino Living,0,0,6,10,1,0,62,3250.04,2103.04,1.8
2025-10-13,prod-9,Smart Ambient LED Desk Lamp,Office & Furniture,FURN-SAL-009,48.12,18.5,49.78,Lumino Living,0,0,0,10,0,0,54,2598.48,1599.48,1.8
2025-10-14,prod-9,Smart Ambient LED Desk Lamp,Office & Furniture,FURN-SAL-009,49.06,18.5,52.23,Lumino Living,0,0,1,10,0,0,57,2796.42,1741.92,1.8
2025-10-15,prod-9,Smart Ambient LED Desk Lamp,Office & Furniture,FURN-SAL-009,50.43,18.5,53.81,Lumino Living,0,0,2,10,0,0,58,2924.94,1851.94,1.8
2025-10-16,prod-9,Smart Ambient LED Desk Lamp,Office & Furniture,FURN-SAL-009,48.06,18.5,47.0,Lumino Living,0,0,3,10,0,0,52,2499.12,1537.12,1.8
2025-10-17,prod-9,Smart Ambient LED Desk Lamp,Office & Furniture,FURN-SAL-009,47.22,18.5,48.38,Lumino Living,0,0,4,10,0,0,66,3116.52,1895.52,1.8
2025-10-18,prod-9,Smart Ambient LED Desk Lamp,Office & Furniture,FURN-SAL-009,51.83,18.5,51.7,Lumino Living,0,0,5,10,1,0,55,2850.65,1833.15,1.8
2025-10-19,prod-9,Smart Ambient LED Desk Lamp,Office & Furniture,FURN-SAL-009,48.07,18.5,49.14,Lumino Living,0,0,6,10,1,0,65,3124.55,1922.05,1.8
2025-10-20,prod-9,Smart Ambient LED Desk Lamp,Office & Furniture,FURN-SAL-009,50.61,18.5,54.64,Lumino Living,0,0,0,10,0,0,59,2985.99,1894.49,1.8
2025-10-21,prod-9,Smart Ambient LED Desk Lamp,Office & Furniture,FURN-SAL-009,52.56,18.5,53.91,Lumino Living,0,0,1,10,0,0,49,2575.44,1668.94,1.8
2025-10-22,prod-9,Smart Ambient LED Desk Lamp,Office & Furniture,FURN-SAL-009,47.69,18.5,48.96,Lumino Living,0,0,2,10,0,0,57,2718.33,1663.83,1.8
2025-10-23,prod-9,Smart Ambient LED Desk Lamp,Office & Furniture,FURN-SAL-009,48.43,18.5,51.24,Lumino Living,0,0,3,10,0,0,56,2712.08,1676.08,1.8
2025-10-24,prod-9,Smart Ambient LED Desk Lamp,Office & Furniture,FURN-SAL-009,49.14,18.5,52.58,Lumino Living,0,0,4,10,0,0,60,2948.4,1838.4,1.8
2025-10-25,prod-9,Smart Ambient LED Desk Lamp,Office & Furniture,FURN-SAL-009,52.45,18.5,54.81,Lumino Living,0,0,5,10,1,0,50,2622.5,1697.5,1.8
2025-10-26,prod-9,Smart Ambient LED Desk Lamp,Office & Furniture,FURN-SAL-009,50.11,18.5,52.1,Lumino Living,0,0,6,10,1,0,61,3056.71,1928.21,1.8
2025-10-27,prod-9,Smart Ambient LED Desk Lamp,Office & Furniture,FURN-SAL-009,50.44,18.5,51.64,Lumino Living,0,0,0,10,0,0,54,2723.76,1724.76,1.8
2025-10-28,prod-9,Smart Ambient LED Desk Lamp,Office & Furniture,FURN-SAL-009,48.2,18.5,48.12,Lumino Living,0,0,1,10,0,0,54,2602.8,1603.8,1.8
2025-10-29,prod-9,Smart Ambient LED Desk Lamp,Office & Furniture,FURN-SAL-009,52.65,18.5,53.24,Lumino Living,0,0,2,10,0,0,44,2316.6,1502.6,1.8
2025-10-30,prod-9,Smart Ambient LED Desk Lamp,Office & Furniture,FURN-SAL-009,47.13,18.5,45.83,Lumino Living,0,0,3,10,0,0,62,2922.06,1775.06,1.8
2025-10-31,prod-9,Smart Ambient LED Desk Lamp,Office & Furniture,FURN-SAL-009,48.83,18.5,52.69,Lumino Living,0,0,4,10,0,0,60,2929.8,1819.8,1.8
2025-11-01,prod-9,Smart Ambient LED Desk Lamp,Office & Furniture,FURN-SAL-009,51.18,18.5,52.37,Lumino Living,0,1,5,11,1,0,55,2814.9,1797.4,1.8
2025-11-02,prod-9,Smart Ambient LED Desk Lamp,Office & Furniture,FURN-SAL-009,50.51,18.5,53.95,Lumino Living,0,0,6,11,1,0,62,3131.62,1984.62,1.8
2025-11-03,prod-9,Smart Ambient LED Desk Lamp,Office & Furniture,FURN-SAL-009,51.43,18.5,52.67,Lumino Living,10,1,0,11,0,0,61,2823.51,1695.01,1.8
2025-11-04,prod-9,Smart Ambient LED Desk Lamp,Office & Furniture,FURN-SAL-009,49.1,18.5,50.3,Lumino Living,0,0,1,11,0,0,58,2847.8,1774.8,1.8
2025-11-05,prod-9,Smart Ambient LED Desk Lamp,Office & Furniture,FURN-SAL-009,49.59,18.5,50.63,Lumino Living,0,0,2,11,0,0,55,2727.45,1709.95,1.8
2025-11-06,prod-9,Smart Ambient LED Desk Lamp,Office & Furniture,FURN-SAL-009,51.08,18.5,49.31,Lumino Living,0,0,3,11,0,0,52,2656.16,1694.16,1.8
2025-11-07,prod-9,Smart Ambient LED Desk Lamp,Office & Furniture,FURN-SAL-009,48.1,18.5,47.45,Lumino Living,0,0,4,11,0,0,61,2934.1,1805.6,1.8
2025-11-08,prod-9,Smart Ambient LED Desk Lamp,Office & Furniture,FURN-SAL-009,49.96,18.5,51.39,Lumino Living,0,0,5,11,1,0,54,2697.84,1698.84,1.8
2025-11-09,prod-9,Smart Ambient LED Desk Lamp,Office & Furniture,FURN-SAL-009,49.28,18.5,52.63,Lumino Living,10,1,6,11,1,0,66,2927.23,1706.23,1.8
2025-11-10,prod-9,Smart Ambient LED Desk Lamp,Office & Furniture,FURN-SAL-009,48.43,18.5,51.22,Lumino Living,0,0,0,11,0,0,64,3099.52,1915.52,1.8
2025-11-11,prod-9,Smart Ambient LED Desk Lamp,Office & Furniture,FURN-SAL-009,52.91,18.5,56.04,Lumino Living,0,0,1,11,0,0,53,2804.23,1823.73,1.8
2025-11-12,prod-9,Smart Ambient LED Desk Lamp,Office & Furniture,FURN-SAL-009,47.26,18.5,46.17,Lumino Living,0,0,2,11,0,0,62,2930.12,1783.12,1.8
2025-11-13,prod-9,Smart Ambient LED Desk Lamp,Office & Furniture,FURN-SAL-009,52.28,18.5,52.84,Lumino Living,0,0,3,11,0,0,54,2823.12,1824.12,1.8
2025-11-14,prod-9,Smart Ambient LED Desk Lamp,Office & Furniture,FURN-SAL-009,50.75,18.5,49.97,Lumino Living,0,0,4,11,0,0,56,2842.0,1806.0,1.8
2025-11-15,prod-9,Smart Ambient LED Desk Lamp,Office & Furniture,FURN-SAL-009,48.63,18.5,50.71,Lumino Living,0,0,5,11,1,0,63,3063.69,1898.19,1.8
2025-11-16,prod-9,Smart Ambient LED Desk Lamp,Office & Furniture,FURN-SAL-009,48.66,18.5,51.98,Lumino Living,0,0,6,11,1,0,64,3114.24,1930.24,1.8
2025-11-17,prod-9,Smart Ambient LED Desk Lamp,Office & Furniture,FURN-SAL-009,50.59,18.5,52.37,Lumino Living,0,0,0,11,0,0,56,2833.04,1797.04,1.8
2025-11-18,prod-9,Smart Ambient LED Desk Lamp,Office & Furniture,FURN-SAL-009,49.68,18.5,51.65,Lumino Living,0,0,1,11,0,0,57,2831.76,1777.26,1.8
2025-11-19,prod-9,Smart Ambient LED Desk Lamp,Office & Furniture,FURN-SAL-009,47.68,18.5,50.93,Lumino Living,0,0,2,11,0,0,55,2622.4,1604.9,1.8
2025-11-20,prod-9,Smart Ambient LED Desk Lamp,Office & Furniture,FURN-SAL-009,48.95,18.5,52.53,Lumino Living,0,0,3,11,0,1,77,3769.15,2344.65,1.8
2025-11-21,prod-9,Smart Ambient LED Desk Lamp,Office & Furniture,FURN-SAL-009,52.57,18.5,52.98,Lumino Living,0,0,4,11,0,1,61,3206.77,2078.27,1.8
2025-11-22,prod-9,Smart Ambient LED Desk Lamp,Office & Furniture,FURN-SAL-009,50.41,18.5,49.05,Lumino Living,5,1,5,11,1,1,92,4405.83,2703.83,1.8
2025-11-23,prod-9,Smart Ambient LED Desk Lamp,Office & Furniture,FURN-SAL-009,50.32,18.5,51.31,Lumino Living,0,0,6,11,1,1,85,4277.2,2704.7,1.8
2025-11-24,prod-9,Smart Ambient LED Desk Lamp,Office & Furniture,FURN-SAL-009,49.8,18.5,48.46,Lumino Living,0,0,0,11,0,1,77,3834.6,2410.1,1.8
2025-11-25,prod-9,Smart Ambient LED Desk Lamp,Office & Furniture,FURN-SAL-009,48.1,18.5,50.58,Lumino Living,0,0,1,11,0,1,71,3415.1,2101.6,1.8
2025-11-26,prod-9,Smart Ambient LED Desk Lamp,Office & Furniture,FURN-SAL-009,50.68,18.5,51.32,Lumino Living,0,0,2,11,0,1,70,3547.6,2252.6,1.8
2025-11-27,prod-9,Smart Ambient LED Desk Lamp,Office & Furniture,FURN-SAL-009,47.24,18.5,50.64,Lumino Living,0,0,3,11,0,1,72,3401.28,2069.28,1.8
2025-11-28,prod-9,Smart Ambient LED Desk Lamp,Office & Furniture,FURN-SAL-009,48.25,18.5,48.16,Lumino Living,0,0,4,11,0,1,83,4004.75,2469.25,1.8
2025-11-29,prod-9,Smart Ambient LED Desk Lamp,Office & Furniture,FURN-SAL-009,49.04,18.5,52.67,Lumino Living,0,0,5,11,1,1,77,3776.08,2351.58,1.8
2025-11-30,prod-9,Smart Ambient LED Desk Lamp,Office & Furniture,FURN-SAL-009,48.19,18.5,49.99,Lumino Living,0,0,6,11,1,1,76,3662.44,2256.44,1.8
2025-12-01,prod-9,Smart Ambient LED Desk Lamp,Office & Furniture,FURN-SAL-009,48.74,18.5,47.16,Lumino Living,0,0,0,12,0,0,53,2583.22,1602.72,1.8
2025-12-02,prod-9,Smart Ambient LED Desk Lamp,Office & Furniture,FURN-SAL-009,50.94,18.5,51.59,Lumino Living,0,0,1,12,0,0,47,2394.18,1524.68,1.8
2025-12-03,prod-9,Smart Ambient LED Desk Lamp,Office & Furniture,FURN-SAL-009,48.46,18.5,49.6,Lumino Living,0,0,2,12,0,0,52,2519.92,1557.92,1.8
2025-12-04,prod-9,Smart Ambient LED Desk Lamp,Office & Furniture,FURN-SAL-009,52.77,18.5,51.02,Lumino Living,0,0,3,12,0,0,48,2532.96,1644.96,1.8
2025-12-05,prod-9,Smart Ambient LED Desk Lamp,Office & Furniture,FURN-SAL-009,50.2,18.5,51.92,Lumino Living,0,0,4,12,0,0,59,2961.8,1870.3,1.8
2025-12-06,prod-9,Smart Ambient LED Desk Lamp,Office & Furniture,FURN-SAL-009,49.21,18.5,48.09,Lumino Living,5,1,5,12,1,0,60,2804.97,1694.97,1.8
2025-12-07,prod-9,Smart Ambient LED Desk Lamp,Office & Furniture,FURN-SAL-009,47.01,18.5,45.46,Lumino Living,0,0,6,12,1,0,69,3243.69,1967.19,1.8
2025-12-08,prod-9,Smart Ambient LED Desk Lamp,Office & Furniture,FURN-SAL-009,52.13,18.5,54.81,Lumino Living,0,1,0,12,0,0,44,2293.72,1479.72,1.8
2025-12-09,prod-9,Smart Ambient LED Desk Lamp,Office & Furniture,FURN-SAL-009,51.93,18.5,52.82,Lumino Living,0,0,1,12,0,0,49,2544.57,1638.07,1.8
2025-12-10,prod-9,Smart Ambient LED Desk Lamp,Office & Furniture,FURN-SAL-009,51.1,18.5,51.43,Lumino Living,0,0,2,12,0,0,49,2503.9,1597.4,1.8
2025-12-11,prod-9,Smart Ambient LED Desk Lamp,Office & Furniture,FURN-SAL-009,49.93,18.5,49.43,Lumino Living,0,0,3,12,0,0,56,2796.08,1760.08,1.8
2025-12-12,prod-9,Smart Ambient LED Desk Lamp,Office & Furniture,FURN-SAL-009,49.86,18.5,53.24,Lumino Living,0,0,4,12,0,0,59,2941.74,1850.24,1.8
2025-12-13,prod-9,Smart Ambient LED Desk Lamp,Office & Furniture,FURN-SAL-009,48.33,18.5,48.06,Lumino Living,0,0,5,12,1,0,72,3479.76,2147.76,1.8
2025-12-14,prod-9,Smart Ambient LED Desk Lamp,Office & Furniture,FURN-SAL-009,49.32,18.5,48.87,Lumino Living,0,0,6,12,1,0,66,3255.12,2034.12,1.8
2025-12-15,prod-9,Smart Ambient LED Desk Lamp,Office & Furniture,FURN-SAL-009,49.58,18.5,49.38,Lumino Living,15,1,0,12,0,1,101,4256.44,2387.94,1.8
2025-12-16,prod-9,Smart Ambient LED Desk Lamp,Office & Furniture,FURN-SAL-009,50.24,18.5,49.6,Lumino Living,0,0,1,12,0,1,76,3818.24,2412.24,1.8
2025-12-17,prod-9,Smart Ambient LED Desk Lamp,Office & Furniture,FURN-SAL-009,49.11,18.5,52.7,Lumino Living,0,0,2,12,0,1,71,3486.81,2173.31,1.8
2025-12-18,prod-9,Smart Ambient LED Desk Lamp,Office & Furniture,FURN-SAL-009,51.39,18.5,52.07,Lumino Living,0,0,3,12,0,1,65,3340.35,2137.85,1.8
2025-12-19,prod-9,Smart Ambient LED Desk Lamp,Office & Furniture,FURN-SAL-009,48.95,18.5,49.34,Lumino Living,0,0,4,12,0,1,68,3328.6,2070.6,1.8
2025-12-20,prod-9,Smart Ambient LED Desk Lamp,Office & Furniture,FURN-SAL-009,48.29,18.5,47.47,Lumino Living,0,0,5,12,1,1,90,4346.1,2681.1,1.8
2025-12-21,prod-9,Smart Ambient LED Desk Lamp,Office & Furniture,FURN-SAL-009,50.95,18.5,52.7,Lumino Living,0,0,6,12,1,1,75,3821.25,2433.75,1.8
2025-12-22,prod-9,Smart Ambient LED Desk Lamp,Office & Furniture,FURN-SAL-009,51.57,18.5,52.03,Lumino Living,0,0,0,12,0,1,62,3197.34,2050.34,1.8
2025-12-23,prod-9,Smart Ambient LED Desk Lamp,Office & Furniture,FURN-SAL-009,47.84,18.5,46.55,Lumino Living,0,0,1,12,0,1,73,3492.32,2141.82,1.8
2025-12-24,prod-9,Smart Ambient LED Desk Lamp,Office & Furniture,FURN-SAL-009,51.99,18.5,54.74,Lumino Living,0,0,2,12,0,1,59,3067.41,1975.91,1.8
2025-12-25,prod-9,Smart Ambient LED Desk Lamp,Office & Furniture,FURN-SAL-009,48.29,18.5,49.56,Lumino Living,0,0,3,12,0,1,73,3525.17,2174.67,1.8
2025-12-26,prod-9,Smart Ambient LED Desk Lamp,Office & Furniture,FURN-SAL-009,50.09,18.5,49.17,Lumino Living,0,0,4,12,0,1,74,3706.66,2337.66,1.8
2025-12-27,prod-9,Smart Ambient LED Desk Lamp,Office & Furniture,FURN-SAL-009,49.31,18.5,51.28,Lumino Living,0,0,5,12,1,1,84,4142.04,2588.04,1.8
2025-12-28,prod-9,Smart Ambient LED Desk Lamp,Office & Furniture,FURN-SAL-009,50.37,18.5,49.3,Lumino Living,0,0,6,12,1,1,81,4079.97,2581.47,1.8
2025-12-29,prod-9,Smart Ambient LED Desk Lamp,Office & Furniture,FURN-SAL-009,48.18,18.5,48.63,Lumino Living,0,0,0,12,0,1,82,3950.76,2433.76,1.8
2025-12-30,prod-9,Smart Ambient LED Desk Lamp,Office & Furniture,FURN-SAL-009,47.77,18.5,51.2,Lumino Living,0,0,1,12,0,1,85,4060.45,2487.95,1.8
2025-12-31,prod-9,Smart Ambient LED Desk Lamp,Office & Furniture,FURN-SAL-009,50.66,18.5,53.1,Lumino Living,0,0,2,12,0,1,72,3647.52,2315.52,1.8
2026-01-01,prod-9,Smart Ambient LED Desk Lamp,Office & Furniture,FURN-SAL-009,51.71,18.5,50.17,Lumino Living,0,1,3,1,0,1,64,3309.44,2125.44,1.8
2026-01-02,prod-9,Smart Ambient LED Desk Lamp,Office & Furniture,FURN-SAL-009,47.53,18.5,50.94,Lumino Living,0,0,4,1,0,1,82,3897.46,2380.46,1.8
2026-01-03,prod-9,Smart Ambient LED Desk Lamp,Office & Furniture,FURN-SAL-009,52.74,18.5,52.58,Lumino Living,10,1,5,1,1,1,86,4082.08,2491.08,1.8
2026-01-04,prod-9,Smart Ambient LED Desk Lamp,Office & Furniture,FURN-SAL-009,51.96,18.5,52.84,Lumino Living,0,0,6,1,1,1,68,3533.28,2275.28,1.8
2026-01-05,prod-9,Smart Ambient LED Desk Lamp,Office & Furniture,FURN-SAL-009,47.6,18.5,48.91,Lumino Living,0,0,0,1,0,1,71,3379.6,2066.1,1.8
2026-01-06,prod-9,Smart Ambient LED Desk Lamp,Office & Furniture,FURN-SAL-009,49.48,18.5,50.66,Lumino Living,0,0,1,1,0,0,51,2523.48,1579.98,1.8
2026-01-07,prod-9,Smart Ambient LED Desk Lamp,Office & Furniture,FURN-SAL-009,50.3,18.5,51.12,Lumino Living,0,0,2,1,0,0,56,2816.8,1780.8,1.8
2026-01-08,prod-9,Smart Ambient LED Desk Lamp,Office & Furniture,FURN-SAL-009,52.41,18.5,56.45,Lumino Living,0,0,3,1,0,0,45,2358.45,1525.95,1.8
2026-01-09,prod-9,Smart Ambient LED Desk Lamp,Office & Furniture,FURN-SAL-009,49.66,18.5,52.18,Lumino Living,0,0,4,1,0,0,53,2631.98,1651.48,1.8
2026-01-10,prod-9,Smart Ambient LED Desk Lamp,Office & Furniture,FURN-SAL-009,49.27,18.5,48.31,Lumino Living,10,1,5,1,1,0,83,3680.47,2144.97,1.8
2026-01-11,prod-9,Smart Ambient LED Desk Lamp,Office & Furniture,FURN-SAL-009,50.5,18.5,49.58,Lumino Living,0,0,6,1,1,0,66,3333.0,2112.0,1.8
2026-01-12,prod-9,Smart Ambient LED Desk Lamp,Office & Furniture,FURN-SAL-009,52.67,18.5,54.15,Lumino Living,0,0,0,1,0,0,55,2896.85,1879.35,1.8
2026-01-13,prod-9,Smart Ambient LED Desk Lamp,Office & Furniture,FURN-SAL-009,52.31,18.5,50.65,Lumino Living,0,0,1,1,0,0,47,2458.57,1589.07,1.8
2026-01-14,prod-9,Smart Ambient LED Desk Lamp,Office & Furniture,FURN-SAL-009,49.35,18.5,48.26,Lumino Living,0,0,2,1,0,0,59,2911.65,1820.15,1.8
2026-01-15,prod-9,Smart Ambient LED Desk Lamp,Office & Furniture,FURN-SAL-009,51.0,18.5,54.84,Lumino Living,0,0,3,1,0,0,55,2805.0,1787.5,1.8
2026-01-16,prod-9,Smart Ambient LED Desk Lamp,Office & Furniture,FURN-SAL-009,52.68,18.5,51.1,Lumino Living,0,0,4,1,0,0,53,2792.04,1811.54,1.8
2026-01-17,prod-9,Smart Ambient LED Desk Lamp,Office & Furniture,FURN-SAL-009,47.09,18.5,50.24,Lumino Living,0,0,5,1,1,0,62,2919.58,1772.58,1.8
2026-01-18,prod-9,Smart Ambient LED Desk Lamp,Office & Furniture,FURN-SAL-009,52.1,18.5,51.22,Lumino Living,0,0,6,1,1,0,57,2969.7,1915.2,1.8
2026-01-19,prod-9,Smart Ambient LED Desk Lamp,Office & Furniture,FURN-SAL-009,52.49,18.5,53.47,Lumino Living,0,0,0,1,0,0,44,2309.56,1495.56,1.8
2026-01-20,prod-9,Smart Ambient LED Desk Lamp,Office & Furniture,FURN-SAL-009,48.42,18.5,48.26,Lumino Living,0,0,1,1,0,0,56,2711.52,1675.52,1.8
2026-01-21,prod-9,Smart Ambient LED Desk Lamp,Office & Furniture,FURN-SAL-009,47.23,18.5,49.59,Lumino Living,0,0,2,1,0,0,59,2786.57,1695.07,1.8
2026-01-22,prod-9,Smart Ambient LED Desk Lamp,Office & Furniture,FURN-SAL-009,47.47,18.5,48.71,Lumino Living,0,0,3,1,0,0,66,3133.02,1912.02,1.8
2026-01-23,prod-9,Smart Ambient LED Desk Lamp,Office & Furniture,FURN-SAL-009,50.73,18.5,53.17,Lumino Living,15,1,4,1,0,0,66,2845.95,1624.95,1.8
2026-01-24,prod-9,Smart Ambient LED Desk Lamp,Office & Furniture,FURN-SAL-009,49.81,18.5,50.14,Lumino Living,0,0,5,1,1,0,58,2888.98,1815.98,1.8
2026-01-25,prod-9,Smart Ambient LED Desk Lamp,Office & Furniture,FURN-SAL-009,49.24,18.5,49.44,Lumino Living,0,0,6,1,1,0,70,3446.8,2151.8,1.8
2026-01-26,prod-9,Smart Ambient LED Desk Lamp,Office & Furniture,FURN-SAL-009,49.54,18.5,51.76,Lumino Living,0,0,0,1,0,0,53,2625.62,1645.12,1.8
2026-01-27,prod-9,Smart Ambient LED Desk Lamp,Office & Furniture,FURN-SAL-009,48.56,18.5,47.74,Lumino Living,0,0,1,1,0,0,51,2476.56,1533.06,1.8
2026-01-28,prod-9,Smart Ambient LED Desk Lamp,Office & Furniture,FURN-SAL-009,49.69,18.5,51.71,Lumino Living,0,0,2,1,0,0,60,2981.4,1871.4,1.8
2026-01-29,prod-9,Smart Ambient LED Desk Lamp,Office & Furniture,FURN-SAL-009,52.16,18.5,55.68,Lumino Living,5,1,3,1,0,0,59,2923.57,1832.07,1.8
2026-01-30,prod-9,Smart Ambient LED Desk Lamp,Office & Furniture,FURN-SAL-009,47.63,18.5,46.15,Lumino Living,0,0,4,1,0,0,54,2572.02,1573.02,1.8
2026-01-31,prod-9,Smart Ambient LED Desk Lamp,Office & Furniture,FURN-SAL-009,51.8,18.5,54.57,Lumino Living,0,0,5,1,1,0,50,2590.0,1665.0,1.8
2026-02-01,prod-9,Smart Ambient LED Desk Lamp,Office & Furniture,FURN-SAL-009,47.07,18.5,49.75,Lumino Living,0,0,6,2,1,0,70,3294.9,1999.9,1.8
2026-02-02,prod-9,Smart Ambient LED Desk Lamp,Office & Furniture,FURN-SAL-009,47.93,18.5,49.61,Lumino Living,0,0,0,2,0,0,58,2779.94,1706.94,1.8
2026-02-03,prod-9,Smart Ambient LED Desk Lamp,Office & Furniture,FURN-SAL-009,52.23,18.5,55.07,Lumino Living,0,1,1,2,0,0,45,2350.35,1517.85,1.8
2026-02-04,prod-9,Smart Ambient LED Desk Lamp,Office & Furniture,FURN-SAL-009,47.82,18.5,51.18,Lumino Living,0,0,2,2,0,0,54,2582.28,1583.28,1.8
2026-02-05,prod-9,Smart Ambient LED Desk Lamp,Office & Furniture,FURN-SAL-009,51.3,18.5,49.81,Lumino Living,0,0,3,2,0,0,54,2770.2,1771.2,1.8
2026-02-06,prod-9,Smart Ambient LED Desk Lamp,Office & Furniture,FURN-SAL-009,48.25,18.5,50.47,Lumino Living,0,0,4,2,0,0,60,2895.0,1785.0,1.8
2026-02-07,prod-9,Smart Ambient LED Desk Lamp,Office & Furniture,FURN-SAL-009,48.15,18.5,50.95,Lumino Living,0,0,5,2,1,0,65,3129.75,1927.25,1.8
2026-02-08,prod-9,Smart Ambient LED Desk Lamp,Office & Furniture,FURN-SAL-009,51.23,18.5,52.07,Lumino Living,0,0,6,2,1,0,59,3022.57,1931.07,1.8
2026-02-09,prod-9,Smart Ambient LED Desk Lamp,Office & Furniture,FURN-SAL-009,52.15,18.5,52.83,Lumino Living,0,0,0,2,0,0,45,2346.75,1514.25,1.8
2026-02-10,prod-9,Smart Ambient LED Desk Lamp,Office & Furniture,FURN-SAL-009,52.83,18.5,52.39,Lumino Living,0,0,1,2,0,0,50,2641.5,1716.5,1.8
2026-02-11,prod-9,Smart Ambient LED Desk Lamp,Office & Furniture,FURN-SAL-009,48.13,18.5,46.92,Lumino Living,0,0,2,2,0,0,54,2599.02,1600.02,1.8
2026-02-12,prod-9,Smart Ambient LED Desk Lamp,Office & Furniture,FURN-SAL-009,52.08,18.5,54.72,Lumino Living,0,0,3,2,0,0,49,2551.92,1645.42,1.8
2026-02-13,prod-9,Smart Ambient LED Desk Lamp,Office & Furniture,FURN-SAL-009,52.01,18.5,51.78,Lumino Living,0,0,4,2,0,0,52,2704.52,1742.52,1.8
2026-02-14,prod-9,Smart Ambient LED Desk Lamp,Office & Furniture,FURN-SAL-009,48.3,18.5,47.82,Lumino Living,0,0,5,2,1,0,61,2946.3,1817.8,1.8
2026-02-15,prod-9,Smart Ambient LED Desk Lamp,Office & Furniture,FURN-SAL-009,47.03,18.5,50.17,Lumino Living,0,0,6,2,1,0,64,3009.92,1825.92,1.8
2026-02-16,prod-9,Smart Ambient LED Desk Lamp,Office & Furniture,FURN-SAL-009,47.96,18.5,46.4,Lumino Living,0,0,0,2,0,0,64,3069.44,1885.44,1.8
2026-02-17,prod-9,Smart Ambient LED Desk Lamp,Office & Furniture,FURN-SAL-009,47.35,18.5,49.75,Lumino Living,0,0,1,2,0,0,62,2935.7,1788.7,1.8
2026-02-18,prod-9,Smart Ambient LED Desk Lamp,Office & Furniture,FURN-SAL-009,52.38,18.5,53.09,Lumino Living,0,0,2,2,0,0,52,2723.76,1761.76,1.8
2026-02-19,prod-9,Smart Ambient LED Desk Lamp,Office & Furniture,FURN-SAL-009,48.9,18.5,51.47,Lumino Living,0,0,3,2,0,0,59,2885.1,1793.6,1.8
2026-02-20,prod-9,Smart Ambient LED Desk Lamp,Office & Furniture,FURN-SAL-009,50.62,18.5,54.42,Lumino Living,0,0,4,2,0,0,56,2834.72,1798.72,1.8
2026-02-21,prod-9,Smart Ambient LED Desk Lamp,Office & Furniture,FURN-SAL-009,48.9,18.5,49.05,Lumino Living,0,0,5,2,1,0,61,2982.9,1854.4,1.8
2026-02-22,prod-9,Smart Ambient LED Desk Lamp,Office & Furniture,FURN-SAL-009,48.79,18.5,49.7,Lumino Living,0,0,6,2,1,0,67,3268.93,2029.43,1.8
2026-02-23,prod-9,Smart Ambient LED Desk Lamp,Office & Furniture,FURN-SAL-009,48.36,18.5,47.42,Lumino Living,0,0,0,2,0,0,56,2708.16,1672.16,1.8
2026-02-24,prod-9,Smart Ambient LED Desk Lamp,Office & Furniture,FURN-SAL-009,52.27,18.5,52.21,Lumino Living,0,0,1,2,0,0,55,2874.85,1857.35,1.8
2026-02-25,prod-9,Smart Ambient LED Desk Lamp,Office & Furniture,FURN-SAL-009,49.41,18.5,52.58,Lumino Living,0,0,2,2,0,0,51,2519.91,1576.41,1.8
2026-02-26,prod-9,Smart Ambient LED Desk Lamp,Office & Furniture,FURN-SAL-009,51.42,18.5,51.74,Lumino Living,0,0,3,2,0,0,56,2879.52,1843.52,1.8
2026-02-27,prod-9,Smart Ambient LED Desk Lamp,Office & Furniture,FURN-SAL-009,51.72,18.5,52.02,Lumino Living,0,0,4,2,0,0,47,2430.84,1561.34,1.8
2026-02-28,prod-9,Smart Ambient LED Desk Lamp,Office & Furniture,FURN-SAL-009,49.18,18.5,49.78,Lumino Living,0,0,5,2,1,0,69,3393.42,2116.92,1.8
2026-03-01,prod-9,Smart Ambient LED Desk Lamp,Office & Furniture,FURN-SAL-009,47.9,18.5,51.42,Lumino Living,0,0,6,3,1,0,58,2778.2,1705.2,1.8
2026-03-02,prod-9,Smart Ambient LED Desk Lamp,Office & Furniture,FURN-SAL-009,49.82,18.5,49.45,Lumino Living,0,0,0,3,0,0,54,2690.28,1691.28,1.8
2026-03-03,prod-9,Smart Ambient LED Desk Lamp,Office & Furniture,FURN-SAL-009,47.94,18.5,50.8,Lumino Living,0,0,1,3,0,0,55,2636.7,1619.2,1.8
2026-03-04,prod-9,Smart Ambient LED Desk Lamp,Office & Furniture,FURN-SAL-009,48.13,18.5,49.71,Lumino Living,0,0,2,3,0,0,57,2743.41,1688.91,1.8
2026-03-05,prod-9,Smart Ambient LED Desk Lamp,Office & Furniture,FURN-SAL-009,52.1,18.5,53.06,Lumino Living,0,0,3,3,0,0,48,2500.8,1612.8,1.8
2026-03-06,prod-9,Smart Ambient LED Desk Lamp,Office & Furniture,FURN-SAL-009,47.63,18.5,51.17,Lumino Living,0,0,4,3,0,0,61,2905.43,1776.93,1.8
2026-03-07,prod-9,Smart Ambient LED Desk Lamp,Office & Furniture,FURN-SAL-009,47.84,18.5,48.9,Lumino Living,0,0,5,3,1,0,61,2918.24,1789.74,1.8
2026-03-08,prod-9,Smart Ambient LED Desk Lamp,Office & Furniture,FURN-SAL-009,49.93,18.5,53.67,Lumino Living,0,0,6,3,1,0,58,2895.94,1822.94,1.8
2026-03-09,prod-9,Smart Ambient LED Desk Lamp,Office & Furniture,FURN-SAL-009,48.85,18.5,50.52,Lumino Living,0,0,0,3,0,0,58,2833.3,1760.3,1.8
2026-03-10,prod-9,Smart Ambient LED Desk Lamp,Office & Furniture,FURN-SAL-009,50.17,18.5,50.22,Lumino Living,0,0,1,3,0,0,56,2809.52,1773.52,1.8
2026-03-11,prod-9,Smart Ambient LED Desk Lamp,Office & Furniture,FURN-SAL-009,47.76,18.5,49.09,Lumino Living,0,0,2,3,0,0,52,2483.52,1521.52,1.8
2026-03-12,prod-9,Smart Ambient LED Desk Lamp,Office & Furniture,FURN-SAL-009,49.21,18.5,48.69,Lumino Living,0,0,3,3,0,0,58,2854.18,1781.18,1.8
2026-03-13,prod-9,Smart Ambient LED Desk Lamp,Office & Furniture,FURN-SAL-009,52.45,18.5,56.03,Lumino Living,0,0,4,3,0,0,54,2832.3,1833.3,1.8
2026-03-14,prod-9,Smart Ambient LED Desk Lamp,Office & Furniture,FURN-SAL-009,49.85,18.5,49.53,Lumino Living,0,0,5,3,1,0,65,3240.25,2037.75,1.8
2026-03-15,prod-9,Smart Ambient LED Desk Lamp,Office & Furniture,FURN-SAL-009,51.18,18.5,54.67,Lumino Living,0,0,6,3,1,0,62,3173.16,2026.16,1.8
2026-03-16,prod-9,Smart Ambient LED Desk Lamp,Office & Furniture,FURN-SAL-009,50.42,18.5,53.92,Lumino Living,0,0,0,3,0,0,55,2773.1,1755.6,1.8
2026-03-17,prod-9,Smart Ambient LED Desk Lamp,Office & Furniture,FURN-SAL-009,51.87,18.5,51.35,Lumino Living,0,0,1,3,0,0,55,2852.85,1835.35,1.8
2026-03-18,prod-9,Smart Ambient LED Desk Lamp,Office & Furniture,FURN-SAL-009,48.87,18.5,52.08,Lumino Living,0,0,2,3,0,0,52,2541.24,1579.24,1.8
2026-03-19,prod-9,Smart Ambient LED Desk Lamp,Office & Furniture,FURN-SAL-009,48.92,18.5,50.07,Lumino Living,0,0,3,3,0,0,62,3033.04,1886.04,1.8
2026-03-20,prod-9,Smart Ambient LED Desk Lamp,Office & Furniture,FURN-SAL-009,52.67,18.5,55.16,Lumino Living,15,1,4,3,0,0,71,3178.63,1865.13,1.8
2026-03-21,prod-9,Smart Ambient LED Desk Lamp,Office & Furniture,FURN-SAL-009,51.74,18.5,51.39,Lumino Living,0,0,5,3,1,0,62,3207.88,2060.88,1.8
2026-03-22,prod-9,Smart Ambient LED Desk Lamp,Office & Furniture,FURN-SAL-009,47.34,18.5,46.85,Lumino Living,0,0,6,3,1,0,64,3029.76,1845.76,1.8
2026-03-23,prod-9,Smart Ambient LED Desk Lamp,Office & Furniture,FURN-SAL-009,51.94,18.5,52.87,Lumino Living,0,0,0,3,0,0,48,2493.12,1605.12,1.8
2026-03-24,prod-9,Smart Ambient LED Desk Lamp,Office & Furniture,FURN-SAL-009,48.91,18.5,52.74,Lumino Living,0,0,1,3,0,0,57,2787.87,1733.37,1.8
2026-03-25,prod-9,Smart Ambient LED Desk Lamp,Office & Furniture,FURN-SAL-009,51.93,18.5,53.88,Lumino Living,0,0,2,3,0,0,52,2700.36,1738.36,1.8
2026-03-26,prod-9,Smart Ambient LED Desk Lamp,Office & Furniture,FURN-SAL-009,47.71,18.5,50.0,Lumino Living,0,0,3,3,0,0,55,2624.05,1606.55,1.8
2026-03-27,prod-9,Smart Ambient LED Desk Lamp,Office & Furniture,FURN-SAL-009,51.78,18.5,51.46,Lumino Living,0,0,4,3,0,0,50,2589.0,1664.0,1.8
2026-03-28,prod-9,Smart Ambient LED Desk Lamp,Office & Furniture,FURN-SAL-009,51.9,18.5,49.89,Lumino Living,0,0,5,3,1,0,52,2698.8,1736.8,1.8
2026-03-29,prod-9,Smart Ambient LED Desk Lamp,Office & Furniture,FURN-SAL-009,47.14,18.5,48.94,Lumino Living,0,0,6,3,1,0,61,2875.54,1747.04,1.8
2026-03-30,prod-9,Smart Ambient LED Desk Lamp,Office & Furniture,FURN-SAL-009,49.78,18.5,53.22,Lumino Living,0,0,0,3,0,0,56,2787.68,1751.68,1.8
2026-03-31,prod-9,Smart Ambient LED Desk Lamp,Office & Furniture,FURN-SAL-009,50.32,18.5,51.89,Lumino Living,0,0,1,3,0,0,48,2415.36,1527.36,1.8
2026-04-01,prod-9,Smart Ambient LED Desk Lamp,Office & Furniture,FURN-SAL-009,48.63,18.5,48.3,Lumino Living,0,0,2,4,0,0,56,2723.28,1687.28,1.8
2026-04-02,prod-9,Smart Ambient LED Desk Lamp,Office & Furniture,FURN-SAL-009,47.97,18.5,46.79,Lumino Living,0,0,3,4,0,0,53,2542.41,1561.91,1.8
2026-04-03,prod-9,Smart Ambient LED Desk Lamp,Office & Furniture,FURN-SAL-009,52.2,18.5,53.57,Lumino Living,0,0,4,4,0,0,48,2505.6,1617.6,1.8
2026-04-04,prod-9,Smart Ambient LED Desk Lamp,Office & Furniture,FURN-SAL-009,51.31,18.5,52.64,Lumino Living,0,0,5,4,1,0,60,3078.6,1968.6,1.8
2026-04-05,prod-9,Smart Ambient LED Desk Lamp,Office & Furniture,FURN-SAL-009,49.36,18.5,49.32,Lumino Living,0,0,6,4,1,0,55,2714.8,1697.3,1.8
2026-04-06,prod-9,Smart Ambient LED Desk Lamp,Office & Furniture,FURN-SAL-009,48.69,18.5,50.05,Lumino Living,0,0,0,4,0,0,62,3018.78,1871.78,1.8
2026-04-07,prod-9,Smart Ambient LED Desk Lamp,Office & Furniture,FURN-SAL-009,47.33,18.5,49.51,Lumino Living,0,0,1,4,0,0,54,2555.82,1556.82,1.8
2026-04-08,prod-9,Smart Ambient LED Desk Lamp,Office & Furniture,FURN-SAL-009,47.4,18.5,46.37,Lumino Living,0,0,2,4,0,0,66,3128.4,1907.4,1.8
2026-04-09,prod-9,Smart Ambient LED Desk Lamp,Office & Furniture,FURN-SAL-009,48.4,18.5,50.85,Lumino Living,0,0,3,4,0,0,55,2662.0,1644.5,1.8
2026-04-10,prod-9,Smart Ambient LED Desk Lamp,Office & Furniture,FURN-SAL-009,49.47,18.5,51.95,Lumino Living,0,0,4,4,0,0,56,2770.32,1734.32,1.8
2026-04-11,prod-9,Smart Ambient LED Desk Lamp,Office & Furniture,FURN-SAL-009,50.14,18.5,52.0,Lumino Living,0,0,5,4,1,0,55,2757.7,1740.2,1.8
2026-04-12,prod-9,Smart Ambient LED Desk Lamp,Office & Furniture,FURN-SAL-009,51.93,18.5,54.93,Lumino Living,0,0,6,4,1,0,51,2648.43,1704.93,1.8
2026-04-13,prod-9,Smart Ambient LED Desk Lamp,Office & Furniture,FURN-SAL-009,52.46,18.5,52.0,Lumino Living,0,0,0,4,0,0,51,2675.46,1731.96,1.8
2026-04-14,prod-9,Smart Ambient LED Desk Lamp,Office & Furniture,FURN-SAL-009,50.34,18.5,48.64,Lumino Living,0,0,1,4,0,0,50,2517.0,1592.0,1.8
2026-04-15,prod-9,Smart Ambient LED Desk Lamp,Office & Furniture,FURN-SAL-009,47.24,18.5,46.59,Lumino Living,0,0,2,4,0,0,55,2598.2,1580.7,1.8
2026-04-16,prod-9,Smart Ambient LED Desk Lamp,Office & Furniture,FURN-SAL-009,52.21,18.5,53.26,Lumino Living,0,0,3,4,0,0,53,2767.13,1786.63,1.8
2026-04-17,prod-9,Smart Ambient LED Desk Lamp,Office & Furniture,FURN-SAL-009,51.01,18.5,49.09,Lumino Living,0,0,4,4,0,0,52,2652.52,1690.52,1.8
2026-04-18,prod-9,Smart Ambient LED Desk Lamp,Office & Furniture,FURN-SAL-009,51.01,18.5,53.24,Lumino Living,0,0,5,4,1,0,52,2652.52,1690.52,1.8
2026-04-19,prod-9,Smart Ambient LED Desk Lamp,Office & Furniture,FURN-SAL-009,50.53,18.5,49.78,Lumino Living,0,0,6,4,1,0,52,2627.56,1665.56,1.8
2026-04-20,prod-9,Smart Ambient LED Desk Lamp,Office & Furniture,FURN-SAL-009,51.2,18.5,52.73,Lumino Living,0,0,0,4,0,0,57,2918.4,1863.9,1.8
2026-04-21,prod-9,Smart Ambient LED Desk Lamp,Office & Furniture,FURN-SAL-009,47.98,18.5,47.29,Lumino Living,0,0,1,4,0,0,64,3070.72,1886.72,1.8
2026-04-22,prod-9,Smart Ambient LED Desk Lamp,Office & Furniture,FURN-SAL-009,51.46,18.5,51.14,Lumino Living,0,0,2,4,0,0,52,2675.92,1713.92,1.8
2026-04-23,prod-9,Smart Ambient LED Desk Lamp,Office & Furniture,FURN-SAL-009,47.95,18.5,47.19,Lumino Living,0,0,3,4,0,0,56,2685.2,1649.2,1.8
2026-04-24,prod-9,Smart Ambient LED Desk Lamp,Office & Furniture,FURN-SAL-009,48.95,18.5,48.52,Lumino Living,10,1,4,4,0,0,67,2951.68,1712.19,1.8
2026-04-25,prod-9,Smart Ambient LED Desk Lamp,Office & Furniture,FURN-SAL-009,49.66,18.5,53.44,Lumino Living,0,0,5,4,1,0,65,3227.9,2025.4,1.8
2026-04-26,prod-9,Smart Ambient LED Desk Lamp,Office & Furniture,FURN-SAL-009,48.22,18.5,46.94,Lumino Living,0,0,6,4,1,0,59,2844.98,1753.48,1.8
2026-04-27,prod-9,Smart Ambient LED Desk Lamp,Office & Furniture,FURN-SAL-009,52.59,18.5,51.78,Lumino Living,0,0,0,4,0,0,52,2734.68,1772.68,1.8
2026-04-28,prod-9,Smart Ambient LED Desk Lamp,Office & Furniture,FURN-SAL-009,48.78,18.5,50.87,Lumino Living,0,0,1,4,0,0,58,2829.24,1756.24,1.8
2026-04-29,prod-9,Smart Ambient LED Desk Lamp,Office & Furniture,FURN-SAL-009,48.81,18.5,49.57,Lumino Living,0,0,2,4,0,0,53,2586.93,1606.43,1.8
2026-04-30,prod-9,Smart Ambient LED Desk Lamp,Office & Furniture,FURN-SAL-009,52.33,18.5,55.53,Lumino Living,0,0,3,4,0,0,44,2302.52,1488.52,1.8
2026-05-01,prod-9,Smart Ambient LED Desk Lamp,Office & Furniture,FURN-SAL-009,47.06,18.5,49.86,Lumino Living,0,0,4,5,0,0,56,2635.36,1599.36,1.8
2026-05-02,prod-9,Smart Ambient LED Desk Lamp,Office & Furniture,FURN-SAL-009,52.67,18.5,53.02,Lumino Living,0,0,5,5,1,0,62,3265.54,2118.54,1.8
2026-05-03,prod-9,Smart Ambient LED Desk Lamp,Office & Furniture,FURN-SAL-009,50.6,18.5,49.58,Lumino Living,0,0,6,5,1,0,60,3036.0,1926.0,1.8
2026-05-04,prod-9,Smart Ambient LED Desk Lamp,Office & Furniture,FURN-SAL-009,48.7,18.5,52.52,Lumino Living,0,0,0,5,0,0,53,2581.1,1600.6,1.8
2026-05-05,prod-9,Smart Ambient LED Desk Lamp,Office & Furniture,FURN-SAL-009,50.69,18.5,54.04,Lumino Living,0,0,1,5,0,0,54,2737.26,1738.26,1.8
2026-05-06,prod-9,Smart Ambient LED Desk Lamp,Office & Furniture,FURN-SAL-009,52.13,18.5,55.97,Lumino Living,0,0,2,5,0,0,48,2502.24,1614.24,1.8
2026-05-07,prod-9,Smart Ambient LED Desk Lamp,Office & Furniture,FURN-SAL-009,49.28,18.5,50.67,Lumino Living,0,0,3,5,0,0,50,2464.0,1539.0,1.8
2026-05-08,prod-9,Smart Ambient LED Desk Lamp,Office & Furniture,FURN-SAL-009,48.28,18.5,47.45,Lumino Living,0,0,4,5,0,0,63,3041.64,1876.14,1.8
2026-05-09,prod-9,Smart Ambient LED Desk Lamp,Office & Furniture,FURN-SAL-009,47.45,18.5,47.93,Lumino Living,0,1,5,5,1,0,73,3463.85,2113.35,1.8
2026-05-10,prod-9,Smart Ambient LED Desk Lamp,Office & Furniture,FURN-SAL-009,48.8,18.5,48.39,Lumino Living,0,0,6,5,1,0,69,3367.2,2090.7,1.8
2026-05-11,prod-9,Smart Ambient LED Desk Lamp,Office & Furniture,FURN-SAL-009,51.79,18.5,50.99,Lumino Living,0,0,0,5,0,0,54,2796.66,1797.66,1.8
2026-05-12,prod-9,Smart Ambient LED Desk Lamp,Office & Furniture,FURN-SAL-009,51.08,18.5,49.22,Lumino Living,0,0,1,5,0,0,52,2656.16,1694.16,1.8
2026-05-13,prod-9,Smart Ambient LED Desk Lamp,Office & Furniture,FURN-SAL-009,47.08,18.5,45.68,Lumino Living,0,0,2,5,0,0,66,3107.28,1886.28,1.8
2026-05-14,prod-9,Smart Ambient LED Desk Lamp,Office & Furniture,FURN-SAL-009,50.47,18.5,51.83,Lumino Living,0,0,3,5,0,0,56,2826.32,1790.32,1.8
2026-05-15,prod-9,Smart Ambient LED Desk Lamp,Office & Furniture,FURN-SAL-009,49.87,18.5,52.25,Lumino Living,0,0,4,5,0,0,49,2443.63,1537.13,1.8
2026-05-16,prod-9,Smart Ambient LED Desk Lamp,Office & Furniture,FURN-SAL-009,51.06,18.5,49.2,Lumino Living,0,0,5,5,1,0,63,3216.78,2051.28,1.8
2026-05-17,prod-9,Smart Ambient LED Desk Lamp,Office & Furniture,FURN-SAL-009,49.46,18.5,53.26,Lumino Living,0,0,6,5,1,0,55,2720.3,1702.8,1.8
2026-05-18,prod-9,Smart Ambient LED Desk Lamp,Office & Furniture,FURN-SAL-009,47.37,18.5,49.85,Lumino Living,0,0,0,5,0,0,57,2700.09,1645.59,1.8
2026-05-19,prod-9,Smart Ambient LED Desk Lamp,Office & Furniture,FURN-SAL-009,49.87,18.5,52.67,Lumino Living,10,1,1,5,0,0,73,3276.46,1925.96,1.8
2026-05-20,prod-9,Smart Ambient LED Desk Lamp,Office & Furniture,FURN-SAL-009,48.12,18.5,50.18,Lumino Living,0,0,2,5,0,0,65,3127.8,1925.3,1.8
2026-05-21,prod-9,Smart Ambient LED Desk Lamp,Office & Furniture,FURN-SAL-009,47.26,18.5,48.56,Lumino Living,0,0,3,5,0,0,61,2882.86,1754.36,1.8
2026-05-22,prod-9,Smart Ambient LED Desk Lamp,Office & Furniture,FURN-SAL-009,51.21,18.5,54.03,Lumino Living,0,0,4,5,0,0,55,2816.55,1799.05,1.8
2026-05-23,prod-9,Smart Ambient LED Desk Lamp,Office & Furniture,FURN-SAL-009,48.71,18.5,47.28,Lumino Living,0,0,5,5,1,0,69,3360.99,2084.49,1.8
2026-05-24,prod-9,Smart Ambient LED Desk Lamp,Office & Furniture,FURN-SAL-009,50.26,18.5,50.5,Lumino Living,0,0,6,5,1,0,63,3166.38,2000.88,1.8
2026-05-25,prod-9,Smart Ambient LED Desk Lamp,Office & Furniture,FURN-SAL-009,50.23,18.5,50.15,Lumino Living,0,0,0,5,0,0,52,2611.96,1649.96,1.8
2026-05-26,prod-9,Smart Ambient LED Desk Lamp,Office & Furniture,FURN-SAL-009,50.47,18.5,50.7,Lumino Living,0,0,1,5,0,0,57,2876.79,1822.29,1.8
2026-05-27,prod-9,Smart Ambient LED Desk Lamp,Office & Furniture,FURN-SAL-009,47.88,18.5,49.83,Lumino Living,0,0,2,5,0,0,61,2920.68,1792.18,1.8
2026-05-28,prod-9,Smart Ambient LED Desk Lamp,Office & Furniture,FURN-SAL-009,49.44,18.5,53.17,Lumino Living,10,1,3,5,0,0,73,3248.21,1897.71,1.8
2026-05-29,prod-9,Smart Ambient LED Desk Lamp,Office & Furniture,FURN-SAL-009,48.99,18.5,49.14,Lumino Living,0,0,4,5,0,0,60,2939.4,1829.4,1.8
2026-05-30,prod-9,Smart Ambient LED Desk Lamp,Office & Furniture,FURN-SAL-009,52.16,18.5,51.1,Lumino Living,5,1,5,5,1,0,63,3121.78,1956.28,1.8
2026-05-31,prod-9,Smart Ambient LED Desk Lamp,Office & Furniture,FURN-SAL-009,50.23,18.5,53.24,Lumino Living,0,0,6,5,1,0,65,3264.95,2062.45,1.8
2026-06-01,prod-9,Smart Ambient LED Desk Lamp,Office & Furniture,FURN-SAL-009,47.83,18.5,50.6,Lumino Living,0,0,0,6,0,0,61,2917.63,1789.13,1.8
2026-06-02,prod-9,Smart Ambient LED Desk Lamp,Office & Furniture,FURN-SAL-009,47.48,18.5,47.97,Lumino Living,0,1,1,6,0,0,60,2848.8,1738.8,1.8
2026-06-03,prod-9,Smart Ambient LED Desk Lamp,Office & Furniture,FURN-SAL-009,50.44,18.5,49.96,Lumino Living,0,0,2,6,0,0,59,2975.96,1884.46,1.8
2026-06-04,prod-9,Smart Ambient LED Desk Lamp,Office & Furniture,FURN-SAL-009,51.43,18.5,53.59,Lumino Living,0,0,3,6,0,0,51,2622.93,1679.43,1.8
2026-06-05,prod-9,Smart Ambient LED Desk Lamp,Office & Furniture,FURN-SAL-009,48.94,18.5,51.89,Lumino Living,0,0,4,6,0,0,62,3034.28,1887.28,1.8
2026-06-06,prod-9,Smart Ambient LED Desk Lamp,Office & Furniture,FURN-SAL-009,50.13,18.5,53.05,Lumino Living,0,0,5,6,1,0,58,2907.54,1834.54,1.8
2026-06-07,prod-9,Smart Ambient LED Desk Lamp,Office & Furniture,FURN-SAL-009,49.44,18.5,51.92,Lumino Living,15,1,6,6,1,0,76,3193.82,1787.82,1.8
2026-06-08,prod-9,Smart Ambient LED Desk Lamp,Office & Furniture,FURN-SAL-009,51.15,18.5,53.73,Lumino Living,0,0,0,6,0,0,57,2915.55,1861.05,1.8
2026-06-09,prod-9,Smart Ambient LED Desk Lamp,Office & Furniture,FURN-SAL-009,52.81,18.5,55.77,Lumino Living,0,0,1,6,0,0,54,2851.74,1852.74,1.8
2026-06-10,prod-9,Smart Ambient LED Desk Lamp,Office & Furniture,FURN-SAL-009,51.16,18.5,51.0,Lumino Living,0,0,2,6,0,0,49,2506.84,1600.34,1.8
2026-06-11,prod-9,Smart Ambient LED Desk Lamp,Office & Furniture,FURN-SAL-009,48.25,18.5,50.02,Lumino Living,0,0,3,6,0,0,53,2557.25,1576.75,1.8
2026-06-12,prod-9,Smart Ambient LED Desk Lamp,Office & Furniture,FURN-SAL-009,47.09,18.5,46.88,Lumino Living,0,0,4,6,0,0,65,3060.85,1858.35,1.8
2026-06-13,prod-9,Smart Ambient LED Desk Lamp,Office & Furniture,FURN-SAL-009,51.07,18.5,49.44,Lumino Living,0,0,5,6,1,0,53,2706.71,1726.21,1.8
2026-06-14,prod-9,Smart Ambient LED Desk Lamp,Office & Furniture,FURN-SAL-009,52.66,18.5,54.73,Lumino Living,10,1,6,6,1,0,64,3033.22,1849.22,1.8
2026-06-15,prod-9,Smart Ambient LED Desk Lamp,Office & Furniture,FURN-SAL-009,49.24,18.5,49.07,Lumino Living,0,0,0,6,0,0,61,3003.64,1875.14,1.8
2026-06-16,prod-9,Smart Ambient LED Desk Lamp,Office & Furniture,FURN-SAL-009,50.8,18.5,52.38,Lumino Living,0,0,1,6,0,0,59,2997.2,1905.7,1.8
2026-06-17,prod-9,Smart Ambient LED Desk Lamp,Office & Furniture,FURN-SAL-009,49.99,18.5,50.1,Lumino Living,0,0,2,6,0,0,54,2699.46,1700.46,1.8
2026-06-18,prod-9,Smart Ambient LED Desk Lamp,Office & Furniture,FURN-SAL-009,51.78,18.5,54.39,Lumino Living,0,0,3,6,0,0,50,2589.0,1664.0,1.8
2026-06-19,prod-9,Smart Ambient LED Desk Lamp,Office & Furniture,FURN-SAL-009,50.51,18.5,53.83,Lumino Living,0,0,4,6,0,0,56,2828.56,1792.56,1.8
2026-06-20,prod-9,Smart Ambient LED Desk Lamp,Office & Furniture,FURN-SAL-009,52.96,18.5,53.26,Lumino Living,0,0,5,6,1,0,58,3071.68,1998.68,1.8
2026-06-21,prod-9,Smart Ambient LED Desk Lamp,Office & Furniture,FURN-SAL-009,47.51,18.5,47.05,Lumino Living,5,1,6,6,1,0,77,3475.36,2050.86,1.8
2026-06-22,prod-9,Smart Ambient LED Desk Lamp,Office & Furniture,FURN-SAL-009,51.28,18.5,54.9,Lumino Living,0,0,0,6,0,0,55,2820.4,1802.9,1.8
2026-06-23,prod-9,Smart Ambient LED Desk Lamp,Office & Furniture,FURN-SAL-009,48.44,18.5,52.22,Lumino Living,10,1,1,6,0,0,70,3051.72,1756.72,1.8
2026-06-24,prod-9,Smart Ambient LED Desk Lamp,Office & Furniture,FURN-SAL-009,51.21,18.5,51.93,Lumino Living,0,0,2,6,0,0,47,2406.87,1537.37,1.8
2026-06-25,prod-9,Smart Ambient LED Desk Lamp,Office & Furniture,FURN-SAL-009,51.09,18.5,52.68,Lumino Living,0,0,3,6,0,0,46,2350.14,1499.14,1.8
2026-06-26,prod-9,Smart Ambient LED Desk Lamp,Office & Furniture,FURN-SAL-009,50.03,18.5,48.44,Lumino Living,0,0,4,6,0,0,51,2551.53,1608.03,1.8
2026-06-27,prod-9,Smart Ambient LED Desk Lamp,Office & Furniture,FURN-SAL-009,50.38,18.5,53.21,Lumino Living,0,0,5,6,1,0,63,3173.94,2008.44,1.8
2026-06-28,prod-9,Smart Ambient LED Desk Lamp,Office & Furniture,FURN-SAL-009,48.51,18.5,47.25,Lumino Living,0,0,6,6,1,0,59,2862.09,1770.59,1.8
2026-06-29,prod-9,Smart Ambient LED Desk Lamp,Office & Furniture,FURN-SAL-009,49.7,18.5,52.8,Lumino Living,10,1,0,6,0,0,65,2907.45,1704.95,1.8
2026-06-30,prod-9,Smart Ambient LED Desk Lamp,Office & Furniture,FURN-SAL-009,51.11,18.5,55.01,Lumino Living,15,1,1,6,0,0,70,3041.04,1746.05,1.8
2026-07-01,prod-9,Smart Ambient LED Desk Lamp,Office & Furniture,FURN-SAL-009,47.02,18.5,49.52,Lumino Living,0,0,2,7,0,0,66,3103.32,1882.32,1.8
2026-07-02,prod-9,Smart Ambient LED Desk Lamp,Office & Furniture,FURN-SAL-009,51.62,18.5,49.83,Lumino Living,0,0,3,7,0,0,49,2529.38,1622.88,1.8
2026-07-03,prod-9,Smart Ambient LED Desk Lamp,Office & Furniture,FURN-SAL-009,51.09,18.5,54.23,Lumino Living,0,0,4,7,0,0,51,2605.59,1662.09,1.8
2026-07-04,prod-9,Smart Ambient LED Desk Lamp,Office & Furniture,FURN-SAL-009,51.19,18.5,54.74,Lumino Living,5,1,5,7,1,0,58,2820.57,1747.57,1.8
2026-07-05,prod-9,Smart Ambient LED Desk Lamp,Office & Furniture,FURN-SAL-009,52.86,18.5,54.58,Lumino Living,15,1,6,7,1,0,71,3190.1,1876.6,1.8
2026-07-06,prod-9,Smart Ambient LED Desk Lamp,Office & Furniture,FURN-SAL-009,51.18,18.5,49.26,Lumino Living,0,0,0,7,0,0,54,2763.72,1764.72,1.8
2026-07-07,prod-9,Smart Ambient LED Desk Lamp,Office & Furniture,FURN-SAL-009,50.8,18.5,49.42,Lumino Living,0,0,1,7,0,0,50,2540.0,1615.0,1.8
2026-07-08,prod-9,Smart Ambient LED Desk Lamp,Office & Furniture,FURN-SAL-009,50.33,18.5,50.87,Lumino Living,10,1,2,7,0,0,71,3216.09,1902.59,1.8
2026-07-09,prod-9,Smart Ambient LED Desk Lamp,Office & Furniture,FURN-SAL-009,50.98,18.5,51.84,Lumino Living,0,0,3,7,0,0,49,2498.02,1591.52,1.8
2026-07-10,prod-9,Smart Ambient LED Desk Lamp,Office & Furniture,FURN-SAL-009,52.56,18.5,51.33,Lumino Living,0,1,4,7,0,0,50,2628.0,1703.0,1.8
2026-07-11,prod-9,Smart Ambient LED Desk Lamp,Office & Furniture,FURN-SAL-009,50.98,18.5,51.67,Lumino Living,0,0,5,7,1,0,57,2905.86,1851.36,1.8
2026-07-12,prod-9,Smart Ambient LED Desk Lamp,Office & Furniture,FURN-SAL-009,48.57,18.5,47.02,Lumino Living,0,0,6,7,1,0,59,2865.63,1774.13,1.8
2026-07-13,prod-9,Smart Ambient LED Desk Lamp,Office & Furniture,FURN-SAL-009,49.47,18.5,50.81,Lumino Living,0,0,0,7,0,0,50,2473.5,1548.5,1.8
2026-07-14,prod-9,Smart Ambient LED Desk Lamp,Office & Furniture,FURN-SAL-009,47.79,18.5,49.9,Lumino Living,0,1,1,7,0,0,59,2819.61,1728.11,1.8
2026-07-15,prod-9,Smart Ambient LED Desk Lamp,Office & Furniture,FURN-SAL-009,47.06,18.5,48.14,Lumino Living,0,0,2,7,0,0,61,2870.66,1742.16,1.8
2026-07-16,prod-9,Smart Ambient LED Desk Lamp,Office & Furniture,FURN-SAL-009,48.81,18.5,51.61,Lumino Living,0,0,3,7,0,0,53,2586.93,1606.43,1.8
2026-07-17,prod-9,Smart Ambient LED Desk Lamp,Office & Furniture,FURN-SAL-009,49.87,18.5,49.15,Lumino Living,0,0,4,7,0,0,54,2692.98,1693.98,1.8
2026-07-18,prod-9,Smart Ambient LED Desk Lamp,Office & Furniture,FURN-SAL-009,48.28,18.5,47.35,Lumino Living,0,0,5,7,1,0,67,3234.76,1995.26,1.8
2026-07-19,prod-9,Smart Ambient LED Desk Lamp,Office & Furniture,FURN-SAL-009,52.14,18.5,50.5,Lumino Living,0,0,6,7,1,0,61,3180.54,2052.04,1.8
2026-07-20,prod-9,Smart Ambient LED Desk Lamp,Office & Furniture,FURN-SAL-009,47.86,18.5,50.31,Lumino Living,0,0,0,7,0,0,66,3158.76,1937.76,1.8
2026-07-21,prod-9,Smart Ambient LED Desk Lamp,Office & Furniture,FURN-SAL-009,47.43,18.5,46.47,Lumino Living,0,0,1,7,0,0,58,2750.94,1677.94,1.8
2026-07-22,prod-9,Smart Ambient LED Desk Lamp,Office & Furniture,FURN-SAL-009,50.74,18.5,54.42,Lumino Living,0,0,2,7,0,0,52,2638.48,1676.48,1.8
2026-07-23,prod-9,Smart Ambient LED Desk Lamp,Office & Furniture,FURN-SAL-009,51.5,18.5,49.71,Lumino Living,0,0,3,7,0,0,50,2575.0,1650.0,1.8
2026-07-24,prod-9,Smart Ambient LED Desk Lamp,Office & Furniture,FURN-SAL-009,48.15,18.5,50.42,Lumino Living,0,0,4,7,0,0,57,2744.55,1690.05,1.8
2026-07-25,prod-9,Smart Ambient LED Desk Lamp,Office & Furniture,FURN-SAL-009,52.01,18.5,51.33,Lumino Living,0,0,5,7,1,0,56,2912.56,1876.56,1.8
2026-07-26,prod-9,Smart Ambient LED Desk Lamp,Office & Furniture,FURN-SAL-009,52.69,18.5,53.8,Lumino Living,0,0,6,7,1,0,60,3161.4,2051.4,1.8
2026-07-27,prod-9,Smart Ambient LED Desk Lamp,Office & Furniture,FURN-SAL-009,50.8,18.5,50.24,Lumino Living,0,0,0,7,0,0,53,2692.4,1711.9,1.8
2026-07-28,prod-9,Smart Ambient LED Desk Lamp,Office & Furniture,FURN-SAL-009,47.44,18.5,48.96,Lumino Living,0,0,1,7,0,0,60,2846.4,1736.4,1.8
2026-07-29,prod-9,Smart Ambient LED Desk Lamp,Office & Furniture,FURN-SAL-009,51.22,18.5,53.95,Lumino Living,0,0,2,7,0,0,46,2356.12,1505.12,1.8
2026-07-30,prod-9,Smart Ambient LED Desk Lamp,Office & Furniture,FURN-SAL-009,48.65,18.5,48.34,Lumino Living,0,0,3,7,0,0,64,3113.6,1929.6,1.8
2026-07-31,prod-9,Smart Ambient LED Desk Lamp,Office & Furniture,FURN-SAL-009,49.04,18.5,52.0,Lumino Living,0,0,4,7,0,0,62,3040.48,1893.48,1.8
2026-08-01,prod-9,Smart Ambient LED Desk Lamp,Office & Furniture,FURN-SAL-009,52.12,18.5,52.97,Lumino Living,0,0,5,8,1,0,71,3700.52,2387.02,1.8
2026-08-02,prod-9,Smart Ambient LED Desk Lamp,Office & Furniture,FURN-SAL-009,52.03,18.5,53.63,Lumino Living,0,0,6,8,1,0,70,3642.1,2347.1,1.8
2026-08-03,prod-9,Smart Ambient LED Desk Lamp,Office & Furniture,FURN-SAL-009,50.59,18.5,53.34,Lumino Living,0,0,0,8,0,0,61,3085.99,1957.49,1.8
2026-08-04,prod-9,Smart Ambient LED Desk Lamp,Office & Furniture,FURN-SAL-009,51.14,18.5,55.08,Lumino Living,0,0,1,8,0,0,64,3272.96,2088.96,1.8
2026-08-05,prod-9,Smart Ambient LED Desk Lamp,Office & Furniture,FURN-SAL-009,47.37,18.5,49.05,Lumino Living,0,0,2,8,0,0,78,3694.86,2251.86,1.8
2026-08-06,prod-9,Smart Ambient LED Desk Lamp,Office & Furniture,FURN-SAL-009,50.56,18.5,49.92,Lumino Living,0,0,3,8,0,0,61,3084.16,1955.66,1.8
2026-08-07,prod-9,Smart Ambient LED Desk Lamp,Office & Furniture,FURN-SAL-009,48.43,18.5,47.6,Lumino Living,0,0,4,8,0,0,64,3099.52,1915.52,1.8
2026-08-08,prod-9,Smart Ambient LED Desk Lamp,Office & Furniture,FURN-SAL-009,49.0,18.5,51.02,Lumino Living,0,0,5,8,1,0,76,3724.0,2318.0,1.8
2026-08-09,prod-9,Smart Ambient LED Desk Lamp,Office & Furniture,FURN-SAL-009,51.01,18.5,50.12,Lumino Living,0,0,6,8,1,0,74,3774.74,2405.74,1.8
2026-08-10,prod-9,Smart Ambient LED Desk Lamp,Office & Furniture,FURN-SAL-009,51.8,18.5,54.01,Lumino Living,0,0,0,8,0,0,64,3315.2,2131.2,1.8
2026-08-11,prod-9,Smart Ambient LED Desk Lamp,Office & Furniture,FURN-SAL-009,51.27,18.5,52.62,Lumino Living,0,0,1,8,0,0,62,3178.74,2031.74,1.8
2026-08-12,prod-9,Smart Ambient LED Desk Lamp,Office & Furniture,FURN-SAL-009,50.11,18.5,48.81,Lumino Living,0,0,2,8,0,0,62,3106.82,1959.82,1.8
2026-08-13,prod-9,Smart Ambient LED Desk Lamp,Office & Furniture,FURN-SAL-009,48.47,18.5,50.01,Lumino Living,0,0,3,8,0,0,66,3199.02,1978.02,1.8
2026-08-14,prod-9,Smart Ambient LED Desk Lamp,Office & Furniture,FURN-SAL-009,52.31,18.5,55.3,Lumino Living,0,0,4,8,0,0,58,3033.98,1960.98,1.8
2026-08-15,prod-9,Smart Ambient LED Desk Lamp,Office & Furniture,FURN-SAL-009,51.29,18.5,54.98,Lumino Living,0,0,5,8,1,0,66,3385.14,2164.14,1.8
2026-08-16,prod-9,Smart Ambient LED Desk Lamp,Office & Furniture,FURN-SAL-009,48.52,18.5,47.0,Lumino Living,0,0,6,8,1,0,73,3541.96,2191.46,1.8
2026-08-17,prod-9,Smart Ambient LED Desk Lamp,Office & Furniture,FURN-SAL-009,50.29,18.5,50.65,Lumino Living,10,1,0,8,0,0,86,3892.45,2301.45,1.8
2025-08-18,prod-10,Dual Wireless Fast Charging Station,Audio & Electronics,ELEC-WCS-010,39.77,14.0,42.91,PowerHub Supply,0,0,0,8,0,0,77,3062.29,1984.29,1.5
2025-08-19,prod-10,Dual Wireless Fast Charging Station,Audio & Electronics,ELEC-WCS-010,40.31,14.0,39.66,PowerHub Supply,15,1,1,8,0,0,106,3631.93,2147.93,1.5
2025-08-20,prod-10,Dual Wireless Fast Charging Station,Audio & Electronics,ELEC-WCS-010,39.94,14.0,38.86,PowerHub Supply,0,0,2,8,0,0,78,3115.32,2023.32,1.5
2025-08-21,prod-10,Dual Wireless Fast Charging Station,Audio & Electronics,ELEC-WCS-010,38.26,14.0,37.29,PowerHub Supply,0,0,3,8,0,0,97,3711.22,2353.22,1.5
2025-08-22,prod-10,Dual Wireless Fast Charging Station,Audio & Electronics,ELEC-WCS-010,37.79,14.0,36.6,PowerHub Supply,10,1,4,8,0,0,94,3197.03,1881.03,1.5
2025-08-23,prod-10,Dual Wireless Fast Charging Station,Audio & Electronics,ELEC-WCS-010,38.05,14.0,39.92,PowerHub Supply,0,0,5,8,1,0,87,3310.35,2092.35,1.5
2025-08-24,prod-10,Dual Wireless Fast Charging Station,Audio & Electronics,ELEC-WCS-010,40.76,14.0,39.42,PowerHub Supply,10,1,6,8,1,0,98,3595.03,2223.03,1.5
2025-08-25,prod-10,Dual Wireless Fast Charging Station,Audio & Electronics,ELEC-WCS-010,38.75,14.0,38.23,PowerHub Supply,0,0,0,8,0,0,90,3487.5,2227.5,1.5
2025-08-26,prod-10,Dual Wireless Fast Charging Station,Audio & Electronics,ELEC-WCS-010,42.04,14.0,42.14,PowerHub Supply,0,0,1,8,0,0,67,2816.68,1878.68,1.5
2025-08-27,prod-10,Dual Wireless Fast Charging Station,Audio & Electronics,ELEC-WCS-010,40.39,14.0,42.47,PowerHub Supply,0,0,2,8,0,0,89,3594.71,2348.71,1.5
2025-08-28,prod-10,Dual Wireless Fast Charging Station,Audio & Electronics,ELEC-WCS-010,39.43,14.0,40.42,PowerHub Supply,5,1,3,8,0,0,81,3034.14,1900.14,1.5
2025-08-29,prod-10,Dual Wireless Fast Charging Station,Audio & Electronics,ELEC-WCS-010,41.14,14.0,44.33,PowerHub Supply,0,0,4,8,0,0,78,3208.92,2116.92,1.5
2025-08-30,prod-10,Dual Wireless Fast Charging Station,Audio & Electronics,ELEC-WCS-010,38.05,14.0,40.39,PowerHub Supply,0,0,5,8,1,0,97,3690.85,2332.85,1.5
2025-08-31,prod-10,Dual Wireless Fast Charging Station,Audio & Electronics,ELEC-WCS-010,38.39,14.0,37.65,PowerHub Supply,0,0,6,8,1,0,88,3378.32,2146.32,1.5
2025-09-01,prod-10,Dual Wireless Fast Charging Station,Audio & Electronics,ELEC-WCS-010,38.74,14.0,38.62,PowerHub Supply,0,0,0,9,0,0,87,3370.38,2152.38,1.5
2025-09-02,prod-10,Dual Wireless Fast Charging Station,Audio & Electronics,ELEC-WCS-010,39.45,14.0,38.88,PowerHub Supply,0,1,1,9,0,0,81,3195.45,2061.45,1.5
2025-09-03,prod-10,Dual Wireless Fast Charging Station,Audio & Electronics,ELEC-WCS-010,39.72,14.0,38.85,PowerHub Supply,0,0,2,9,0,0,89,3535.08,2289.08,1.5
2025-09-04,prod-10,Dual Wireless Fast Charging Station,Audio & Electronics,ELEC-WCS-010,41.19,14.0,39.66,PowerHub Supply,0,0,3,9,0,0,72,2965.68,1957.68,1.5
2025-09-05,prod-10,Dual Wireless Fast Charging Station,Audio & Electronics,ELEC-WCS-010,40.82,14.0,41.33,PowerHub Supply,0,0,4,9,0,0,76,3102.32,2038.32,1.5
2025-09-06,prod-10,Dual Wireless Fast Charging Station,Audio & Electronics,ELEC-WCS-010,37.69,14.0,38.48,PowerHub Supply,0,0,5,9,1,0,98,3693.62,2321.62,1.5
2025-09-07,prod-10,Dual Wireless Fast Charging Station,Audio & Electronics,ELEC-WCS-010,38.58,14.0,37.71,PowerHub Supply,15,1,6,9,1,0,113,3705.61,2123.61,1.5
2025-09-08,prod-10,Dual Wireless Fast Charging Station,Audio & Electronics,ELEC-WCS-010,39.53,14.0,38.98,PowerHub Supply,0,0,0,9,0,0,78,3083.34,1991.34,1.5
2025-09-09,prod-10,Dual Wireless Fast Charging Station,Audio & Electronics,ELEC-WCS-010,41.02,14.0,43.8,PowerHub Supply,0,0,1,9,0,0,85,3486.7,2296.7,1.5
2025-09-10,prod-10,Dual Wireless Fast Charging Station,Audio & Electronics,ELEC-WCS-010,42.2,14.0,43.99,PowerHub Supply,0,0,2,9,0,0,77,3249.4,2171.4,1.5
2025-09-11,prod-10,Dual Wireless Fast Charging Station,Audio & Electronics,ELEC-WCS-010,37.9,14.0,39.63,PowerHub Supply,10,1,3,9,0,0,100,3411.0,2011.0,1.5
2025-09-12,prod-10,Dual Wireless Fast Charging Station,Audio & Electronics,ELEC-WCS-010,37.69,14.0,38.16,PowerHub Supply,0,0,4,9,0,0,87,3279.03,2061.03,1.5
2025-09-13,prod-10,Dual Wireless Fast Charging Station,Audio & Electronics,ELEC-WCS-010,39.69,14.0,39.76,PowerHub Supply,0,0,5,9,1,0,101,4008.69,2594.69,1.5
2025-09-14,prod-10,Dual Wireless Fast Charging Station,Audio & Electronics,ELEC-WCS-010,38.84,14.0,38.02,PowerHub Supply,0,0,6,9,1,0,97,3767.48,2409.48,1.5
2025-09-15,prod-10,Dual Wireless Fast Charging Station,Audio & Electronics,ELEC-WCS-010,40.07,14.0,41.02,PowerHub Supply,0,0,0,9,0,0,72,2885.04,1877.04,1.5
2025-09-16,prod-10,Dual Wireless Fast Charging Station,Audio & Electronics,ELEC-WCS-010,39.42,14.0,38.07,PowerHub Supply,0,0,1,9,0,0,87,3429.54,2211.54,1.5
2025-09-17,prod-10,Dual Wireless Fast Charging Station,Audio & Electronics,ELEC-WCS-010,38.35,14.0,39.65,PowerHub Supply,0,0,2,9,0,0,81,3106.35,1972.35,1.5
2025-09-18,prod-10,Dual Wireless Fast Charging Station,Audio & Electronics,ELEC-WCS-010,40.11,14.0,39.73,PowerHub Supply,0,0,3,9,0,0,74,2968.14,1932.14,1.5
2025-09-19,prod-10,Dual Wireless Fast Charging Station,Audio & Electronics,ELEC-WCS-010,39.68,14.0,42.24,PowerHub Supply,0,0,4,9,0,0,80,3174.4,2054.4,1.5
2025-09-20,prod-10,Dual Wireless Fast Charging Station,Audio & Electronics,ELEC-WCS-010,38.39,14.0,37.16,PowerHub Supply,0,0,5,9,1,0,100,3839.0,2439.0,1.5
2025-09-21,prod-10,Dual Wireless Fast Charging Station,Audio & Electronics,ELEC-WCS-010,40.34,14.0,42.52,PowerHub Supply,0,0,6,9,1,0,98,3953.32,2581.32,1.5
2025-09-22,prod-10,Dual Wireless Fast Charging Station,Audio & Electronics,ELEC-WCS-010,41.15,14.0,40.93,PowerHub Supply,0,0,0,9,0,0,76,3127.4,2063.4,1.5
2025-09-23,prod-10,Dual Wireless Fast Charging Station,Audio & Electronics,ELEC-WCS-010,38.4,14.0,36.94,PowerHub Supply,0,0,1,9,0,0,88,3379.2,2147.2,1.5
2025-09-24,prod-10,Dual Wireless Fast Charging Station,Audio & Electronics,ELEC-WCS-010,37.96,14.0,39.96,PowerHub Supply,0,0,2,9,0,0,94,3568.24,2252.24,1.5
2025-09-25,prod-10,Dual Wireless Fast Charging Station,Audio & Electronics,ELEC-WCS-010,40.15,14.0,42.3,PowerHub Supply,0,0,3,9,0,0,78,3131.7,2039.7,1.5
2025-09-26,prod-10,Dual Wireless Fast Charging Station,Audio & Electronics,ELEC-WCS-010,38.45,14.0,39.37,PowerHub Supply,0,0,4,9,0,0,92,3537.4,2249.4,1.5
2025-09-27,prod-10,Dual Wireless Fast Charging Station,Audio & Electronics,ELEC-WCS-010,39.15,14.0,38.39,PowerHub Supply,0,0,5,9,1,0,101,3954.15,2540.15,1.5
2025-09-28,prod-10,Dual Wireless Fast Charging Station,Audio & Electronics,ELEC-WCS-010,39.99,14.0,42.68,PowerHub Supply,0,0,6,9,1,0,84,3359.16,2183.16,1.5
2025-09-29,prod-10,Dual Wireless Fast Charging Station,Audio & Electronics,ELEC-WCS-010,39.84,14.0,42.29,PowerHub Supply,0,0,0,9,0,0,84,3346.56,2170.56,1.5
2025-09-30,prod-10,Dual Wireless Fast Charging Station,Audio & Electronics,ELEC-WCS-010,39.35,14.0,41.47,PowerHub Supply,0,0,1,9,0,0,82,3226.7,2078.7,1.5
2025-10-01,prod-10,Dual Wireless Fast Charging Station,Audio & Electronics,ELEC-WCS-010,41.0,14.0,42.87,PowerHub Supply,0,0,2,10,0,0,80,3280.0,2160.0,1.5
2025-10-02,prod-10,Dual Wireless Fast Charging Station,Audio & Electronics,ELEC-WCS-010,37.79,14.0,40.74,PowerHub Supply,0,0,3,10,0,0,84,3174.36,1998.36,1.5
2025-10-03,prod-10,Dual Wireless Fast Charging Station,Audio & Electronics,ELEC-WCS-010,40.13,14.0,40.88,PowerHub Supply,0,0,4,10,0,0,82,3290.66,2142.66,1.5
2025-10-04,prod-10,Dual Wireless Fast Charging Station,Audio & Electronics,ELEC-WCS-010,41.08,14.0,43.82,PowerHub Supply,0,0,5,10,1,0,90,3697.2,2437.2,1.5
2025-10-05,prod-10,Dual Wireless Fast Charging Station,Audio & Electronics,ELEC-WCS-010,40.08,14.0,42.26,PowerHub Supply,0,0,6,10,1,0,98,3927.84,2555.84,1.5
2025-10-06,prod-10,Dual Wireless Fast Charging Station,Audio & Electronics,ELEC-WCS-010,39.54,14.0,39.15,PowerHub Supply,0,0,0,10,0,0,76,3005.04,1941.04,1.5
2025-10-07,prod-10,Dual Wireless Fast Charging Station,Audio & Electronics,ELEC-WCS-010,41.71,14.0,40.67,PowerHub Supply,0,1,1,10,0,0,78,3253.38,2161.38,1.5
2025-10-08,prod-10,Dual Wireless Fast Charging Station,Audio & Electronics,ELEC-WCS-010,39.35,14.0,39.19,PowerHub Supply,0,0,2,10,0,0,81,3187.35,2053.35,1.5
2025-10-09,prod-10,Dual Wireless Fast Charging Station,Audio & Electronics,ELEC-WCS-010,39.39,14.0,39.58,PowerHub Supply,0,0,3,10,0,0,77,3033.03,1955.03,1.5
2025-10-10,prod-10,Dual Wireless Fast Charging Station,Audio & Electronics,ELEC-WCS-010,37.67,14.0,38.13,PowerHub Supply,0,0,4,10,0,0,81,3051.27,1917.27,1.5
2025-10-11,prod-10,Dual Wireless Fast Charging Station,Audio & Electronics,ELEC-WCS-010,41.74,14.0,44.03,PowerHub Supply,0,0,5,10,1,0,88,3673.12,2441.12,1.5
2025-10-12,prod-10,Dual Wireless Fast Charging Station,Audio & Electronics,ELEC-WCS-010,39.04,14.0,38.62,PowerHub Supply,5,1,6,10,1,0,112,4153.86,2585.86,1.5
2025-10-13,prod-10,Dual Wireless Fast Charging Station,Audio & Electronics,ELEC-WCS-010,38.8,14.0,39.11,PowerHub Supply,0,0,0,10,0,0,82,3181.6,2033.6,1.5
2025-10-14,prod-10,Dual Wireless Fast Charging Station,Audio & Electronics,ELEC-WCS-010,38.57,14.0,37.63,PowerHub Supply,0,0,1,10,0,0,80,3085.6,1965.6,1.5
2025-10-15,prod-10,Dual Wireless Fast Charging Station,Audio & Electronics,ELEC-WCS-010,38.29,14.0,39.7,PowerHub Supply,10,1,2,10,0,0,91,3135.95,1861.95,1.5
2025-10-16,prod-10,Dual Wireless Fast Charging Station,Audio & Electronics,ELEC-WCS-010,39.82,14.0,40.07,PowerHub Supply,0,0,3,10,0,0,80,3185.6,2065.6,1.5
2025-10-17,prod-10,Dual Wireless Fast Charging Station,Audio & Electronics,ELEC-WCS-010,40.46,14.0,40.56,PowerHub Supply,0,0,4,10,0,0,79,3196.34,2090.34,1.5
2025-10-18,prod-10,Dual Wireless Fast Charging Station,Audio & Electronics,ELEC-WCS-010,42.07,14.0,44.77,PowerHub Supply,0,0,5,10,1,0,81,3407.67,2273.67,1.5
2025-10-19,prod-10,Dual Wireless Fast Charging Station,Audio & Electronics,ELEC-WCS-010,38.52,14.0,41.24,PowerHub Supply,0,0,6,10,1,0,108,4160.16,2648.16,1.5
2025-10-20,prod-10,Dual Wireless Fast Charging Station,Audio & Electronics,ELEC-WCS-010,38.29,14.0,40.03,PowerHub Supply,0,0,0,10,0,0,77,2948.33,1870.33,1.5
2025-10-21,prod-10,Dual Wireless Fast Charging Station,Audio & Electronics,ELEC-WCS-010,38.64,14.0,39.51,PowerHub Supply,15,1,1,10,0,0,105,3448.62,1978.62,1.5
2025-10-22,prod-10,Dual Wireless Fast Charging Station,Audio & Electronics,ELEC-WCS-010,40.53,14.0,40.6,PowerHub Supply,0,0,2,10,0,0,77,3120.81,2042.81,1.5
2025-10-23,prod-10,Dual Wireless Fast Charging Station,Audio & Electronics,ELEC-WCS-010,41.44,14.0,42.69,PowerHub Supply,0,0,3,10,0,0,82,3398.08,2250.08,1.5
2025-10-24,prod-10,Dual Wireless Fast Charging Station,Audio & Electronics,ELEC-WCS-010,39.67,14.0,40.53,PowerHub Supply,0,0,4,10,0,0,83,3292.61,2130.61,1.5
2025-10-25,prod-10,Dual Wireless Fast Charging Station,Audio & Electronics,ELEC-WCS-010,41.18,14.0,42.03,PowerHub Supply,0,0,5,10,1,0,80,3294.4,2174.4,1.5
2025-10-26,prod-10,Dual Wireless Fast Charging Station,Audio & Electronics,ELEC-WCS-010,41.55,14.0,41.53,PowerHub Supply,0,0,6,10,1,0,91,3781.05,2507.05,1.5
2025-10-27,prod-10,Dual Wireless Fast Charging Station,Audio & Electronics,ELEC-WCS-010,40.64,14.0,39.72,PowerHub Supply,0,0,0,10,0,0,73,2966.72,1944.72,1.5
2025-10-28,prod-10,Dual Wireless Fast Charging Station,Audio & Electronics,ELEC-WCS-010,40.55,14.0,40.27,PowerHub Supply,0,0,1,10,0,0,71,2879.05,1885.05,1.5
2025-10-29,prod-10,Dual Wireless Fast Charging Station,Audio & Electronics,ELEC-WCS-010,37.65,14.0,36.74,PowerHub Supply,0,0,2,10,0,0,82,3087.3,1939.3,1.5
2025-10-30,prod-10,Dual Wireless Fast Charging Station,Audio & Electronics,ELEC-WCS-010,41.43,14.0,44.16,PowerHub Supply,0,0,3,10,0,0,78,3231.54,2139.54,1.5
2025-10-31,prod-10,Dual Wireless Fast Charging Station,Audio & Electronics,ELEC-WCS-010,42.34,14.0,41.72,PowerHub Supply,0,0,4,10,0,0,68,2879.12,1927.12,1.5
2025-11-01,prod-10,Dual Wireless Fast Charging Station,Audio & Electronics,ELEC-WCS-010,37.77,14.0,39.56,PowerHub Supply,0,0,5,11,1,0,92,3474.84,2186.84,1.5
2025-11-02,prod-10,Dual Wireless Fast Charging Station,Audio & Electronics,ELEC-WCS-010,41.98,14.0,41.14,PowerHub Supply,0,0,6,11,1,0,77,3232.46,2154.46,1.5
2025-11-03,prod-10,Dual Wireless Fast Charging Station,Audio & Electronics,ELEC-WCS-010,40.8,14.0,43.14,PowerHub Supply,0,0,0,11,0,0,83,3386.4,2224.4,1.5
2025-11-04,prod-10,Dual Wireless Fast Charging Station,Audio & Electronics,ELEC-WCS-010,39.38,14.0,40.02,PowerHub Supply,0,0,1,11,0,0,85,3347.3,2157.3,1.5
2025-11-05,prod-10,Dual Wireless Fast Charging Station,Audio & Electronics,ELEC-WCS-010,40.22,14.0,42.96,PowerHub Supply,0,0,2,11,0,0,83,3338.26,2176.26,1.5
2025-11-06,prod-10,Dual Wireless Fast Charging Station,Audio & Electronics,ELEC-WCS-010,39.16,14.0,38.32,PowerHub Supply,0,0,3,11,0,0,88,3446.08,2214.08,1.5
2025-11-07,prod-10,Dual Wireless Fast Charging Station,Audio & Electronics,ELEC-WCS-010,40.09,14.0,39.83,PowerHub Supply,0,0,4,11,0,0,89,3568.01,2322.01,1.5
2025-11-08,prod-10,Dual Wireless Fast Charging Station,Audio & Electronics,ELEC-WCS-010,38.68,14.0,37.24,PowerHub Supply,0,0,5,11,1,0,92,3558.56,2270.56,1.5
2025-11-09,prod-10,Dual Wireless Fast Charging Station,Audio & Electronics,ELEC-WCS-010,40.03,14.0,40.83,PowerHub Supply,0,0,6,11,1,0,89,3562.67,2316.67,1.5
2025-11-10,prod-10,Dual Wireless Fast Charging Station,Audio & Electronics,ELEC-WCS-010,42.16,14.0,41.99,PowerHub Supply,0,0,0,11,0,0,68,2866.88,1914.88,1.5
2025-11-11,prod-10,Dual Wireless Fast Charging Station,Audio & Electronics,ELEC-WCS-010,38.3,14.0,37.8,PowerHub Supply,0,0,1,11,0,0,95,3638.5,2308.5,1.5
2025-11-12,prod-10,Dual Wireless Fast Charging Station,Audio & Electronics,ELEC-WCS-010,38.78,14.0,41.44,PowerHub Supply,0,0,2,11,0,0,89,3451.42,2205.42,1.5
2025-11-13,prod-10,Dual Wireless Fast Charging Station,Audio & Electronics,ELEC-WCS-010,40.02,14.0,40.4,PowerHub Supply,0,0,3,11,0,0,82,3281.64,2133.64,1.5
2025-11-14,prod-10,Dual Wireless Fast Charging Station,Audio & Electronics,ELEC-WCS-010,39.03,14.0,38.6,PowerHub Supply,0,0,4,11,0,0,93,3629.79,2327.79,1.5
2025-11-15,prod-10,Dual Wireless Fast Charging Station,Audio & Electronics,ELEC-WCS-010,40.77,14.0,42.93,PowerHub Supply,0,0,5,11,1,0,79,3220.83,2114.83,1.5
2025-11-16,prod-10,Dual Wireless Fast Charging Station,Audio & Electronics,ELEC-WCS-010,39.54,14.0,40.01,PowerHub Supply,0,0,6,11,1,0,103,4072.62,2630.62,1.5
2025-11-17,prod-10,Dual Wireless Fast Charging Station,Audio & Electronics,ELEC-WCS-010,39.19,14.0,39.36,PowerHub Supply,0,0,0,11,0,0,83,3252.77,2090.77,1.5
2025-11-18,prod-10,Dual Wireless Fast Charging Station,Audio & Electronics,ELEC-WCS-010,42.38,14.0,45.4,PowerHub Supply,0,0,1,11,0,0,69,2924.22,1958.22,1.5
2025-11-19,prod-10,Dual Wireless Fast Charging Station,Audio & Electronics,ELEC-WCS-010,39.65,14.0,39.18,PowerHub Supply,0,0,2,11,0,0,88,3489.2,2257.2,1.5
2025-11-20,prod-10,Dual Wireless Fast Charging Station,Audio & Electronics,ELEC-WCS-010,39.2,14.0,40.44,PowerHub Supply,0,0,3,11,0,1,118,4625.6,2973.6,1.5
2025-11-21,prod-10,Dual Wireless Fast Charging Station,Audio & Electronics,ELEC-WCS-010,38.07,14.0,36.92,PowerHub Supply,0,0,4,11,0,1,104,3959.28,2503.28,1.5
2025-11-22,prod-10,Dual Wireless Fast Charging Station,Audio & Electronics,ELEC-WCS-010,39.65,14.0,42.33,PowerHub Supply,0,0,5,11,1,1,125,4956.25,3206.25,1.5
2025-11-23,prod-10,Dual Wireless Fast Charging Station,Audio & Electronics,ELEC-WCS-010,40.94,14.0,40.05,PowerHub Supply,15,1,6,11,1,1,131,4558.67,2724.67,1.5
2025-11-24,prod-10,Dual Wireless Fast Charging Station,Audio & Electronics,ELEC-WCS-010,38.23,14.0,41.21,PowerHub Supply,0,0,0,11,0,1,118,4511.14,2859.14,1.5
2025-11-25,prod-10,Dual Wireless Fast Charging Station,Audio & Electronics,ELEC-WCS-010,41.56,14.0,41.68,PowerHub Supply,0,0,1,11,0,1,89,3698.84,2452.84,1.5
2025-11-26,prod-10,Dual Wireless Fast Charging Station,Audio & Electronics,ELEC-WCS-010,41.88,14.0,41.86,PowerHub Supply,0,1,2,11,0,1,110,4606.8,3066.8,1.5
2025-11-27,prod-10,Dual Wireless Fast Charging Station,Audio & Electronics,ELEC-WCS-010,40.54,14.0,42.91,PowerHub Supply,0,0,3,11,0,1,95,3851.3,2521.3,1.5
2025-11-28,prod-10,Dual Wireless Fast Charging Station,Audio & Electronics,ELEC-WCS-010,39.47,14.0,42.6,PowerHub Supply,10,1,4,11,0,1,130,4617.99,2797.99,1.5
2025-11-29,prod-10,Dual Wireless Fast Charging Station,Audio & Electronics,ELEC-WCS-010,40.12,14.0,42.52,PowerHub Supply,0,0,5,11,1,1,103,4132.36,2690.36,1.5
2025-11-30,prod-10,Dual Wireless Fast Charging Station,Audio & Electronics,ELEC-WCS-010,40.5,14.0,40.14,PowerHub Supply,0,0,6,11,1,1,119,4819.5,3153.5,1.5
2025-12-01,prod-10,Dual Wireless Fast Charging Station,Audio & Electronics,ELEC-WCS-010,38.05,14.0,39.3,PowerHub Supply,0,0,0,12,0,0,78,2967.9,1875.9,1.5
2025-12-02,prod-10,Dual Wireless Fast Charging Station,Audio & Electronics,ELEC-WCS-010,41.68,14.0,43.34,PowerHub Supply,0,0,1,12,0,0,82,3417.76,2269.76,1.5
2025-12-03,prod-10,Dual Wireless Fast Charging Station,Audio & Electronics,ELEC-WCS-010,39.31,14.0,40.14,PowerHub Supply,0,0,2,12,0,0,87,3419.97,2201.97,1.5
2025-12-04,prod-10,Dual Wireless Fast Charging Station,Audio & Electronics,ELEC-WCS-010,39.52,14.0,41.77,PowerHub Supply,0,0,3,12,0,0,92,3635.84,2347.84,1.5
2025-12-05,prod-10,Dual Wireless Fast Charging Station,Audio & Electronics,ELEC-WCS-010,39.07,14.0,39.04,PowerHub Supply,0,0,4,12,0,0,77,3008.39,1930.39,1.5
2025-12-06,prod-10,Dual Wireless Fast Charging Station,Audio & Electronics,ELEC-WCS-010,38.34,14.0,37.17,PowerHub Supply,0,0,5,12,1,0,88,3373.92,2141.92,1.5
2025-12-07,prod-10,Dual Wireless Fast Charging Station,Audio & Electronics,ELEC-WCS-010,38.11,14.0,38.64,PowerHub Supply,0,0,6,12,1,0,88,3353.68,2121.68,1.5
2025-12-08,prod-10,Dual Wireless Fast Charging Station,Audio & Electronics,ELEC-WCS-010,41.29,14.0,43.05,PowerHub Supply,0,0,0,12,0,0,81,3344.49,2210.49,1.5
2025-12-09,prod-10,Dual Wireless Fast Charging Station,Audio & Electronics,ELEC-WCS-010,39.68,14.0,38.68,PowerHub Supply,0,0,1,12,0,0,91,3610.88,2336.88,1.5
2025-12-10,prod-10,Dual Wireless Fast Charging Station,Audio & Electronics,ELEC-WCS-010,40.24,14.0,41.47,PowerHub Supply,0,0,2,12,0,0,75,3018.0,1968.0,1.5
2025-12-11,prod-10,Dual Wireless Fast Charging Station,Audio & Electronics,ELEC-WCS-010,39.86,14.0,38.43,PowerHub Supply,0,0,3,12,0,0,75,2989.5,1939.5,1.5
2025-12-12,prod-10,Dual Wireless Fast Charging Station,Audio & Electronics,ELEC-WCS-010,37.91,14.0,36.54,PowerHub Supply,0,0,4,12,0,0,83,3146.53,1984.53,1.5
2025-12-13,prod-10,Dual Wireless Fast Charging Station,Audio & Electronics,ELEC-WCS-010,38.49,14.0,39.25,PowerHub Supply,0,0,5,12,1,0,94,3618.06,2302.06,1.5
2025-12-14,prod-10,Dual Wireless Fast Charging Station,Audio & Electronics,ELEC-WCS-010,40.99,14.0,40.94,PowerHub Supply,0,0,6,12,1,0,84,3443.16,2267.16,1.5
2025-12-15,prod-10,Dual Wireless Fast Charging Station,Audio & Electronics,ELEC-WCS-010,42.23,14.0,42.68,PowerHub Supply,0,0,0,12,0,1,107,4518.61,3020.61,1.5
2025-12-16,prod-10,Dual Wireless Fast Charging Station,Audio & Electronics,ELEC-WCS-010,40.31,14.0,42.08,PowerHub Supply,5,1,1,12,0,1,125,4786.81,3036.81,1.5
2025-12-17,prod-10,Dual Wireless Fast Charging Station,Audio & Electronics,ELEC-WCS-010,39.59,14.0,40.32,PowerHub Supply,0,0,2,12,0,1,98,3879.82,2507.82,1.5
2025-12-18,prod-10,Dual Wireless Fast Charging Station,Audio & Electronics,ELEC-WCS-010,41.83,14.0,41.36,PowerHub Supply,0,0,3,12,0,1,110,4601.3,3061.3,1.5
2025-12-19,prod-10,Dual Wireless Fast Charging Station,Audio & Electronics,ELEC-WCS-010,41.94,14.0,43.89,PowerHub Supply,0,0,4,12,0,1,105,4403.7,2933.7,1.5
2025-12-20,prod-10,Dual Wireless Fast Charging Station,Audio & Electronics,ELEC-WCS-010,40.62,14.0,42.46,PowerHub Supply,0,0,5,12,1,1,109,4427.58,2901.58,1.5
2025-12-21,prod-10,Dual Wireless Fast Charging Station,Audio & Electronics,ELEC-WCS-010,37.6,14.0,38.27,PowerHub Supply,0,0,6,12,1,1,127,4775.2,2997.2,1.5
2025-12-22,prod-10,Dual Wireless Fast Charging Station,Audio & Electronics,ELEC-WCS-010,38.6,14.0,38.6,PowerHub Supply,0,0,0,12,0,1,118,4554.8,2902.8,1.5
2025-12-23,prod-10,Dual Wireless Fast Charging Station,Audio & Electronics,ELEC-WCS-010,40.01,14.0,40.96,PowerHub Supply,0,0,1,12,0,1,118,4721.18,3069.18,1.5
2025-12-24,prod-10,Dual Wireless Fast Charging Station,Audio & Electronics,ELEC-WCS-010,40.53,14.0,41.89,PowerHub Supply,0,0,2,12,0,1,115,4660.95,3050.95,1.5
2025-12-25,prod-10,Dual Wireless Fast Charging Station,Audio & Electronics,ELEC-WCS-010,41.43,14.0,42.03,PowerHub Supply,0,0,3,12,0,1,101,4184.43,2770.43,1.5
2025-12-26,prod-10,Dual Wireless Fast Charging Station,Audio & Electronics,ELEC-WCS-010,40.18,14.0,42.22,PowerHub Supply,10,1,4,12,0,1,109,3941.66,2415.66,1.5
2025-12-27,prod-10,Dual Wireless Fast Charging Station,Audio & Electronics,ELEC-WCS-010,40.42,14.0,43.48,PowerHub Supply,15,1,5,12,1,1,160,5497.12,3257.12,1.5
2025-12-28,prod-10,Dual Wireless Fast Charging Station,Audio & Electronics,ELEC-WCS-010,41.98,14.0,43.37,PowerHub Supply,0,0,6,12,1,1,103,4323.94,2881.94,1.5
2025-12-29,prod-10,Dual Wireless Fast Charging Station,Audio & Electronics,ELEC-WCS-010,40.43,14.0,40.99,PowerHub Supply,0,0,0,12,0,1,108,4366.44,2854.44,1.5
2025-12-30,prod-10,Dual Wireless Fast Charging Station,Audio & Electronics,ELEC-WCS-010,37.78,14.0,37.31,PowerHub Supply,0,0,1,12,0,1,108,4080.24,2568.24,1.5
2025-12-31,prod-10,Dual Wireless Fast Charging Station,Audio & Electronics,ELEC-WCS-010,38.86,14.0,39.78,PowerHub Supply,15,1,2,12,0,1,132,4360.09,2512.09,1.5
2026-01-01,prod-10,Dual Wireless Fast Charging Station,Audio & Electronics,ELEC-WCS-010,37.6,14.0,36.31,PowerHub Supply,10,1,3,1,0,1,137,4636.08,2718.08,1.5
2026-01-02,prod-10,Dual Wireless Fast Charging Station,Audio & Electronics,ELEC-WCS-010,41.91,14.0,44.96,PowerHub Supply,10,1,4,1,0,1,123,4639.44,2917.44,1.5
2026-01-03,prod-10,Dual Wireless Fast Charging Station,Audio & Electronics,ELEC-WCS-010,40.77,14.0,41.57,PowerHub Supply,0,0,5,1,1,1,113,4607.01,3025.01,1.5
2026-01-04,prod-10,Dual Wireless Fast Charging Station,Audio & Electronics,ELEC-WCS-010,40.24,14.0,42.4,PowerHub Supply,0,0,6,1,1,1,126,5070.24,3306.24,1.5
2026-01-05,prod-10,Dual Wireless Fast Charging Station,Audio & Electronics,ELEC-WCS-010,39.46,14.0,41.32,PowerHub Supply,0,0,0,1,0,1,112,4419.52,2851.52,1.5
2026-01-06,prod-10,Dual Wireless Fast Charging Station,Audio & Electronics,ELEC-WCS-010,37.66,14.0,38.09,PowerHub Supply,0,0,1,1,0,0,83,3125.78,1963.78,1.5
2026-01-07,prod-10,Dual Wireless Fast Charging Station,Audio & Electronics,ELEC-WCS-010,39.89,14.0,38.77,PowerHub Supply,0,0,2,1,0,0,86,3430.54,2226.54,1.5
2026-01-08,prod-10,Dual Wireless Fast Charging Station,Audio & Electronics,ELEC-WCS-010,38.4,14.0,38.21,PowerHub Supply,0,0,3,1,0,0,79,3033.6,1927.6,1.5
2026-01-09,prod-10,Dual Wireless Fast Charging Station,Audio & Electronics,ELEC-WCS-010,39.64,14.0,41.52,PowerHub Supply,0,0,4,1,0,0,88,3488.32,2256.32,1.5
2026-01-10,prod-10,Dual Wireless Fast Charging Station,Audio & Electronics,ELEC-WCS-010,38.98,14.0,42.09,PowerHub Supply,0,0,5,1,1,0,98,3820.04,2448.04,1.5
2026-01-11,prod-10,Dual Wireless Fast Charging Station,Audio & Electronics,ELEC-WCS-010,37.96,14.0,37.15,PowerHub Supply,0,0,6,1,1,0,109,4137.64,2611.64,1.5
2026-01-12,prod-10,Dual Wireless Fast Charging Station,Audio & Electronics,ELEC-WCS-010,42.17,14.0,40.82,PowerHub Supply,0,0,0,1,0,0,80,3373.6,2253.6,1.5
2026-01-13,prod-10,Dual Wireless Fast Charging Station,Audio & Electronics,ELEC-WCS-010,38.89,14.0,38.17,PowerHub Supply,0,0,1,1,0,0,81,3150.09,2016.09,1.5
2026-01-14,prod-10,Dual Wireless Fast Charging Station,Audio & Electronics,ELEC-WCS-010,39.99,14.0,42.4,PowerHub Supply,0,0,2,1,0,0,81,3239.19,2105.19,1.5
2026-01-15,prod-10,Dual Wireless Fast Charging Station,Audio & Electronics,ELEC-WCS-010,39.9,14.0,41.25,PowerHub Supply,0,0,3,1,0,0,79,3152.1,2046.1,1.5
2026-01-16,prod-10,Dual Wireless Fast Charging Station,Audio & Electronics,ELEC-WCS-010,38.03,14.0,37.31,PowerHub Supply,0,0,4,1,0,0,89,3384.67,2138.67,1.5
2026-01-17,prod-10,Dual Wireless Fast Charging Station,Audio & Electronics,ELEC-WCS-010,38.79,14.0,37.32,PowerHub Supply,0,0,5,1,1,0,102,3956.58,2528.58,1.5
2026-01-18,prod-10,Dual Wireless Fast Charging Station,Audio & Electronics,ELEC-WCS-010,41.4,14.0,40.17,PowerHub Supply,5,1,6,1,1,0,90,3539.7,2279.7,1.5
2026-01-19,prod-10,Dual Wireless Fast Charging Station,Audio & Electronics,ELEC-WCS-010,40.1,14.0,41.81,PowerHub Supply,0,0,0,1,0,0,90,3609.0,2349.0,1.5
2026-01-20,prod-10,Dual Wireless Fast Charging Station,Audio & Electronics,ELEC-WCS-010,41.22,14.0,41.31,PowerHub Supply,0,0,1,1,0,0,75,3091.5,2041.5,1.5
2026-01-21,prod-10,Dual Wireless Fast Charging Station,Audio & Electronics,ELEC-WCS-010,41.22,14.0,40.08,PowerHub Supply,0,0,2,1,0,0,83,3421.26,2259.26,1.5
2026-01-22,prod-10,Dual Wireless Fast Charging Station,Audio & Electronics,ELEC-WCS-010,38.61,14.0,37.95,PowerHub Supply,0,0,3,1,0,0,91,3513.51,2239.51,1.5
2026-01-23,prod-10,Dual Wireless Fast Charging Station,Audio & Electronics,ELEC-WCS-010,41.18,14.0,39.86,PowerHub Supply,0,0,4,1,0,0,73,3006.14,1984.14,1.5
2026-01-24,prod-10,Dual Wireless Fast Charging Station,Audio & Electronics,ELEC-WCS-010,40.74,14.0,43.57,PowerHub Supply,0,0,5,1,1,0,94,3829.56,2513.56,1.5
2026-01-25,prod-10,Dual Wireless Fast Charging Station,Audio & Electronics,ELEC-WCS-010,39.45,14.0,40.91,PowerHub Supply,0,0,6,1,1,0,83,3274.35,2112.35,1.5
2026-01-26,prod-10,Dual Wireless Fast Charging Station,Audio & Electronics,ELEC-WCS-010,39.76,14.0,38.19,PowerHub Supply,0,0,0,1,0,0,92,3657.92,2369.92,1.5
2026-01-27,prod-10,Dual Wireless Fast Charging Station,Audio & Electronics,ELEC-WCS-010,42.07,14.0,43.66,PowerHub Supply,0,0,1,1,0,0,81,3407.67,2273.67,1.5
2026-01-28,prod-10,Dual Wireless Fast Charging Station,Audio & Electronics,ELEC-WCS-010,42.24,14.0,44.92,PowerHub Supply,0,1,2,1,0,0,76,3210.24,2146.24,1.5
2026-01-29,prod-10,Dual Wireless Fast Charging Station,Audio & Electronics,ELEC-WCS-010,40.28,14.0,39.23,PowerHub Supply,0,0,3,1,0,0,80,3222.4,2102.4,1.5
2026-01-30,prod-10,Dual Wireless Fast Charging Station,Audio & Electronics,ELEC-WCS-010,42.37,14.0,44.37,PowerHub Supply,0,0,4,1,0,0,77,3262.49,2184.49,1.5
2026-01-31,prod-10,Dual Wireless Fast Charging Station,Audio & Electronics,ELEC-WCS-010,37.75,14.0,40.02,PowerHub Supply,0,0,5,1,1,0,95,3586.25,2256.25,1.5
2026-02-01,prod-10,Dual Wireless Fast Charging Station,Audio & Electronics,ELEC-WCS-010,41.54,14.0,41.34,PowerHub Supply,0,0,6,2,1,0,77,3198.58,2120.58,1.5
2026-02-02,prod-10,Dual Wireless Fast Charging Station,Audio & Electronics,ELEC-WCS-010,39.03,14.0,41.98,PowerHub Supply,0,0,0,2,0,0,79,3083.37,1977.37,1.5
2026-02-03,prod-10,Dual Wireless Fast Charging Station,Audio & Electronics,ELEC-WCS-010,39.41,14.0,38.56,PowerHub Supply,0,0,1,2,0,0,81,3192.21,2058.21,1.5
2026-02-04,prod-10,Dual Wireless Fast Charging Station,Audio & Electronics,ELEC-WCS-010,37.95,14.0,38.85,PowerHub Supply,10,1,2,2,0,0,109,3722.9,2196.89,1.5
2026-02-05,prod-10,Dual Wireless Fast Charging Station,Audio & Electronics,ELEC-WCS-010,39.54,14.0,38.08,PowerHub Supply,0,0,3,2,0,0,76,3005.04,1941.04,1.5
2026-02-06,prod-10,Dual Wireless Fast Charging Station,Audio & Electronics,ELEC-WCS-010,38.04,14.0,37.15,PowerHub Supply,0,0,4,2,0,0,90,3423.6,2163.6,1.5
2026-02-07,prod-10,Dual Wireless Fast Charging Station,Audio & Electronics,ELEC-WCS-010,38.07,14.0,37.07,PowerHub Supply,0,0,5,2,1,0,104,3959.28,2503.28,1.5
2026-02-08,prod-10,Dual Wireless Fast Charging Station,Audio & Electronics,ELEC-WCS-010,39.12,14.0,38.14,PowerHub Supply,0,0,6,2,1,0,96,3755.52,2411.52,1.5
2026-02-09,prod-10,Dual Wireless Fast Charging Station,Audio & Electronics,ELEC-WCS-010,37.97,14.0,36.67,PowerHub Supply,0,0,0,2,0,0,93,3531.21,2229.21,1.5
2026-02-10,prod-10,Dual Wireless Fast Charging Station,Audio & Electronics,ELEC-WCS-010,41.21,14.0,44.08,PowerHub Supply,10,1,1,2,0,0,100,3708.9,2308.9,1.5
2026-02-11,prod-10,Dual Wireless Fast Charging Station,Audio & Electronics,ELEC-WCS-010,40.75,14.0,39.61,PowerHub Supply,0,0,2,2,0,0,87,3545.25,2327.25,1.5
2026-02-12,prod-10,Dual Wireless Fast Charging Station,Audio & Electronics,ELEC-WCS-010,39.09,14.0,41.64,PowerHub Supply,10,1,3,2,0,0,93,3271.83,1969.83,1.5
2026-02-13,prod-10,Dual Wireless Fast Charging Station,Audio & Electronics,ELEC-WCS-010,37.84,14.0,36.64,PowerHub Supply,0,0,4,2,0,0,90,3405.6,2145.6,1.5
2026-02-14,prod-10,Dual Wireless Fast Charging Station,Audio & Electronics,ELEC-WCS-010,38.1,14.0,38.76,PowerHub Supply,0,0,5,2,1,0,95,3619.5,2289.5,1.5
2026-02-15,prod-10,Dual Wireless Fast Charging Station,Audio & Electronics,ELEC-WCS-010,40.19,14.0,39.86,PowerHub Supply,0,0,6,2,1,0,92,3697.48,2409.48,1.5
2026-02-16,prod-10,Dual Wireless Fast Charging Station,Audio & Electronics,ELEC-WCS-010,41.4,14.0,40.15,PowerHub Supply,0,0,0,2,0,0,80,3312.0,2192.0,1.5
2026-02-17,prod-10,Dual Wireless Fast Charging Station,Audio & Electronics,ELEC-WCS-010,40.32,14.0,42.9,PowerHub Supply,0,0,1,2,0,0,71,2862.72,1868.72,1.5
2026-02-18,prod-10,Dual Wireless Fast Charging Station,Audio & Electronics,ELEC-WCS-010,38.64,14.0,40.38,PowerHub Supply,0,0,2,2,0,0,95,3670.8,2340.8,1.5
2026-02-19,prod-10,Dual Wireless Fast Charging Station,Audio & Electronics,ELEC-WCS-010,41.74,14.0,42.62,PowerHub Supply,0,0,3,2,0,0,67,2796.58,1858.58,1.5
2026-02-20,prod-10,Dual Wireless Fast Charging Station,Audio & Electronics,ELEC-WCS-010,40.1,14.0,39.81,PowerHub Supply,0,0,4,2,0,0,86,3448.6,2244.6,1.5
2026-02-21,prod-10,Dual Wireless Fast Charging Station,Audio & Electronics,ELEC-WCS-010,38.49,14.0,39.48,PowerHub Supply,5,1,5,2,1,0,107,3912.51,2414.51,1.5
2026-02-22,prod-10,Dual Wireless Fast Charging Station,Audio & Electronics,ELEC-WCS-010,39.45,14.0,41.78,PowerHub Supply,0,0,6,2,1,0,85,3353.25,2163.25,1.5
2026-02-23,prod-10,Dual Wireless Fast Charging Station,Audio & Electronics,ELEC-WCS-010,42.26,14.0,42.66,PowerHub Supply,0,0,0,2,0,0,71,3000.46,2006.46,1.5
2026-02-24,prod-10,Dual Wireless Fast Charging Station,Audio & Electronics,ELEC-WCS-010,40.55,14.0,43.26,PowerHub Supply,0,0,1,2,0,0,75,3041.25,1991.25,1.5
2026-02-25,prod-10,Dual Wireless Fast Charging Station,Audio & Electronics,ELEC-WCS-010,40.5,14.0,38.89,PowerHub Supply,5,1,2,2,0,0,91,3501.22,2227.22,1.5
2026-02-26,prod-10,Dual Wireless Fast Charging Station,Audio & Electronics,ELEC-WCS-010,40.91,14.0,42.1,PowerHub Supply,0,0,3,2,0,0,80,3272.8,2152.8,1.5
2026-02-27,prod-10,Dual Wireless Fast Charging Station,Audio & Electronics,ELEC-WCS-010,42.23,14.0,41.8,PowerHub Supply,0,0,4,2,0,0,70,2956.1,1976.1,1.5
2026-02-28,prod-10,Dual Wireless Fast Charging Station,Audio & Electronics,ELEC-WCS-010,38.79,14.0,37.46,PowerHub Supply,15,1,5,2,1,0,111,3659.84,2105.84,1.5
2026-03-01,prod-10,Dual Wireless Fast Charging Station,Audio & Electronics,ELEC-WCS-010,38.64,14.0,41.54,PowerHub Supply,0,0,6,3,1,0,99,3825.36,2439.36,1.5
2026-03-02,prod-10,Dual Wireless Fast Charging Station,Audio & Electronics,ELEC-WCS-010,41.03,14.0,43.48,PowerHub Supply,0,1,0,3,0,0,75,3077.25,2027.25,1.5
2026-03-03,prod-10,Dual Wireless Fast Charging Station,Audio & Electronics,ELEC-WCS-010,39.74,14.0,38.85,PowerHub Supply,0,0,1,3,0,0,74,2940.76,1904.76,1.5
2026-03-04,prod-10,Dual Wireless Fast Charging Station,Audio & Electronics,ELEC-WCS-010,39.36,14.0,42.4,PowerHub Supply,0,0,2,3,0,0,84,3306.24,2130.24,1.5
2026-03-05,prod-10,Dual Wireless Fast Charging Station,Audio & Electronics,ELEC-WCS-010,38.91,14.0,40.45,PowerHub Supply,0,0,3,3,0,0,77,2996.07,1918.07,1.5
2026-03-06,prod-10,Dual Wireless Fast Charging Station,Audio & Electronics,ELEC-WCS-010,39.46,14.0,38.77,PowerHub Supply,0,0,4,3,0,0,92,3630.32,2342.32,1.5
2026-03-07,prod-10,Dual Wireless Fast Charging Station,Audio & Electronics,ELEC-WCS-010,38.76,14.0,39.48,PowerHub Supply,0,0,5,3,1,0,85,3294.6,2104.6,1.5
2026-03-08,prod-10,Dual Wireless Fast Charging Station,Audio & Electronics,ELEC-WCS-010,37.61,14.0,38.2,PowerHub Supply,0,1,6,3,1,0,106,3986.66,2502.66,1.5
2026-03-09,prod-10,Dual Wireless Fast Charging Station,Audio & Electronics,ELEC-WCS-010,40.11,14.0,39.49,PowerHub Supply,10,1,0,3,0,0,87,3140.61,1922.61,1.5
2026-03-10,prod-10,Dual Wireless Fast Charging Station,Audio & Electronics,ELEC-WCS-010,38.93,14.0,39.36,PowerHub Supply,0,1,1,3,0,0,86,3347.98,2143.98,1.5
2026-03-11,prod-10,Dual Wireless Fast Charging Station,Audio & Electronics,ELEC-WCS-010,39.26,14.0,40.72,PowerHub Supply,0,0,2,3,0,0,87,3415.62,2197.62,1.5
2026-03-12,prod-10,Dual Wireless Fast Charging Station,Audio & Electronics,ELEC-WCS-010,38.91,14.0,39.58,PowerHub Supply,0,0,3,3,0,0,78,3034.98,1942.98,1.5
2026-03-13,prod-10,Dual Wireless Fast Charging Station,Audio & Electronics,ELEC-WCS-010,38.65,14.0,41.3,PowerHub Supply,5,1,4,3,0,0,96,3524.88,2180.88,1.5
2026-03-14,prod-10,Dual Wireless Fast Charging Station,Audio & Electronics,ELEC-WCS-010,39.44,14.0,42.53,PowerHub Supply,0,0,5,3,1,0,96,3786.24,2442.24,1.5
2026-03-15,prod-10,Dual Wireless Fast Charging Station,Audio & Electronics,ELEC-WCS-010,38.28,14.0,37.98,PowerHub Supply,0,0,6,3,1,0,91,3483.48,2209.48,1.5
2026-03-16,prod-10,Dual Wireless Fast Charging Station,Audio & Electronics,ELEC-WCS-010,38.06,14.0,40.47,PowerHub Supply,0,0,0,3,0,0,83,3158.98,1996.98,1.5
2026-03-17,prod-10,Dual Wireless Fast Charging Station,Audio & Electronics,ELEC-WCS-010,39.53,14.0,38.25,PowerHub Supply,0,0,1,3,0,0,75,2964.75,1914.75,1.5
2026-03-18,prod-10,Dual Wireless Fast Charging Station,Audio & Electronics,ELEC-WCS-010,41.9,14.0,41.49,PowerHub Supply,0,0,2,3,0,0,84,3519.6,2343.6,1.5
2026-03-19,prod-10,Dual Wireless Fast Charging Station,Audio & Electronics,ELEC-WCS-010,42.06,14.0,44.7,PowerHub Supply,0,0,3,3,0,0,83,3490.98,2328.98,1.5
2026-03-20,prod-10,Dual Wireless Fast Charging Station,Audio & Electronics,ELEC-WCS-010,42.01,14.0,43.49,PowerHub Supply,0,0,4,3,0,0,66,2772.66,1848.66,1.5
2026-03-21,prod-10,Dual Wireless Fast Charging Station,Audio & Electronics,ELEC-WCS-010,42.19,14.0,42.16,PowerHub Supply,0,0,5,3,1,0,85,3586.15,2396.15,1.5
2026-03-22,prod-10,Dual Wireless Fast Charging Station,Audio & Electronics,ELEC-WCS-010,40.32,14.0,38.71,PowerHub Supply,0,0,6,3,1,0,81,3265.92,2131.92,1.5
2026-03-23,prod-10,Dual Wireless Fast Charging Station,Audio & Electronics,ELEC-WCS-010,39.06,14.0,41.08,PowerHub Supply,0,0,0,3,0,0,90,3515.4,2255.4,1.5
2026-03-24,prod-10,Dual Wireless Fast Charging Station,Audio & Electronics,ELEC-WCS-010,40.4,14.0,41.83,PowerHub Supply,0,0,1,3,0,0,89,3595.6,2349.6,1.5
2026-03-25,prod-10,Dual Wireless Fast Charging Station,Audio & Electronics,ELEC-WCS-010,40.3,14.0,40.41,PowerHub Supply,0,0,2,3,0,0,83,3344.9,2182.9,1.5
2026-03-26,prod-10,Dual Wireless Fast Charging Station,Audio & Electronics,ELEC-WCS-010,41.86,14.0,41.82,PowerHub Supply,0,0,3,3,0,0,73,3055.78,2033.78,1.5
2026-03-27,prod-10,Dual Wireless Fast Charging Station,Audio & Electronics,ELEC-WCS-010,41.23,14.0,42.22,PowerHub Supply,0,0,4,3,0,0,76,3133.48,2069.48,1.5
2026-03-28,prod-10,Dual Wireless Fast Charging Station,Audio & Electronics,ELEC-WCS-010,40.29,14.0,42.01,PowerHub Supply,5,1,5,3,1,0,91,3483.07,2209.07,1.5
2026-03-29,prod-10,Dual Wireless Fast Charging Station,Audio & Electronics,ELEC-WCS-010,41.75,14.0,41.11,PowerHub Supply,0,0,6,3,1,0,95,3966.25,2636.25,1.5
2026-03-30,prod-10,Dual Wireless Fast Charging Station,Audio & Electronics,ELEC-WCS-010,37.94,14.0,39.52,PowerHub Supply,0,0,0,3,0,0,87,3300.78,2082.78,1.5
2026-03-31,prod-10,Dual Wireless Fast Charging Station,Audio & Electronics,ELEC-WCS-010,38.24,14.0,40.1,PowerHub Supply,0,0,1,3,0,0,78,2982.72,1890.72,1.5
2026-04-01,prod-10,Dual Wireless Fast Charging Station,Audio & Electronics,ELEC-WCS-010,38.82,14.0,41.54,PowerHub Supply,0,0,2,4,0,0,95,3687.9,2357.9,1.5
2026-04-02,prod-10,Dual Wireless Fast Charging Station,Audio & Electronics,ELEC-WCS-010,40.68,14.0,43.4,PowerHub Supply,0,0,3,4,0,0,71,2888.28,1894.28,1.5
2026-04-03,prod-10,Dual Wireless Fast Charging Station,Audio & Electronics,ELEC-WCS-010,42.02,14.0,43.42,PowerHub Supply,10,1,4,4,0,0,95,3592.71,2262.71,1.5
2026-04-04,prod-10,Dual Wireless Fast Charging Station,Audio & Electronics,ELEC-WCS-010,40.17,14.0,41.6,PowerHub Supply,0,0,5,4,1,0,80,3213.6,2093.6,1.5
2026-04-05,prod-10,Dual Wireless Fast Charging Station,Audio & Electronics,ELEC-WCS-010,40.9,14.0,41.92,PowerHub Supply,0,0,6,4,1,0,92,3762.8,2474.8,1.5
2026-04-06,prod-10,Dual Wireless Fast Charging Station,Audio & Electronics,ELEC-WCS-010,37.62,14.0,39.92,PowerHub Supply,0,0,0,4,0,0,83,3122.46,1960.46,1.5
2026-04-07,prod-10,Dual Wireless Fast Charging Station,Audio & Electronics,ELEC-WCS-010,39.57,14.0,39.56,PowerHub Supply,5,1,1,4,0,0,98,3683.97,2311.97,1.5
2026-04-08,prod-10,Dual Wireless Fast Charging Station,Audio & Electronics,ELEC-WCS-010,38.92,14.0,39.36,PowerHub Supply,0,0,2,4,0,0,82,3191.44,2043.44,1.5
2026-04-09,prod-10,Dual Wireless Fast Charging Station,Audio & Electronics,ELEC-WCS-010,39.76,14.0,41.49,PowerHub Supply,0,1,3,4,0,0,91,3618.16,2344.16,1.5
2026-04-10,prod-10,Dual Wireless Fast Charging Station,Audio & Electronics,ELEC-WCS-010,40.33,14.0,41.95,PowerHub Supply,0,0,4,4,0,0,86,3468.38,2264.38,1.5
2026-04-11,prod-10,Dual Wireless Fast Charging Station,Audio & Electronics,ELEC-WCS-010,38.71,14.0,37.37,PowerHub Supply,0,0,5,4,1,0,103,3987.13,2545.13,1.5
2026-04-12,prod-10,Dual Wireless Fast Charging Station,Audio & Electronics,ELEC-WCS-010,38.54,14.0,38.36,PowerHub Supply,15,1,6,4,1,0,115,3767.28,2157.28,1.5
2026-04-13,prod-10,Dual Wireless Fast Charging Station,Audio & Electronics,ELEC-WCS-010,38.24,14.0,37.25,PowerHub Supply,0,0,0,4,0,0,81,3097.44,1963.44,1.5
2026-04-14,prod-10,Dual Wireless Fast Charging Station,Audio & Electronics,ELEC-WCS-010,40.6,14.0,43.26,PowerHub Supply,0,0,1,4,0,0,83,3369.8,2207.8,1.5
2026-04-15,prod-10,Dual Wireless Fast Charging Station,Audio & Electronics,ELEC-WCS-010,38.33,14.0,37.09,PowerHub Supply,0,0,2,4,0,0,86,3296.38,2092.38,1.5
2026-04-16,prod-10,Dual Wireless Fast Charging Station,Audio & Electronics,ELEC-WCS-010,37.63,14.0,37.82,PowerHub Supply,0,0,3,4,0,0,93,3499.59,2197.59,1.5
2026-04-17,prod-10,Dual Wireless Fast Charging Station,Audio & Electronics,ELEC-WCS-010,41.88,14.0,40.75,PowerHub Supply,0,0,4,4,0,0,70,2931.6,1951.6,1.5
2026-04-18,prod-10,Dual Wireless Fast Charging Station,Audio & Electronics,ELEC-WCS-010,38.33,14.0,37.3,PowerHub Supply,0,0,5,4,1,0,104,3986.32,2530.32,1.5
2026-04-19,prod-10,Dual Wireless Fast Charging Station,Audio & Electronics,ELEC-WCS-010,38.87,14.0,39.74,PowerHub Supply,0,0,6,4,1,0,99,3848.13,2462.13,1.5
2026-04-20,prod-10,Dual Wireless Fast Charging Station,Audio & Electronics,ELEC-WCS-010,42.15,14.0,45.18,PowerHub Supply,0,0,0,4,0,0,83,3498.45,2336.45,1.5
2026-04-21,prod-10,Dual Wireless Fast Charging Station,Audio & Electronics,ELEC-WCS-010,42.31,14.0,45.12,PowerHub Supply,0,0,1,4,0,0,83,3511.73,2349.73,1.5
2026-04-22,prod-10,Dual Wireless Fast Charging Station,Audio & Electronics,ELEC-WCS-010,40.15,14.0,41.28,PowerHub Supply,0,0,2,4,0,0,79,3171.85,2065.85,1.5
2026-04-23,prod-10,Dual Wireless Fast Charging Station,Audio & Electronics,ELEC-WCS-010,40.52,14.0,42.76,PowerHub Supply,0,0,3,4,0,0,75,3039.0,1989.0,1.5
2026-04-24,prod-10,Dual Wireless Fast Charging Station,Audio & Electronics,ELEC-WCS-010,38.62,14.0,40.47,PowerHub Supply,0,0,4,4,0,0,76,2935.12,1871.12,1.5
2026-04-25,prod-10,Dual Wireless Fast Charging Station,Audio & Electronics,ELEC-WCS-010,39.54,14.0,39.74,PowerHub Supply,0,0,5,4,1,0,102,4033.08,2605.08,1.5
2026-04-26,prod-10,Dual Wireless Fast Charging Station,Audio & Electronics,ELEC-WCS-010,41.79,14.0,40.7,PowerHub Supply,0,0,6,4,1,0,93,3886.47,2584.47,1.5
2026-04-27,prod-10,Dual Wireless Fast Charging Station,Audio & Electronics,ELEC-WCS-010,38.69,14.0,40.39,PowerHub Supply,0,0,0,4,0,0,77,2979.13,1901.13,1.5
2026-04-28,prod-10,Dual Wireless Fast Charging Station,Audio & Electronics,ELEC-WCS-010,39.89,14.0,42.65,PowerHub Supply,0,0,1,4,0,0,86,3430.54,2226.54,1.5
2026-04-29,prod-10,Dual Wireless Fast Charging Station,Audio & Electronics,ELEC-WCS-010,38.24,14.0,39.09,PowerHub Supply,0,0,2,4,0,0,81,3097.44,1963.44,1.5
2026-04-30,prod-10,Dual Wireless Fast Charging Station,Audio & Electronics,ELEC-WCS-010,38.2,14.0,40.83,PowerHub Supply,0,0,3,4,0,0,89,3399.8,2153.8,1.5
2026-05-01,prod-10,Dual Wireless Fast Charging Station,Audio & Electronics,ELEC-WCS-010,41.83,14.0,41.37,PowerHub Supply,0,0,4,5,0,0,73,3053.59,2031.59,1.5
2026-05-02,prod-10,Dual Wireless Fast Charging Station,Audio & Electronics,ELEC-WCS-010,40.17,14.0,39.81,PowerHub Supply,0,0,5,5,1,0,82,3293.94,2145.94,1.5
2026-05-03,prod-10,Dual Wireless Fast Charging Station,Audio & Electronics,ELEC-WCS-010,38.45,14.0,38.89,PowerHub Supply,0,0,6,5,1,0,90,3460.5,2200.5,1.5
2026-05-04,prod-10,Dual Wireless Fast Charging Station,Audio & Electronics,ELEC-WCS-010,41.44,14.0,40.88,PowerHub Supply,0,0,0,5,0,0,77,3190.88,2112.88,1.5
2026-05-05,prod-10,Dual Wireless Fast Charging Station,Audio & Electronics,ELEC-WCS-010,40.59,14.0,39.31,PowerHub Supply,0,0,1,5,0,0,80,3247.2,2127.2,1.5
2026-05-06,prod-10,Dual Wireless Fast Charging Station,Audio & Electronics,ELEC-WCS-010,41.13,14.0,41.07,PowerHub Supply,0,0,2,5,0,0,74,3043.62,2007.62,1.5
2026-05-07,prod-10,Dual Wireless Fast Charging Station,Audio & Electronics,ELEC-WCS-010,41.66,14.0,40.14,PowerHub Supply,0,0,3,5,0,0,81,3374.46,2240.46,1.5
2026-05-08,prod-10,Dual Wireless Fast Charging Station,Audio & Electronics,ELEC-WCS-010,41.31,14.0,43.08,PowerHub Supply,0,0,4,5,0,0,81,3346.11,2212.11,1.5
2026-05-09,prod-10,Dual Wireless Fast Charging Station,Audio & Electronics,ELEC-WCS-010,37.99,14.0,37.22,PowerHub Supply,0,0,5,5,1,0,102,3874.98,2446.98,1.5
2026-05-10,prod-10,Dual Wireless Fast Charging Station,Audio & Electronics,ELEC-WCS-010,37.98,14.0,39.6,PowerHub Supply,0,0,6,5,1,0,106,4025.88,2541.88,1.5
2026-05-11,prod-10,Dual Wireless Fast Charging Station,Audio & Electronics,ELEC-WCS-010,39.7,14.0,42.37,PowerHub Supply,0,0,0,5,0,0,73,2898.1,1876.1,1.5
2026-05-12,prod-10,Dual Wireless Fast Charging Station,Audio & Electronics,ELEC-WCS-010,40.62,14.0,43.72,PowerHub Supply,5,1,1,5,0,0,96,3704.54,2360.54,1.5
2026-05-13,prod-10,Dual Wireless Fast Charging Station,Audio & Electronics,ELEC-WCS-010,39.09,14.0,40.68,PowerHub Supply,0,0,2,5,0,0,84,3283.56,2107.56,1.5
2026-05-14,prod-10,Dual Wireless Fast Charging Station,Audio & Electronics,ELEC-WCS-010,38.98,14.0,38.79,PowerHub Supply,0,0,3,5,0,0,85,3313.3,2123.3,1.5
2026-05-15,prod-10,Dual Wireless Fast Charging Station,Audio & Electronics,ELEC-WCS-010,38.3,14.0,39.84,PowerHub Supply,0,0,4,5,0,0,82,3140.6,1992.6,1.5
2026-05-16,prod-10,Dual Wireless Fast Charging Station,Audio & Electronics,ELEC-WCS-010,40.1,14.0,42.19,PowerHub Supply,0,0,5,5,1,0,98,3929.8,2557.8,1.5
2026-05-17,prod-10,Dual Wireless Fast Charging Station,Audio & Electronics,ELEC-WCS-010,38.98,14.0,40.33,PowerHub Supply,15,1,6,5,1,0,120,3975.96,2295.96,1.5
2026-05-18,prod-10,Dual Wireless Fast Charging Station,Audio & Electronics,ELEC-WCS-010,40.02,14.0,40.66,PowerHub Supply,0,1,0,5,0,0,71,2841.42,1847.42,1.5
2026-05-19,prod-10,Dual Wireless Fast Charging Station,Audio & Electronics,ELEC-WCS-010,38.84,14.0,38.43,PowerHub Supply,0,0,1,5,0,0,82,3184.88,2036.88,1.5
2026-05-20,prod-10,Dual Wireless Fast Charging Station,Audio & Electronics,ELEC-WCS-010,39.33,14.0,40.19,PowerHub Supply,0,0,2,5,0,0,81,3185.73,2051.73,1.5
2026-05-21,prod-10,Dual Wireless Fast Charging Station,Audio & Electronics,ELEC-WCS-010,40.29,14.0,39.82,PowerHub Supply,0,0,3,5,0,0,76,3062.04,1998.04,1.5
2026-05-22,prod-10,Dual Wireless Fast Charging Station,Audio & Electronics,ELEC-WCS-010,38.68,14.0,38.63,PowerHub Supply,0,0,4,5,0,0,83,3210.44,2048.44,1.5
2026-05-23,prod-10,Dual Wireless Fast Charging Station,Audio & Electronics,ELEC-WCS-010,41.53,14.0,43.78,PowerHub Supply,0,0,5,5,1,0,76,3156.28,2092.28,1.5
2026-05-24,prod-10,Dual Wireless Fast Charging Station,Audio & Electronics,ELEC-WCS-010,41.02,14.0,42.46,PowerHub Supply,5,1,6,5,1,0,89,3468.24,2222.24,1.5
2026-05-25,prod-10,Dual Wireless Fast Charging Station,Audio & Electronics,ELEC-WCS-010,40.48,14.0,41.84,PowerHub Supply,0,0,0,5,0,0,77,3116.96,2038.96,1.5
2026-05-26,prod-10,Dual Wireless Fast Charging Station,Audio & Electronics,ELEC-WCS-010,42.38,14.0,44.61,PowerHub Supply,0,0,1,5,0,0,82,3475.16,2327.16,1.5
2026-05-27,prod-10,Dual Wireless Fast Charging Station,Audio & Electronics,ELEC-WCS-010,41.7,14.0,42.66,PowerHub Supply,0,0,2,5,0,0,68,2835.6,1883.6,1.5
2026-05-28,prod-10,Dual Wireless Fast Charging Station,Audio & Electronics,ELEC-WCS-010,41.44,14.0,44.4,PowerHub Supply,0,0,3,5,0,0,72,2983.68,1975.68,1.5
2026-05-29,prod-10,Dual Wireless Fast Charging Station,Audio & Electronics,ELEC-WCS-010,40.13,14.0,42.81,PowerHub Supply,0,0,4,5,0,0,85,3411.05,2221.05,1.5
2026-05-30,prod-10,Dual Wireless Fast Charging Station,Audio & Electronics,ELEC-WCS-010,38.85,14.0,40.71,PowerHub Supply,0,0,5,5,1,0,98,3807.3,2435.3,1.5
2026-05-31,prod-10,Dual Wireless Fast Charging Station,Audio & Electronics,ELEC-WCS-010,40.22,14.0,40.9,PowerHub Supply,0,0,6,5,1,0,85,3418.7,2228.7,1.5
2026-06-01,prod-10,Dual Wireless Fast Charging Station,Audio & Electronics,ELEC-WCS-010,38.52,14.0,40.3,PowerHub Supply,0,0,0,6,0,0,89,3428.28,2182.28,1.5
2026-06-02,prod-10,Dual Wireless Fast Charging Station,Audio & Electronics,ELEC-WCS-010,39.51,14.0,39.08,PowerHub Supply,0,0,1,6,0,0,76,3002.76,1938.76,1.5
2026-06-03,prod-10,Dual Wireless Fast Charging Station,Audio & Electronics,ELEC-WCS-010,39.51,14.0,41.14,PowerHub Supply,0,0,2,6,0,0,83,3279.33,2117.33,1.5
2026-06-04,prod-10,Dual Wireless Fast Charging Station,Audio & Electronics,ELEC-WCS-010,40.69,14.0,42.32,PowerHub Supply,0,0,3,6,0,0,75,3051.75,2001.75,1.5
2026-06-05,prod-10,Dual Wireless Fast Charging Station,Audio & Electronics,ELEC-WCS-010,37.69,14.0,40.16,PowerHub Supply,0,0,4,6,0,0,81,3052.89,1918.89,1.5
2026-06-06,prod-10,Dual Wireless Fast Charging Station,Audio & Electronics,ELEC-WCS-010,41.06,14.0,43.58,PowerHub Supply,0,0,5,6,1,0,79,3243.74,2137.74,1.5
2026-06-07,prod-10,Dual Wireless Fast Charging Station,Audio & Electronics,ELEC-WCS-010,42.2,14.0,41.79,PowerHub Supply,0,0,6,6,1,0,75,3165.0,2115.0,1.5
2026-06-08,prod-10,Dual Wireless Fast Charging Station,Audio & Electronics,ELEC-WCS-010,39.46,14.0,42.36,PowerHub Supply,0,0,0,6,0,0,76,2998.96,1934.96,1.5
2026-06-09,prod-10,Dual Wireless Fast Charging Station,Audio & Electronics,ELEC-WCS-010,42.13,14.0,42.33,PowerHub Supply,0,0,1,6,0,0,82,3454.66,2306.66,1.5
2026-06-10,prod-10,Dual Wireless Fast Charging Station,Audio & Electronics,ELEC-WCS-010,38.49,14.0,40.59,PowerHub Supply,0,0,2,6,0,0,83,3194.67,2032.67,1.5
2026-06-11,prod-10,Dual Wireless Fast Charging Station,Audio & Electronics,ELEC-WCS-010,40.2,14.0,39.49,PowerHub Supply,0,0,3,6,0,0,88,3537.6,2305.6,1.5
2026-06-12,prod-10,Dual Wireless Fast Charging Station,Audio & Electronics,ELEC-WCS-010,41.09,14.0,42.74,PowerHub Supply,0,0,4,6,0,0,74,3040.66,2004.66,1.5
2026-06-13,prod-10,Dual Wireless Fast Charging Station,Audio & Electronics,ELEC-WCS-010,41.39,14.0,44.02,PowerHub Supply,0,0,5,6,1,0,96,3973.44,2629.44,1.5
2026-06-14,prod-10,Dual Wireless Fast Charging Station,Audio & Electronics,ELEC-WCS-010,40.14,14.0,42.95,PowerHub Supply,5,1,6,6,1,0,103,3927.7,2485.7,1.5
2026-06-15,prod-10,Dual Wireless Fast Charging Station,Audio & Electronics,ELEC-WCS-010,39.36,14.0,40.41,PowerHub Supply,0,0,0,6,0,0,77,3030.72,1952.72,1.5
2026-06-16,prod-10,Dual Wireless Fast Charging Station,Audio & Electronics,ELEC-WCS-010,42.3,14.0,42.29,PowerHub Supply,0,0,1,6,0,0,74,3130.2,2094.2,1.5
2026-06-17,prod-10,Dual Wireless Fast Charging Station,Audio & Electronics,ELEC-WCS-010,41.58,14.0,40.22,PowerHub Supply,0,0,2,6,0,0,68,2827.44,1875.44,1.5
2026-06-18,prod-10,Dual Wireless Fast Charging Station,Audio & Electronics,ELEC-WCS-010,40.89,14.0,39.54,PowerHub Supply,0,0,3,6,0,0,74,3025.86,1989.86,1.5
2026-06-19,prod-10,Dual Wireless Fast Charging Station,Audio & Electronics,ELEC-WCS-010,41.99,14.0,41.36,PowerHub Supply,0,0,4,6,0,0,73,3065.27,2043.27,1.5
2026-06-20,prod-10,Dual Wireless Fast Charging Station,Audio & Electronics,ELEC-WCS-010,41.57,14.0,41.19,PowerHub Supply,0,0,5,6,1,0,90,3741.3,2481.3,1.5
2026-06-21,prod-10,Dual Wireless Fast Charging Station,Audio & Electronics,ELEC-WCS-010,39.48,14.0,38.95,PowerHub Supply,0,0,6,6,1,0,84,3316.32,2140.32,1.5
2026-06-22,prod-10,Dual Wireless Fast Charging Station,Audio & Electronics,ELEC-WCS-010,38.04,14.0,39.26,PowerHub Supply,0,0,0,6,0,0,92,3499.68,2211.68,1.5
2026-06-23,prod-10,Dual Wireless Fast Charging Station,Audio & Electronics,ELEC-WCS-010,41.37,14.0,42.42,PowerHub Supply,0,0,1,6,0,0,72,2978.64,1970.64,1.5
2026-06-24,prod-10,Dual Wireless Fast Charging Station,Audio & Electronics,ELEC-WCS-010,40.44,14.0,41.88,PowerHub Supply,0,0,2,6,0,0,74,2992.56,1956.56,1.5
2026-06-25,prod-10,Dual Wireless Fast Charging Station,Audio & Electronics,ELEC-WCS-010,39.53,14.0,39.48,PowerHub Supply,0,0,3,6,0,0,90,3557.7,2297.7,1.5
2026-06-26,prod-10,Dual Wireless Fast Charging Station,Audio & Electronics,ELEC-WCS-010,41.69,14.0,43.64,PowerHub Supply,0,0,4,6,0,0,84,3501.96,2325.96,1.5
2026-06-27,prod-10,Dual Wireless Fast Charging Station,Audio & Electronics,ELEC-WCS-010,40.53,14.0,41.36,PowerHub Supply,0,0,5,6,1,0,85,3445.05,2255.05,1.5
2026-06-28,prod-10,Dual Wireless Fast Charging Station,Audio & Electronics,ELEC-WCS-010,39.46,14.0,40.07,PowerHub Supply,0,0,6,6,1,0,91,3590.86,2316.86,1.5
2026-06-29,prod-10,Dual Wireless Fast Charging Station,Audio & Electronics,ELEC-WCS-010,40.24,14.0,42.8,PowerHub Supply,0,0,0,6,0,0,71,2857.04,1863.04,1.5
2026-06-30,prod-10,Dual Wireless Fast Charging Station,Audio & Electronics,ELEC-WCS-010,38.48,14.0,40.73,PowerHub Supply,0,0,1,6,0,0,76,2924.48,1860.48,1.5
2026-07-01,prod-10,Dual Wireless Fast Charging Station,Audio & Electronics,ELEC-WCS-010,38.1,14.0,40.14,PowerHub Supply,5,1,2,7,0,0,102,3691.89,2263.89,1.5
2026-07-02,prod-10,Dual Wireless Fast Charging Station,Audio & Electronics,ELEC-WCS-010,40.1,14.0,38.56,PowerHub Supply,0,0,3,7,0,0,78,3127.8,2035.8,1.5
2026-07-03,prod-10,Dual Wireless Fast Charging Station,Audio & Electronics,ELEC-WCS-010,40.65,14.0,41.45,PowerHub Supply,0,0,4,7,0,0,85,3455.25,2265.25,1.5
2026-07-04,prod-10,Dual Wireless Fast Charging Station,Audio & Electronics,ELEC-WCS-010,40.45,14.0,43.49,PowerHub Supply,0,0,5,7,1,0,98,3964.1,2592.1,1.5
2026-07-05,prod-10,Dual Wireless Fast Charging Station,Audio & Electronics,ELEC-WCS-010,41.82,14.0,43.56,PowerHub Supply,0,0,6,7,1,0,87,3638.34,2420.34,1.5
2026-07-06,prod-10,Dual Wireless Fast Charging Station,Audio & Electronics,ELEC-WCS-010,39.25,14.0,41.85,PowerHub Supply,0,1,0,7,0,0,90,3532.5,2272.5,1.5
2026-07-07,prod-10,Dual Wireless Fast Charging Station,Audio & Electronics,ELEC-WCS-010,41.77,14.0,43.3,PowerHub Supply,0,0,1,7,0,0,69,2882.13,1916.13,1.5
2026-07-08,prod-10,Dual Wireless Fast Charging Station,Audio & Electronics,ELEC-WCS-010,38.99,14.0,38.51,PowerHub Supply,0,0,2,7,0,0,81,3158.19,2024.19,1.5
2026-07-09,prod-10,Dual Wireless Fast Charging Station,Audio & Electronics,ELEC-WCS-010,37.72,14.0,36.84,PowerHub Supply,0,0,3,7,0,0,82,3093.04,1945.04,1.5
2026-07-10,prod-10,Dual Wireless Fast Charging Station,Audio & Electronics,ELEC-WCS-010,41.5,14.0,40.63,PowerHub Supply,0,0,4,7,0,0,79,3278.5,2172.5,1.5
2026-07-11,prod-10,Dual Wireless Fast Charging Station,Audio & Electronics,ELEC-WCS-010,38.3,14.0,37.87,PowerHub Supply,0,0,5,7,1,0,93,3561.9,2259.9,1.5
2026-07-12,prod-10,Dual Wireless Fast Charging Station,Audio & Electronics,ELEC-WCS-010,37.96,14.0,37.6,PowerHub Supply,10,1,6,7,1,0,105,3587.22,2117.22,1.5
2026-07-13,prod-10,Dual Wireless Fast Charging Station,Audio & Electronics,ELEC-WCS-010,40.16,14.0,43.09,PowerHub Supply,10,1,0,7,0,0,98,3542.11,2170.11,1.5
2026-07-14,prod-10,Dual Wireless Fast Charging Station,Audio & Electronics,ELEC-WCS-010,41.32,14.0,41.34,PowerHub Supply,0,0,1,7,0,0,75,3099.0,2049.0,1.5
2026-07-15,prod-10,Dual Wireless Fast Charging Station,Audio & Electronics,ELEC-WCS-010,39.68,14.0,41.86,PowerHub Supply,0,1,2,7,0,0,75,2976.0,1926.0,1.5
2026-07-16,prod-10,Dual Wireless Fast Charging Station,Audio & Electronics,ELEC-WCS-010,38.21,14.0,40.26,PowerHub Supply,0,1,3,7,0,0,96,3668.16,2324.16,1.5
2026-07-17,prod-10,Dual Wireless Fast Charging Station,Audio & Electronics,ELEC-WCS-010,41.79,14.0,40.4,PowerHub Supply,0,0,4,7,0,0,73,3050.67,2028.67,1.5
2026-07-18,prod-10,Dual Wireless Fast Charging Station,Audio & Electronics,ELEC-WCS-010,39.5,14.0,40.8,PowerHub Supply,0,0,5,7,1,0,99,3910.5,2524.5,1.5
2026-07-19,prod-10,Dual Wireless Fast Charging Station,Audio & Electronics,ELEC-WCS-010,39.44,14.0,41.1,PowerHub Supply,5,1,6,7,1,0,91,3409.59,2135.59,1.5
2026-07-20,prod-10,Dual Wireless Fast Charging Station,Audio & Electronics,ELEC-WCS-010,38.43,14.0,37.9,PowerHub Supply,0,0,0,7,0,0,83,3189.69,2027.69,1.5
2026-07-21,prod-10,Dual Wireless Fast Charging Station,Audio & Electronics,ELEC-WCS-010,41.51,14.0,42.39,PowerHub Supply,0,0,1,7,0,0,78,3237.78,2145.78,1.5
2026-07-22,prod-10,Dual Wireless Fast Charging Station,Audio & Electronics,ELEC-WCS-010,39.92,14.0,42.38,PowerHub Supply,0,0,2,7,0,0,83,3313.36,2151.36,1.5
2026-07-23,prod-10,Dual Wireless Fast Charging Station,Audio & Electronics,ELEC-WCS-010,41.92,14.0,43.37,PowerHub Supply,0,0,3,7,0,0,82,3437.44,2289.44,1.5
2026-07-24,prod-10,Dual Wireless Fast Charging Station,Audio & Electronics,ELEC-WCS-010,38.98,14.0,41.93,PowerHub Supply,10,1,4,7,0,0,108,3788.86,2276.86,1.5
2026-07-25,prod-10,Dual Wireless Fast Charging Station,Audio & Electronics,ELEC-WCS-010,37.61,14.0,38.49,PowerHub Supply,0,0,5,7,1,0,92,3460.12,2172.12,1.5
2026-07-26,prod-10,Dual Wireless Fast Charging Station,Audio & Electronics,ELEC-WCS-010,39.02,14.0,39.69,PowerHub Supply,0,0,6,7,1,0,96,3745.92,2401.92,1.5
2026-07-27,prod-10,Dual Wireless Fast Charging Station,Audio & Electronics,ELEC-WCS-010,41.88,14.0,40.89,PowerHub Supply,5,1,0,7,0,0,85,3381.81,2191.81,1.5
2026-07-28,prod-10,Dual Wireless Fast Charging Station,Audio & Electronics,ELEC-WCS-010,40.54,14.0,39.52,PowerHub Supply,10,1,1,7,0,0,92,3356.71,2068.71,1.5
2026-07-29,prod-10,Dual Wireless Fast Charging Station,Audio & Electronics,ELEC-WCS-010,40.92,14.0,42.26,PowerHub Supply,10,1,2,7,0,0,103,3793.28,2351.28,1.5
2026-07-30,prod-10,Dual Wireless Fast Charging Station,Audio & Electronics,ELEC-WCS-010,40.38,14.0,39.08,PowerHub Supply,0,0,3,7,0,0,81,3270.78,2136.78,1.5
2026-07-31,prod-10,Dual Wireless Fast Charging Station,Audio & Electronics,ELEC-WCS-010,42.08,14.0,44.01,PowerHub Supply,0,0,4,7,0,0,71,2987.68,1993.68,1.5
2026-08-01,prod-10,Dual Wireless Fast Charging Station,Audio & Electronics,ELEC-WCS-010,41.46,14.0,41.81,PowerHub Supply,0,0,5,8,1,0,88,3648.48,2416.48,1.5
2026-08-02,prod-10,Dual Wireless Fast Charging Station,Audio & Electronics,ELEC-WCS-010,42.11,14.0,42.55,PowerHub Supply,0,0,6,8,1,0,90,3789.9,2529.9,1.5
2026-08-03,prod-10,Dual Wireless Fast Charging Station,Audio & Electronics,ELEC-WCS-010,41.76,14.0,43.38,PowerHub Supply,0,0,0,8,0,0,79,3299.04,2193.04,1.5
2026-08-04,prod-10,Dual Wireless Fast Charging Station,Audio & Electronics,ELEC-WCS-010,41.24,14.0,43.28,PowerHub Supply,0,0,1,8,0,0,82,3381.68,2233.68,1.5
2026-08-05,prod-10,Dual Wireless Fast Charging Station,Audio & Electronics,ELEC-WCS-010,41.69,14.0,40.47,PowerHub Supply,0,0,2,8,0,0,70,2918.3,1938.3,1.5
2026-08-06,prod-10,Dual Wireless Fast Charging Station,Audio & Electronics,ELEC-WCS-010,41.35,14.0,42.57,PowerHub Supply,0,0,3,8,0,0,78,3225.3,2133.3,1.5
2026-08-07,prod-10,Dual Wireless Fast Charging Station,Audio & Electronics,ELEC-WCS-010,38.3,14.0,39.37,PowerHub Supply,0,0,4,8,0,0,92,3523.6,2235.6,1.5
2026-08-08,prod-10,Dual Wireless Fast Charging Station,Audio & Electronics,ELEC-WCS-010,41.85,14.0,43.04,PowerHub Supply,0,0,5,8,1,0,92,3850.2,2562.2,1.5
2026-08-09,prod-10,Dual Wireless Fast Charging Station,Audio & Electronics,ELEC-WCS-010,42.17,14.0,44.99,PowerHub Supply,5,1,6,8,1,0,86,3445.29,2241.29,1.5
2026-08-10,prod-10,Dual Wireless Fast Charging Station,Audio & Electronics,ELEC-WCS-010,38.27,14.0,41.19,PowerHub Supply,0,0,0,8,0,0,88,3367.76,2135.76,1.5
2026-08-11,prod-10,Dual Wireless Fast Charging Station,Audio & Electronics,ELEC-WCS-010,42.09,14.0,42.47,PowerHub Supply,0,0,1,8,0,0,84,3535.56,2359.56,1.5
2026-08-12,prod-10,Dual Wireless Fast Charging Station,Audio & Electronics,ELEC-WCS-010,39.86,14.0,40.17,PowerHub Supply,15,1,2,8,0,0,116,3930.2,2306.2,1.5
2026-08-13,prod-10,Dual Wireless Fast Charging Station,Audio & Electronics,ELEC-WCS-010,37.74,14.0,38.23,PowerHub Supply,0,0,3,8,0,0,85,3207.9,2017.9,1.5
2026-08-14,prod-10,Dual Wireless Fast Charging Station,Audio & Electronics,ELEC-WCS-010,42.12,14.0,44.1,PowerHub Supply,0,0,4,8,0,0,70,2948.4,1968.4,1.5
2026-08-15,prod-10,Dual Wireless Fast Charging Station,Audio & Electronics,ELEC-WCS-010,40.81,14.0,42.13,PowerHub Supply,0,0,5,8,1,0,83,3387.23,2225.23,1.5
2026-08-16,prod-10,Dual Wireless Fast Charging Station,Audio & Electronics,ELEC-WCS-010,42.15,14.0,41.16,PowerHub Supply,0,0,6,8,1,0,89,3751.35,2505.35,1.5
2026-08-17,prod-10,Dual Wireless Fast Charging Station,Audio & Electronics,ELEC-WCS-010,41.6,14.0,44.83,PowerHub Supply,0,0,0,8,0,0,84,3494.4,2318.4,1.5
